latitude,longitude,bright_ti4,scan,track,acq_date,acq_time,satellite,confidence,version,bright_ti5,frp,daynight
23.61889,99.87785,337.16,0.39,0.36,2026-08-21,0637,N20,nominal,2.0NRT,300.02,3.72,D
24.81156,98.3012,329.41,0.39,0.36,2026-08-21,0637,N20,low,2.0NRT,301.05,5.57,D
25.01967,98.39108,330.04,0.39,0.36,2026-08-21,0637,N20,low,2.0NRT,301.59,3.28,D
25.34361,98.48202,331.29,0.39,0.36,2026-08-21,0637,N20,low,2.0NRT,305.69,8.15,D
36.75008,101.57579,331.58,0.57,0.43,2026-08-21,0640,N20,nominal,2.0NRT,299.54,4.28,D
36.8406,101.74941,339.21,0.39,0.44,2026-08-21,0640,N20,nominal,2.0NRT,296.48,4.22,D
36.8446,101.74877,346.42,0.39,0.44,2026-08-21,0640,N20,nominal,2.0NRT,298.42,4.22,D
36.91625,101.72017,332.03,0.39,0.44,2026-08-21,0640,N20,nominal,2.0NRT,300.66,2.48,D
12.30581,99.96469,326.91,0.42,0.37,2026-08-21,0633,N20,nominal,2.0NRT,286.75,2.54,D
6.66432,80.97282,334.54,0.46,0.39,2026-08-21,0813,N20,nominal,2.0NRT,277.34,4.8,D
6.76112,81.5901,333.19,0.49,0.4,2026-08-21,0813,N20,nominal,2.0NRT,279.27,3.85,D
6.85206,81.71836,349.13,0.5,0.41,2026-08-21,0813,N20,nominal,2.0NRT,282.72,12.64,D
6.82281,81.49589,338.35,0.49,0.4,2026-08-21,0813,N20,nominal,2.0NRT,277.31,5.94,D
6.85354,81.71932,336.63,0.5,0.41,2026-08-21,0813,N20,nominal,2.0NRT,284.7,8.8,D
6.82194,81.49696,341,0.49,0.4,2026-08-21,0813,N20,nominal,2.0NRT,277.34,7.23,D
6.90773,81.61995,332.37,0.49,0.41,2026-08-21,0813,N20,nominal,2.0NRT,287.95,3.41,D
7.37558,81.1916,338.32,0.48,0.4,2026-08-21,0813,N20,nominal,2.0NRT,302.7,5.78,D
7.37495,81.18729,336.8,0.47,0.4,2026-08-21,0813,N20,nominal,2.0NRT,303.37,5.78,D
7.40406,81.28443,340.17,0.48,0.4,2026-08-21,0813,N20,nominal,2.0NRT,301.3,10.23,D
7.38919,81.10665,336.28,0.47,0.4,2026-08-21,0813,N20,nominal,2.0NRT,301.88,3.31,D
7.39221,81.10189,346.18,0.47,0.4,2026-08-21,0813,N20,nominal,2.0NRT,302.15,7,D
7.3916,81.09778,353.09,0.47,0.4,2026-08-21,0813,N20,nominal,2.0NRT,303.44,7,D
7.40781,81.18256,337.23,0.47,0.4,2026-08-21,0813,N20,nominal,2.0NRT,303.96,5.64,D
7.39523,81.09719,353.48,0.47,0.4,2026-08-21,0813,N20,nominal,2.0NRT,302.94,10.58,D
7.50956,81.69228,341.35,0.51,0.41,2026-08-21,0813,N20,nominal,2.0NRT,300.92,8.53,D
7.51023,81.6927,345.53,0.51,0.41,2026-08-21,0813,N20,nominal,2.0NRT,300.85,8.8,D
7.51204,81.6784,336.88,0.51,0.41,2026-08-21,0813,N20,nominal,2.0NRT,299.44,2.09,D
7.44756,81.2253,339.04,0.48,0.4,2026-08-21,0813,N20,nominal,2.0NRT,301.24,5.6,D
7.45122,81.22476,342.46,0.48,0.4,2026-08-21,0813,N20,nominal,2.0NRT,303.85,5.6,D
7.45488,81.22421,336.75,0.48,0.4,2026-08-21,0813,N20,nominal,2.0NRT,301.84,3.92,D
7.51666,81.23746,345.6,0.48,0.4,2026-08-21,0813,N20,nominal,2.0NRT,302.56,7.23,D
7.72017,81.25028,339.08,0.48,0.4,2026-08-21,0813,N20,nominal,2.0NRT,302.26,13.47,D
7.74478,81.36761,332.56,0.49,0.4,2026-08-21,0813,N20,nominal,2.0NRT,298.64,4.24,D
7.808,81.36939,339.17,0.49,0.4,2026-08-21,0813,N20,nominal,2.0NRT,303.54,5.13,D
7.77666,81.15051,333.62,0.48,0.4,2026-08-21,0813,N20,nominal,2.0NRT,297.17,4.91,D
7.81234,81.37331,339.74,0.49,0.4,2026-08-21,0813,N20,nominal,2.0NRT,305,5.13,D
7.8117,81.36887,346.26,0.49,0.4,2026-08-21,0813,N20,nominal,2.0NRT,304.66,5.13,D
7.87032,81.43333,338.56,0.5,0.41,2026-08-21,0813,N20,nominal,2.0NRT,304,3.94,D
7.89662,81.28555,339.3,0.49,0.4,2026-08-21,0813,N20,nominal,2.0NRT,304.08,3.46,D
7.90851,81.15897,331.23,0.48,0.4,2026-08-21,0813,N20,low,2.0NRT,303.54,3.92,D
7.77222,80.17418,335.54,0.43,0.38,2026-08-21,0813,N20,nominal,2.0NRT,298.47,3.55,D
7.85308,80.70116,335.43,0.46,0.39,2026-08-21,0813,N20,nominal,2.0NRT,303.33,5.01,D
7.86598,80.56587,330.58,0.45,0.39,2026-08-21,0813,N20,nominal,2.0NRT,298.74,1.63,D
7.87315,80.58971,334.51,0.45,0.39,2026-08-21,0813,N20,nominal,2.0NRT,298.1,2.8,D
7.99478,81.2407,336.01,0.49,0.4,2026-08-21,0813,N20,nominal,2.0NRT,303.04,3.7,D
7.89445,80.31647,335.72,0.44,0.38,2026-08-21,0813,N20,nominal,2.0NRT,299.44,2.84,D
7.88406,80.24549,334.42,0.44,0.38,2026-08-21,0813,N20,nominal,2.0NRT,300.23,3.73,D
8.11284,81.10007,340.12,0.48,0.4,2026-08-21,0813,N20,nominal,2.0NRT,303.77,9.21,D
8.12287,80.5965,332.75,0.45,0.39,2026-08-21,0813,N20,low,2.0NRT,303.51,3.28,D
8.07865,80.09361,332.01,0.43,0.38,2026-08-21,0813,N20,nominal,2.0NRT,298.36,2.81,D
8.07808,80.08973,333.37,0.43,0.38,2026-08-21,0813,N20,nominal,2.0NRT,298.62,2.81,D
8.10055,80.19431,335.12,0.44,0.38,2026-08-21,0813,N20,nominal,2.0NRT,299.73,4.94,D
8.20705,80.67249,340.17,0.46,0.39,2026-08-21,0813,N20,nominal,2.0NRT,302.85,3.61,D
8.39517,80.8047,349.18,0.47,0.39,2026-08-21,0813,N20,nominal,2.0NRT,285.45,10.23,D
8.3988,80.80419,342.51,0.47,0.39,2026-08-21,0813,N20,nominal,2.0NRT,287.18,11.72,D
8.45238,80.7664,334.76,0.46,0.39,2026-08-21,0813,N20,nominal,2.0NRT,287.85,4.72,D
8.456,80.76593,340.69,0.46,0.39,2026-08-21,0813,N20,nominal,2.0NRT,288.39,4.72,D
8.44989,80.76654,333.99,0.47,0.39,2026-08-21,0813,N20,nominal,2.0NRT,287.14,3.74,D
8.4493,80.76242,332.47,0.47,0.39,2026-08-21,0813,N20,nominal,2.0NRT,289.31,3.74,D
8.45714,80.76562,339.86,0.47,0.39,2026-08-21,0813,N20,nominal,2.0NRT,287.1,3.68,D
8.49457,80.82062,335.05,0.47,0.4,2026-08-21,0813,N20,nominal,2.0NRT,285.52,4.16,D
8.48849,80.77829,334.68,0.47,0.39,2026-08-21,0813,N20,nominal,2.0NRT,286.88,3.8,D
8.43262,80.34088,335.35,0.44,0.39,2026-08-21,0813,N20,nominal,2.0NRT,290.82,3.93,D
8.50357,80.40482,330.2,0.45,0.39,2026-08-21,0813,N20,nominal,2.0NRT,292.69,3.2,D
8.55702,80.71672,335.24,0.46,0.39,2026-08-21,0813,N20,nominal,2.0NRT,287.79,5.02,D
8.55501,80.71803,340.63,0.46,0.39,2026-08-21,0813,N20,nominal,2.0NRT,287.72,6.75,D
8.58448,80.66669,334.56,0.46,0.39,2026-08-21,0813,N20,nominal,2.0NRT,285.43,3.07,D
8.5601,80.39727,331.08,0.45,0.39,2026-08-21,0813,N20,nominal,2.0NRT,292.56,3.27,D
8.63498,80.88863,331.47,0.47,0.4,2026-08-21,0813,N20,nominal,2.0NRT,289.23,3.77,D
8.63436,80.88433,331.48,0.47,0.4,2026-08-21,0813,N20,nominal,2.0NRT,289.09,3.77,D
8.64849,80.93053,335.51,0.48,0.4,2026-08-21,0813,N20,nominal,2.0NRT,290.99,4.5,D
8.64583,80.86079,330.48,0.47,0.4,2026-08-21,0813,N20,nominal,2.0NRT,290.57,3.13,D
8.57728,80.39062,334.26,0.45,0.39,2026-08-21,0813,N20,nominal,2.0NRT,295.69,2.58,D
8.5921,80.41743,335.39,0.45,0.39,2026-08-21,0813,N20,nominal,2.0NRT,294.75,5.47,D
8.62151,80.56802,333.46,0.46,0.39,2026-08-21,0813,N20,nominal,2.0NRT,293.22,5.67,D
8.67372,80.8481,336.86,0.47,0.4,2026-08-21,0813,N20,nominal,2.0NRT,287.46,5.05,D
8.65934,80.75034,336.51,0.47,0.39,2026-08-21,0813,N20,nominal,2.0NRT,291.89,8.34,D
8.63388,80.50316,341.24,0.45,0.39,2026-08-21,0813,N20,nominal,2.0NRT,296.99,9.4,D
8.6327,80.50378,340.13,0.45,0.39,2026-08-21,0813,N20,nominal,2.0NRT,296.07,10.29,D
8.62816,80.42091,336.43,0.45,0.39,2026-08-21,0813,N20,nominal,2.0NRT,296.27,3.55,D
8.69668,80.87614,336.78,0.47,0.4,2026-08-21,0813,N20,nominal,2.0NRT,292.17,12.49,D
8.64303,80.39797,345.49,0.45,0.39,2026-08-21,0813,N20,nominal,2.0NRT,296.92,6.64,D
8.65015,80.39697,349.14,0.45,0.39,2026-08-21,0813,N20,nominal,2.0NRT,298.64,14.24,D
8.73579,80.70982,334.74,0.47,0.39,2026-08-21,0813,N20,nominal,2.0NRT,291.67,3.67,D
8.77769,80.89527,336.49,0.48,0.4,2026-08-21,0813,N20,nominal,2.0NRT,290.91,5.52,D
8.81707,80.9616,330.46,0.48,0.4,2026-08-21,0813,N20,nominal,2.0NRT,296.26,2.87,D
8.84226,81.00699,336.37,0.48,0.4,2026-08-21,0813,N20,nominal,2.0NRT,298.74,5.59,D
8.82792,80.85413,346.27,0.47,0.4,2026-08-21,0813,N20,nominal,2.0NRT,297.93,34.32,D
8.7748,80.40866,338.21,0.45,0.39,2026-08-21,0813,N20,nominal,2.0NRT,291.53,4.07,D
8.84024,80.43268,335.06,0.45,0.39,2026-08-21,0813,N20,nominal,2.0NRT,290.78,2.76,D
8.83919,80.43325,336.79,0.45,0.39,2026-08-21,0813,N20,nominal,2.0NRT,291.22,4.39,D
8.81027,80.05561,338.75,0.44,0.38,2026-08-21,0813,N20,nominal,2.0NRT,288.84,3.93,D
8.6787,78.06282,340.22,0.39,0.36,2026-08-21,0813,N20,nominal,2.0NRT,305,2.79,D
9.24991,80.27066,335.37,0.45,0.39,2026-08-21,0813,N20,nominal,2.0NRT,295.21,6.57,D
9.24923,80.27115,337.79,0.45,0.39,2026-08-21,0813,N20,nominal,2.0NRT,295.55,6.26,D
9.3411,78.81241,343.64,0.4,0.37,2026-08-21,0813,N20,nominal,2.0NRT,307.32,6.08,D
9.34447,78.8119,345.55,0.4,0.37,2026-08-21,0813,N20,nominal,2.0NRT,309.19,6.08,D
9.36586,78.66449,340.59,0.4,0.37,2026-08-21,0813,N20,nominal,2.0NRT,308.73,6.32,D
9.36532,78.66089,339.1,0.4,0.37,2026-08-21,0813,N20,nominal,2.0NRT,308.58,6.32,D
9.39964,78.7998,334.22,0.4,0.37,2026-08-21,0813,N20,low,2.0NRT,305.01,1.97,D
9.63787,80.28299,334.96,0.45,0.39,2026-08-21,0813,N20,nominal,2.0NRT,297.98,4.24,D
9.56629,78.77435,335.88,0.4,0.37,2026-08-21,0813,N20,nominal,2.0NRT,299,5.18,D
9.78254,80.18781,330.27,0.45,0.39,2026-08-21,0813,N20,nominal,2.0NRT,294.88,3.21,D
9.46111,77.93867,345.08,0.39,0.36,2026-08-21,0813,N20,nominal,2.0NRT,304.15,3.24,D
9.46058,77.93517,338.91,0.39,0.36,2026-08-21,0813,N20,nominal,2.0NRT,302.82,3.24,D
9.55428,78.28836,348.21,0.39,0.36,2026-08-21,0813,N20,nominal,2.0NRT,310.48,8.67,D
9.57572,78.31776,338.87,0.39,0.36,2026-08-21,0813,N20,nominal,2.0NRT,307.25,5.01,D
9.57466,78.31066,340.16,0.39,0.36,2026-08-21,0813,N20,nominal,2.0NRT,307.06,4.64,D
9.57799,78.31016,340.05,0.39,0.36,2026-08-21,0813,N20,nominal,2.0NRT,306.7,4.79,D
9.6873,78.11195,334.47,0.39,0.36,2026-08-21,0813,N20,low,2.0NRT,306.88,1.97,D
9.63681,77.75274,340.17,0.39,0.36,2026-08-21,0813,N20,low,2.0NRT,311.74,7.12,D
9.83491,78.12406,330.57,0.39,0.36,2026-08-21,0813,N20,low,2.0NRT,300.74,2.45,D
9.91944,78.34734,343.05,0.39,0.36,2026-08-21,0813,N20,nominal,2.0NRT,303.09,3.79,D
9.91726,77.88062,340.62,0.39,0.36,2026-08-21,0816,N20,nominal,2.0NRT,308.69,4.56,D
9.94108,77.94887,338.99,0.39,0.36,2026-08-21,0816,N20,nominal,2.0NRT,303.92,3.52,D
10.00594,78.04284,331.05,0.39,0.36,2026-08-21,0816,N20,nominal,2.0NRT,295.84,1,D
9.91187,77.39479,333.92,0.38,0.36,2026-08-21,0816,N20,nominal,2.0NRT,302.13,1.93,D
10.04691,77.9536,333.39,0.39,0.36,2026-08-21,0816,N20,low,2.0NRT,303.77,6.6,D
10.05023,77.95309,347.01,0.39,0.36,2026-08-21,0816,N20,nominal,2.0NRT,303.4,6.6,D
10.0497,77.94958,347.7,0.39,0.36,2026-08-21,0816,N20,nominal,2.0NRT,305.64,6.6,D
10.40833,77.98684,340.67,0.39,0.36,2026-08-21,0816,N20,nominal,2.0NRT,298.48,3.38,D
10.42592,77.87876,341.73,0.39,0.36,2026-08-21,0816,N20,nominal,2.0NRT,308.81,7.37,D
10.40083,77.59858,336.57,0.39,0.36,2026-08-21,0816,N20,nominal,2.0NRT,306.1,2.3,D
10.84437,78.89214,337.08,0.41,0.37,2026-08-21,0816,N20,nominal,2.0NRT,303.04,1.88,D
10.82362,78.51756,333.02,0.4,0.37,2026-08-21,0816,N20,low,2.0NRT,305.17,2.64,D
10.86226,78.60471,335.58,0.4,0.37,2026-08-21,0816,N20,low,2.0NRT,306.96,5.59,D
10.90676,78.79072,337.1,0.41,0.37,2026-08-21,0816,N20,low,2.0NRT,308.57,3.79,D
10.8966,78.69748,336.22,0.41,0.37,2026-08-21,0816,N20,low,2.0NRT,306.77,3.04,D
10.8357,78.05394,340.99,0.39,0.36,2026-08-21,0816,N20,low,2.0NRT,311.62,4.7,D
10.8054,77.76113,340.48,0.39,0.36,2026-08-21,0816,N20,nominal,2.0NRT,309.96,4.65,D
11.10589,78.88667,338.26,0.41,0.37,2026-08-21,0816,N20,nominal,2.0NRT,303.68,1.82,D
11.10533,78.88292,337.62,0.41,0.37,2026-08-21,0816,N20,nominal,2.0NRT,304.54,1.82,D
11.10569,78.88302,340.59,0.41,0.37,2026-08-21,0816,N20,nominal,2.0NRT,304.33,3.81,D
11.1194,78.69011,339.67,0.41,0.37,2026-08-21,0816,N20,nominal,2.0NRT,309.33,7.32,D
11.04524,77.91196,345.73,0.39,0.36,2026-08-21,0816,N20,nominal,2.0NRT,302.89,4.75,D
11.21367,77.60988,338.37,0.39,0.36,2026-08-21,0816,N20,low,2.0NRT,308.71,4.34,D
11.25254,77.55219,338.94,0.39,0.36,2026-08-21,0816,N20,nominal,2.0NRT,306.19,4.97,D
11.17897,76.86507,331.84,0.38,0.36,2026-08-21,0816,N20,low,2.0NRT,302.16,3.47,D
11.34971,77.56582,335.42,0.39,0.36,2026-08-21,0816,N20,nominal,2.0NRT,304.54,2.44,D
11.42352,77.76451,339.77,0.39,0.36,2026-08-21,0816,N20,nominal,2.0NRT,303.7,3.96,D
11.42366,77.74271,337.5,0.39,0.36,2026-08-21,0816,N20,low,2.0NRT,308.16,3.7,D
11.71099,79.12828,348.21,0.43,0.38,2026-08-21,0816,N20,nominal,2.0NRT,307.85,30.85,D
11.71043,79.12439,333.44,0.43,0.38,2026-08-21,0816,N20,nominal,2.0NRT,303.11,8.99,D
11.52499,77.67209,339.7,0.39,0.36,2026-08-21,0816,N20,nominal,2.0NRT,306.95,5.68,D
11.52446,77.66854,337.79,0.39,0.36,2026-08-21,0816,N20,nominal,2.0NRT,307.36,5.77,D
12.05095,79.61237,343.91,0.45,0.39,2026-08-21,0816,N20,nominal,2.0NRT,301.8,5.05,D
11.81027,77.92296,343.83,0.39,0.36,2026-08-21,0816,N20,nominal,2.0NRT,307.15,3.37,D
12.31031,78.07397,331.42,0.4,0.37,2026-08-21,0816,N20,nominal,2.0NRT,300.53,2.61,D
12.72135,79.78169,335.43,0.46,0.39,2026-08-21,0816,N20,nominal,2.0NRT,298.23,3.63,D
12.79142,79.90376,332.75,0.47,0.4,2026-08-21,0816,N20,nominal,2.0NRT,296.99,2.83,D
12.85799,79.29736,334.29,0.44,0.38,2026-08-21,0816,N20,nominal,2.0NRT,297.84,3.16,D
12.86152,79.29686,336.55,0.44,0.38,2026-08-21,0816,N20,nominal,2.0NRT,298.09,8.07,D
13.09303,77.44754,334.14,0.39,0.36,2026-08-21,0816,N20,nominal,2.0NRT,298.91,2.67,D
13.26471,77.34718,341.7,0.39,0.36,2026-08-21,0816,N20,nominal,2.0NRT,300.35,19.62,D
14.60375,79.65997,333.91,0.48,0.4,2026-08-21,0816,N20,nominal,2.0NRT,293.59,5.52,D
14.68579,79.73881,336.96,0.48,0.4,2026-08-21,0816,N20,nominal,2.0NRT,301.35,2.18,D
14.68322,79.69376,341.06,0.48,0.4,2026-08-21,0816,N20,nominal,2.0NRT,303.28,7.5,D
14.68298,79.69458,344.78,0.48,0.4,2026-08-21,0816,N20,nominal,2.0NRT,303.07,6.93,D
14.72931,79.92735,336.28,0.49,0.41,2026-08-21,0816,N20,nominal,2.0NRT,299.45,3.95,D
14.73303,79.92682,336.47,0.49,0.41,2026-08-21,0816,N20,nominal,2.0NRT,297.07,3.95,D
14.72149,79.72996,336.1,0.48,0.4,2026-08-21,0816,N20,nominal,2.0NRT,299.34,3,D
14.52269,77.43584,335.59,0.4,0.37,2026-08-21,0816,N20,nominal,2.0NRT,301.68,4.98,D
15.10593,79.37793,341.84,0.47,0.4,2026-08-21,0816,N20,nominal,2.0NRT,301.9,16.95,D
15.4127,79.60164,337.37,0.48,0.4,2026-08-21,0816,N20,nominal,2.0NRT,294.92,4.21,D
15.41208,79.59715,335.37,0.48,0.4,2026-08-21,0816,N20,nominal,2.0NRT,295.13,2.69,D
15.69083,79.12525,334.57,0.46,0.39,2026-08-21,0816,N20,nominal,2.0NRT,302.75,6.67,D
15.80123,79.52772,340.5,0.49,0.4,2026-08-21,0816,N20,nominal,2.0NRT,305.68,14.67,D
15.60369,77.62315,334.52,0.41,0.37,2026-08-21,0816,N20,nominal,2.0NRT,300.52,3.09,D
16.01146,80.31809,339.73,0.54,0.42,2026-08-21,0816,N20,nominal,2.0NRT,300.01,10.58,D
15.94305,78.95891,332.2,0.46,0.39,2026-08-21,0816,N20,low,2.0NRT,302.9,4.95,D
16.04546,79.40362,338.7,0.48,0.4,2026-08-21,0816,N20,nominal,2.0NRT,302.96,4.21,D
16.30597,78.48191,336.18,0.44,0.38,2026-08-21,0816,N20,nominal,2.0NRT,300.5,3.14,D
16.39512,78.57832,338.95,0.44,0.39,2026-08-21,0816,N20,nominal,2.0NRT,303.23,3.81,D
16.38151,78.17361,334.6,0.43,0.38,2026-08-21,0816,N20,nominal,2.0NRT,298.72,1.71,D
15.76939,73.70415,207.93,0.42,0.38,2026-08-21,0816,N20,low,2.0NRT,297.41,115.94,D
15.76875,73.70028,253.68,0.42,0.38,2026-08-21,0816,N20,low,2.0NRT,296.55,115.94,D
15.77281,73.70358,337.78,0.42,0.38,2026-08-21,0816,N20,low,2.0NRT,295.82,135.46,D
16.70696,78.27788,338.78,0.44,0.38,2026-08-21,0816,N20,nominal,2.0NRT,302.8,3.8,D
17.34807,80.77615,336.74,0.4,0.44,2026-08-21,0816,N20,nominal,2.0NRT,294.6,4.11,D
17.61271,78.17559,330.62,0.44,0.38,2026-08-21,0816,N20,nominal,2.0NRT,299.31,1.89,D
18.68586,73.04067,338.76,0.42,0.37,2026-08-21,0818,N20,nominal,2.0NRT,296.96,11.47,D
18.68608,73.04124,335.45,0.42,0.37,2026-08-21,0818,N20,nominal,2.0NRT,294.98,5.13,D
18.68543,73.03734,336.4,0.42,0.37,2026-08-21,0818,N20,low,2.0NRT,297.7,5.13,D
29.82514,72.83802,344.23,0.39,0.36,2026-08-21,0820,N20,nominal,2.0NRT,302.54,3.2,D
29.94164,72.75433,333.25,0.39,0.36,2026-08-21,0820,N20,low,2.0NRT,304.25,4.59,D
30.13323,73.24683,336.12,0.39,0.36,2026-08-21,0820,N20,nominal,2.0NRT,301.75,1.56,D
29.56631,69.60405,335.7,0.43,0.38,2026-08-21,0820,N20,low,2.0NRT,306.19,17.44,D
30.07554,72.71671,332.01,0.39,0.36,2026-08-21,0820,N20,nominal,2.0NRT,301.99,2.45,D
30.63774,73.43209,342.69,0.39,0.37,2026-08-21,0820,N20,nominal,2.0NRT,300.27,3.84,D
30.69669,73.50935,332.73,0.4,0.37,2026-08-21,0820,N20,nominal,2.0NRT,300.47,1.79,D
30.70003,73.50871,345.22,0.4,0.37,2026-08-21,0820,N20,nominal,2.0NRT,302.37,6.08,D
30.4856,71.85634,346.53,0.38,0.36,2026-08-21,0820,N20,nominal,2.0NRT,302.58,12.52,D
30.64097,72.79604,334.96,0.39,0.36,2026-08-21,0820,N20,nominal,2.0NRT,299.88,2.89,D
31.04245,72.29745,338.8,0.38,0.36,2026-08-21,0822,N20,nominal,2.0NRT,302.12,9.06,D
31.39865,72.49902,344.6,0.39,0.36,2026-08-21,0822,N20,nominal,2.0NRT,300.81,4.52,D
32.88853,71.6191,333.5,0.38,0.36,2026-08-21,0822,N20,low,2.0NRT,304.57,2.82,D
33.29505,71.18509,331.83,0.38,0.36,2026-08-21,0822,N20,low,2.0NRT,306.01,2.45,D
33.55928,70.22367,341.31,0.39,0.36,2026-08-21,0822,N20,low,2.0NRT,312.18,4.92,D
34.09185,72.00816,333.88,0.39,0.36,2026-08-21,0822,N20,nominal,2.0NRT,298.19,1.45,D
34.09492,72.00819,335.11,0.39,0.36,2026-08-21,0822,N20,nominal,2.0NRT,298,2.2,D
33.8616,64.20713,342.61,0.44,0.46,2026-08-21,0822,N20,nominal,2.0NRT,310.32,6.34,D
34.59846,60.71849,341.18,0.33,0.55,2026-08-21,0822,N20,nominal,2.0NRT,309.82,1.93,D
37.11906,62.36192,345.08,0.46,0.47,2026-08-21,0824,N20,low,2.0NRT,317.37,14.18,D
38.56242,68.9688,341.5,0.39,0.36,2026-08-21,0824,N20,low,2.0NRT,315.1,4.37,D
36.49801,58.82312,344.07,0.37,0.58,2026-08-21,0824,N20,nominal,2.0NRT,306.12,4.88,D
37.13355,61.29985,330.84,0.53,0.5,2026-08-21,0824,N20,low,2.0NRT,302.48,4.07,D
37.15227,61.31778,340.94,0.52,0.5,2026-08-21,0824,N20,nominal,2.0NRT,300.52,8.69,D
37.15537,61.31047,335.83,0.52,0.5,2026-08-21,0824,N20,nominal,2.0NRT,303.43,8.69,D
37.28469,61.11848,335.28,0.53,0.5,2026-08-21,0824,N20,nominal,2.0NRT,306.35,1.9,D
37.3371,60.10872,334.61,0.6,0.53,2026-08-21,0824,N20,nominal,2.0NRT,302.9,6.51,D
37.34339,60.11341,347.92,0.6,0.53,2026-08-21,0824,N20,nominal,2.0NRT,303.21,6.51,D
37.75576,61.57056,335.52,0.49,0.49,2026-08-21,0824,N20,low,2.0NRT,308.45,2.27,D
37.45515,59.83886,345.38,0.62,0.54,2026-08-21,0824,N20,nominal,2.0NRT,304.57,12.95,D
37.45244,59.83915,343.4,0.62,0.54,2026-08-21,0824,N20,nominal,2.0NRT,303.76,5.06,D
37.45077,59.83247,330.08,0.62,0.54,2026-08-21,0824,N20,low,2.0NRT,304.48,5.06,D
37.45718,59.83731,342.42,0.62,0.54,2026-08-21,0824,N20,nominal,2.0NRT,302.96,5.06,D
37.79808,60.60656,349.14,0.55,0.51,2026-08-21,0824,N20,nominal,2.0NRT,313.76,15.57,D
37.81496,60.57381,367,0.55,0.51,2026-08-21,0824,N20,high,2.0NRT,313.28,95.39,D
22.44274,56.70044,351.32,0.56,0.51,2026-08-21,1000,N20,nominal,2.0NRT,314.45,39.9,D
22.67016,56.25245,341.53,0.52,0.5,2026-08-21,1000,N20,low,2.0NRT,314.43,1.11,D
22.87592,55.92825,346.55,0.5,0.49,2026-08-21,1000,N20,nominal,2.0NRT,314.85,1.77,D
22.88043,55.9277,348.06,0.5,0.49,2026-08-21,1000,N20,nominal,2.0NRT,315.95,5.62,D
22.87775,55.92975,348.17,0.5,0.49,2026-08-21,1000,N20,nominal,2.0NRT,316.45,7.17,D
22.92366,55.80581,350.15,0.49,0.49,2026-08-21,1000,N20,nominal,2.0NRT,318.62,3.5,D
23.27567,54.26293,346.76,0.4,0.44,2026-08-21,1000,N20,low,2.0NRT,316.85,14.28,D
23.27521,54.25901,352.24,0.4,0.44,2026-08-21,1000,N20,nominal,2.0NRT,319.8,17.1,D
24.50422,56.60922,344.3,0.58,0.52,2026-08-21,1000,N20,nominal,2.0NRT,304.94,6.29,D
24.50795,54.02145,339.86,0.4,0.44,2026-08-21,1000,N20,nominal,2.0NRT,303.22,5.18,D
24.60639,54.15107,334.79,0.41,0.45,2026-08-21,1000,N20,nominal,2.0NRT,303.48,2.52,D
27.16793,56.10064,335.52,0.58,0.52,2026-08-21,1002,N20,nominal,2.0NRT,304.65,5.86,D
27.1687,56.05901,338.74,0.58,0.52,2026-08-21,1002,N20,nominal,2.0NRT,304.13,15.19,D
27.16812,56.05312,337.03,0.58,0.52,2026-08-21,1002,N20,nominal,2.0NRT,304.63,13.1,D
27.16799,56.05671,347.78,0.58,0.52,2026-08-21,1002,N20,nominal,2.0NRT,304.52,12.1,D
29.98965,55.85698,343.57,0.61,0.53,2026-08-21,1002,N20,nominal,2.0NRT,307.82,14.16,D
36.59726,59.49143,331.18,0.57,0.69,2026-08-21,1004,N20,nominal,2.0NRT,301.16,2.93,D
37.10904,60.50369,331.91,0.65,0.73,2026-08-21,1004,N20,nominal,2.0NRT,298.35,5.15,D
37.11297,60.39966,331.06,0.64,0.72,2026-08-21,1004,N20,nominal,2.0NRT,297.3,2.81,D
37.1112,60.50219,339.3,0.65,0.73,2026-08-21,1004,N20,nominal,2.0NRT,298.99,6.48,D
37.10896,60.39829,332.01,0.64,0.72,2026-08-21,1004,N20,nominal,2.0NRT,297.14,4.48,D
37.40675,60.25187,351.3,0.63,0.72,2026-08-21,1004,N20,nominal,2.0NRT,299.11,10.18,D
37.40376,60.25635,338.59,0.63,0.72,2026-08-21,1004,N20,nominal,2.0NRT,298.03,7.78,D
37.4036,60.24908,335.42,0.63,0.72,2026-08-21,1004,N20,nominal,2.0NRT,298.55,6.29,D
38.6477,54.28093,336.71,0.61,0.53,2026-08-21,1004,N20,nominal,2.0NRT,296.21,5.88,D
18.32207,55.10753,347.05,0.39,0.44,2026-08-21,0958,N20,low,2.0NRT,320.54,3.96,D
19.26742,56.17466,345.63,0.47,0.48,2026-08-21,0958,N20,nominal,2.0NRT,309.7,3.16,D
19.26819,56.17547,348.32,0.47,0.48,2026-08-21,0958,N20,nominal,2.0NRT,309.34,3.1,D
19.33389,56.47287,337.79,0.49,0.49,2026-08-21,0958,N20,low,2.0NRT,309.17,1.17,D
20.2108,55.71179,345.94,0.45,0.47,2026-08-21,1000,N20,low,2.0NRT,319.24,1.64,D
20.37519,55.93669,347.3,0.47,0.48,2026-08-21,1000,N20,nominal,2.0NRT,314.81,4.6,D
20.38645,55.66348,349.82,0.45,0.47,2026-08-21,1000,N20,low,2.0NRT,321.63,3.37,D
20.383,55.64673,345.7,0.45,0.47,2026-08-21,1000,N20,low,2.0NRT,320.37,1.11,D
20.38926,55.66332,348.89,0.45,0.47,2026-08-21,1000,N20,low,2.0NRT,320.88,3.58,D
21.31017,57.74583,340.49,0.63,0.54,2026-08-21,1000,N20,nominal,2.0NRT,306.83,3.2,D
21.33362,56.70118,346.5,0.54,0.51,2026-08-21,1000,N20,nominal,2.0NRT,311.86,10.69,D
21.33304,56.69599,343.75,0.54,0.51,2026-08-21,1000,N20,nominal,2.0NRT,312.34,7.82,D
21.64631,55.9982,345.03,0.49,0.49,2026-08-21,1000,N20,nominal,2.0NRT,311.31,10.91,D
21.83304,56.68091,342.24,0.54,0.51,2026-08-21,1000,N20,low,2.0NRT,312.52,1.11,D
21.93838,57.07535,346.42,0.58,0.52,2026-08-21,1000,N20,nominal,2.0NRT,309.87,4.55,D
21.93764,57.07283,345.89,0.58,0.52,2026-08-21,1000,N20,nominal,2.0NRT,309.59,2.94,D
22.32805,56.49033,349.97,0.54,0.51,2026-08-21,1000,N20,nominal,2.0NRT,314.2,4.54,D
22.32637,56.4745,347.03,0.54,0.5,2026-08-21,1000,N20,nominal,2.0NRT,313.89,15.22,D
22.3258,56.46915,342.69,0.54,0.5,2026-08-21,1000,N20,low,2.0NRT,314.71,15.22,D
22.33047,56.46878,345.85,0.54,0.5,2026-08-21,1000,N20,nominal,2.0NRT,312.47,1.74,D
22.24438,87.38752,299.85,0.54,0.68,2026-08-21,1906,N20,nominal,2.0NRT,267.89,0.61,N
9.45861,101.08377,313.62,0.54,0.42,2026-08-21,1910,N20,nominal,2.0NRT,293.46,5.36,N
6.58548,101.34658,303.38,0.41,0.45,2026-08-21,1910,N20,nominal,2.0NRT,290.51,1.16,N
39.86428,98.2528,315.36,0.39,0.44,2026-08-21,1900,N20,nominal,2.0NRT,291.51,1.18,N
39.84192,98.27225,298.74,0.39,0.44,2026-08-21,1900,N20,nominal,2.0NRT,288.2,0.59,N
39.82387,98.23901,302.17,0.39,0.44,2026-08-21,1900,N20,nominal,2.0NRT,289.21,0.6,N
39.81566,98.27911,312.33,0.39,0.44,2026-08-21,1900,N20,nominal,2.0NRT,290.34,1.68,N
39.81427,98.29264,303.21,0.39,0.44,2026-08-21,1900,N20,nominal,2.0NRT,292.76,1.67,N
39.8098,98.29646,315.75,0.39,0.44,2026-08-21,1900,N20,nominal,2.0NRT,291.14,3.26,N
39.80579,98.29579,309.86,0.39,0.44,2026-08-21,1900,N20,nominal,2.0NRT,291.2,1.29,N
39.79302,97.88541,300.43,0.41,0.45,2026-08-21,1900,N20,nominal,2.0NRT,289.47,1.29,N
39.79257,97.89011,298.96,0.41,0.45,2026-08-21,1900,N20,nominal,2.0NRT,288.8,1.42,N
36.5901,101.48595,302.86,0.41,0.37,2026-08-21,1902,N20,nominal,2.0NRT,279.9,1.23,N
36.56693,101.52769,300.01,0.41,0.37,2026-08-21,1902,N20,nominal,2.0NRT,278.04,1.19,N
36.26952,100.57344,299.27,0.43,0.38,2026-08-21,1902,N20,nominal,2.0NRT,283.47,0.75,N
25.28991,100.5481,309.71,0.38,0.36,2026-08-21,1904,N20,nominal,2.0NRT,288.14,0.79,N
25.06629,101.56851,303.96,0.39,0.36,2026-08-21,1904,N20,nominal,2.0NRT,286.8,0.52,N
24.92682,99.0845,303.97,0.4,0.37,2026-08-21,1904,N20,nominal,2.0NRT,287.83,0.78,N
25.54232,91.23663,300.15,0.34,0.56,2026-08-21,1904,N20,nominal,2.0NRT,285.37,0.68,N
23.9085,100.00597,297.24,0.38,0.36,2026-08-21,1904,N20,nominal,2.0NRT,286.72,0.37,N
23.38015,100.96354,297.73,0.39,0.36,2026-08-21,1906,N20,nominal,2.0NRT,285.79,0.57,N
38.0515,67.26137,367,0.37,0.58,2026-08-21,2044,N20,high,2.0NRT,296.19,12.85,N
38.05174,67.25722,303.46,0.37,0.58,2026-08-21,2044,N20,nominal,2.0NRT,292.25,8.24,N
38.05127,67.2655,315.27,0.37,0.58,2026-08-21,2044,N20,nominal,2.0NRT,291.94,12.85,N
35.62956,72.92472,309.56,0.52,0.42,2026-08-21,2044,N20,nominal,2.0NRT,285.62,2.31,N
35.78144,71.34359,326.32,0.42,0.45,2026-08-21,2044,N20,nominal,2.0NRT,287.21,2.89,N
35.7818,71.34015,312.43,0.42,0.45,2026-08-21,2044,N20,nominal,2.0NRT,284.04,2.89,N
35.50665,71.27689,310.13,0.42,0.45,2026-08-21,2044,N20,nominal,2.0NRT,286.1,1.5,N
35.74213,63.06671,304.46,0.61,0.71,2026-08-21,2044,N20,nominal,2.0NRT,290.88,1.15,N
35.73576,63.05933,306.41,0.61,0.71,2026-08-21,2044,N20,nominal,2.0NRT,290.53,1.59,N
35.73553,63.06646,302.56,0.61,0.71,2026-08-21,2044,N20,nominal,2.0NRT,291.27,1.15,N
35.73054,63.06499,309.37,0.61,0.71,2026-08-21,2044,N20,nominal,2.0NRT,291.74,2.47,N
32.57686,72.56309,314.09,0.5,0.41,2026-08-21,2044,N20,nominal,2.0NRT,296.8,2.33,N
32.10429,74.17586,307.51,0.43,0.38,2026-08-21,2044,N20,nominal,2.0NRT,293.98,2.61,N
32.08471,74.16291,309.51,0.43,0.38,2026-08-21,2044,N20,nominal,2.0NRT,294.17,2.47,N
27.79147,75.33251,308.88,0.39,0.36,2026-08-21,2046,N20,nominal,2.0NRT,292.01,1.11,N
26.87782,73.51673,305.41,0.41,0.37,2026-08-21,2046,N20,nominal,2.0NRT,293.05,1.6,N
24.92892,84.14816,300.73,0.32,0.55,2026-08-21,2046,N20,nominal,2.0NRT,280.9,0.96,N
26.60544,73.68332,305.83,0.4,0.37,2026-08-21,2046,N20,nominal,2.0NRT,291.23,0.72,N
23.66717,87.15483,301.16,0.53,0.67,2026-08-21,2046,N20,nominal,2.0NRT,271.52,1.35,N
23.66597,87.15978,298.35,0.53,0.67,2026-08-21,2046,N20,nominal,2.0NRT,271.36,1.35,N
23.79865,86.35276,296.89,0.47,0.64,2026-08-21,2046,N20,nominal,2.0NRT,264.93,0.6,N
23.80517,86.32483,299.37,0.47,0.64,2026-08-21,2046,N20,nominal,2.0NRT,271.31,0.59,N
23.67524,86.10297,304.36,0.45,0.63,2026-08-21,2046,N20,nominal,2.0NRT,276.44,1.08,N
24.93433,74.63345,309.55,0.38,0.36,2026-08-21,2046,N20,nominal,2.0NRT,284.89,1.19,N
22.38068,87.27615,299.45,0.57,0.69,2026-08-21,2046,N20,nominal,2.0NRT,267.45,1.29,N
22.37936,87.28155,301.83,0.57,0.69,2026-08-21,2046,N20,nominal,2.0NRT,266.54,1.29,N
22.36782,87.30148,299.16,0.58,0.69,2026-08-21,2046,N20,nominal,2.0NRT,266.13,1.25,N
22.37672,87.2793,308.26,0.57,0.69,2026-08-21,2046,N20,nominal,2.0NRT,266.1,1.69,N
24.76488,74.60672,305.82,0.38,0.36,2026-08-21,2046,N20,nominal,2.0NRT,285.9,0.9,N
24.76429,74.6105,305.21,0.38,0.36,2026-08-21,2046,N20,nominal,2.0NRT,287,0.9,N
23.31622,70.48621,306.24,0.5,0.41,2026-08-21,2046,N20,nominal,2.0NRT,292.7,2.39,N
23.31474,70.489,305.06,0.5,0.41,2026-08-21,2046,N20,nominal,2.0NRT,292.63,2.75,N
17.29276,78.40978,307.97,0.39,0.44,2026-08-21,2049,N20,nominal,2.0NRT,289.78,0.63,N
17.37239,77.44447,303.3,0.52,0.42,2026-08-21,2049,N20,nominal,2.0NRT,290.53,1.08,N
16.87272,80.02097,306.6,0.51,0.49,2026-08-21,2049,N20,nominal,2.0NRT,290.31,2.46,N
15.34147,76.27382,319.07,0.48,0.4,2026-08-21,2051,N20,nominal,2.0NRT,288.03,1.78,N
15.34123,76.27532,314.56,0.48,0.4,2026-08-21,2051,N20,nominal,2.0NRT,288.28,1.74,N
15.33759,76.27462,307.51,0.48,0.4,2026-08-21,2051,N20,nominal,2.0NRT,287.9,1.74,N
15.33529,76.28797,301.39,0.48,0.4,2026-08-21,2051,N20,nominal,2.0NRT,287.79,0.81,N
15.0239,78.01542,303.84,0.41,0.45,2026-08-21,2051,N20,nominal,2.0NRT,280.19,0.69,N
15.17806,77.1027,300.75,0.54,0.42,2026-08-21,2051,N20,nominal,2.0NRT,284.82,1.27,N
15.17424,77.10195,302.77,0.54,0.42,2026-08-21,2051,N20,nominal,2.0NRT,284.43,1.03,N
15.226,76.76328,314.41,0.51,0.41,2026-08-21,2051,N20,nominal,2.0NRT,286.96,1.85,N
15.65858,73.9884,298.11,0.4,0.37,2026-08-21,2051,N20,nominal,2.0NRT,285.78,0.84,N
15.1848,76.66843,312.5,0.51,0.41,2026-08-21,2051,N20,nominal,2.0NRT,289.81,1.6,N
15.18107,76.66773,327.9,0.51,0.41,2026-08-21,2051,N20,nominal,2.0NRT,290.89,2.05,N
15.18605,76.63982,311.57,0.51,0.41,2026-08-21,2051,N20,nominal,2.0NRT,289.8,2.21,N
15.18023,76.67239,304.81,0.51,0.41,2026-08-21,2051,N20,nominal,2.0NRT,290.12,2.05,N
15.17984,76.65304,303.59,0.51,0.41,2026-08-21,2051,N20,nominal,2.0NRT,290.03,2.44,N
15.17901,76.65769,314.31,0.51,0.41,2026-08-21,2051,N20,nominal,2.0NRT,290.62,2.73,N
15.17567,76.67632,307.26,0.51,0.41,2026-08-21,2051,N20,nominal,2.0NRT,290.1,2.05,N
15.17318,76.69025,309.94,0.51,0.41,2026-08-21,2051,N20,nominal,2.0NRT,290.03,1.05,N
15.17528,76.65698,318.44,0.51,0.41,2026-08-21,2051,N20,nominal,2.0NRT,291.38,3.34,N
15.17028,76.68485,304.26,0.51,0.41,2026-08-21,2051,N20,nominal,2.0NRT,290.14,0.55,N
15.16905,76.6702,304.24,0.51,0.41,2026-08-21,2051,N20,nominal,2.0NRT,290.75,1.59,N
15.17469,76.65448,311.08,0.51,0.41,2026-08-21,2051,N20,nominal,2.0NRT,290.84,1.16,N
15.13799,76.7103,303.41,0.51,0.41,2026-08-21,2051,N20,nominal,2.0NRT,290.44,0.82,N
15.072,76.86435,304.88,0.52,0.42,2026-08-21,2051,N20,nominal,2.0NRT,290.77,1.57,N
10.25207,77.21416,309.08,0.43,0.46,2026-08-21,2051,N20,nominal,2.0NRT,277.14,1.82,N
10.25036,77.22395,296.03,0.43,0.46,2026-08-21,2051,N20,nominal,2.0NRT,276.56,1.04,N
10.24748,77.21574,338.27,0.43,0.46,2026-08-21,2051,N20,nominal,2.0NRT,278.81,3.35,N
10.24804,77.21256,317.5,0.43,0.46,2026-08-21,2051,N20,nominal,2.0NRT,276.18,3.35,N
10.24693,77.2189,300.98,0.43,0.46,2026-08-21,2051,N20,nominal,2.0NRT,275.38,1.08,N
10.24635,77.22222,299.68,0.43,0.46,2026-08-21,2051,N20,nominal,2.0NRT,272.77,1.08,N
10.24284,77.21765,304.8,0.43,0.46,2026-08-21,2051,N20,nominal,2.0NRT,270.71,1.08,N
10.04989,77.95342,306.01,0.49,0.48,2026-08-21,2051,N20,nominal,2.0NRT,271.05,1.5,N
10.09197,77.23583,313.81,0.44,0.46,2026-08-21,2051,N20,nominal,2.0NRT,274.71,1.44,N
10.0881,77.23328,303.94,0.44,0.46,2026-08-21,2051,N20,nominal,2.0NRT,273.18,1.44,N
9.25068,77.32387,328.2,0.46,0.47,2026-08-21,2051,N20,nominal,2.0NRT,282.69,2.05,N
9.24611,77.32486,312.59,0.46,0.47,2026-08-21,2051,N20,nominal,2.0NRT,283.36,2.05,N
8.74148,77.59866,313.01,0.48,0.48,2026-08-21,2051,N20,nominal,2.0NRT,287.05,2.36,N
38.68092,54.31511,327.93,0.39,0.36,2026-08-21,2222,N20,nominal,2.0NRT,294.94,2.34,N
37.34169,58.04969,298.15,0.5,0.41,2026-08-21,2222,N20,nominal,2.0NRT,284.46,0.61,N
36.49704,59.33256,302.3,0.4,0.44,2026-08-21,2222,N20,nominal,2.0NRT,289.11,0.75,N
36.49612,59.33691,303.52,0.4,0.44,2026-08-21,2222,N20,nominal,2.0NRT,289.32,0.75,N
36.27111,59.64993,303.55,0.42,0.45,2026-08-21,2222,N20,nominal,2.0NRT,290.8,0.61,N
35.92485,57.83358,299.75,0.52,0.42,2026-08-21,2222,N20,nominal,2.0NRT,289.65,0.56,N
35.92533,57.83242,299.49,0.52,0.42,2026-08-21,2222,N20,nominal,2.0NRT,289.2,0.56,N
36.32567,54.61792,303.44,0.4,0.37,2026-08-21,2222,N20,nominal,2.0NRT,291.12,0.43,N
36.29632,54.78553,312.81,0.4,0.37,2026-08-21,2222,N20,nominal,2.0NRT,290.98,0.88,N
36.32121,54.18803,296.88,0.39,0.36,2026-08-21,2222,N20,nominal,2.0NRT,284.29,0.35,N
33.75353,59.14797,314.61,0.44,0.46,2026-08-21,2225,N20,nominal,2.0NRT,290.06,1.32,N
33.04223,56.84912,313.95,0.52,0.42,2026-08-21,2225,N20,nominal,2.0NRT,299.13,3.28,N
33.04309,56.84782,313.32,0.52,0.42,2026-08-21,2225,N20,nominal,2.0NRT,299.05,3.01,N
31.94286,54.04416,325.68,0.42,0.38,2026-08-21,2225,N20,nominal,2.0NRT,297.19,1.98,N
31.93946,54.0433,323.58,0.42,0.38,2026-08-21,2225,N20,nominal,2.0NRT,297.39,3.56,N
31.43515,56.49117,301.87,0.54,0.42,2026-08-21,2225,N20,nominal,2.0NRT,291.48,0.64,N
31.621,54.72574,310.73,0.45,0.39,2026-08-21,2225,N20,nominal,2.0NRT,295.32,1.22,N
30.75418,56.6589,314.06,0.56,0.43,2026-08-21,2225,N20,nominal,2.0NRT,294.76,3.27,N
30.66384,56.62259,305.42,0.56,0.43,2026-08-21,2225,N20,nominal,2.0NRT,291.96,1.35,N
30.66786,56.62242,302.98,0.56,0.43,2026-08-21,2225,N20,nominal,2.0NRT,292.06,1.1,N
30.49877,56.81594,307.2,0.39,0.44,2026-08-21,2225,N20,nominal,2.0NRT,294.35,0.76,N
30.23493,56.90977,325.18,0.39,0.44,2026-08-21,2225,N20,nominal,2.0NRT,296.59,2.19,N
30.37108,56.12948,304.48,0.54,0.42,2026-08-21,2225,N20,nominal,2.0NRT,291.75,0.82,N
30.38056,55.86208,303.77,0.52,0.41,2026-08-21,2225,N20,nominal,2.0NRT,293.4,0.78,N
30.37991,55.86573,303.81,0.52,0.41,2026-08-21,2225,N20,nominal,2.0NRT,293.2,0.89,N
30.32364,55.97346,310.87,0.53,0.42,2026-08-21,2225,N20,nominal,2.0NRT,293.27,1.37,N
29.92795,56.73498,306.71,0.39,0.44,2026-08-21,2225,N20,nominal,2.0NRT,293.61,1.29,N
30.08139,55.40096,320.56,0.5,0.41,2026-08-21,2225,N20,nominal,2.0NRT,295.39,2.14,N
29.99359,55.8536,328.7,0.53,0.42,2026-08-21,2225,N20,nominal,2.0NRT,290.52,5.1,N
29.99519,55.19852,304.47,0.49,0.4,2026-08-21,2225,N20,nominal,2.0NRT,292.49,1.96,N
29.80984,55.74992,302.55,0.52,0.42,2026-08-21,2225,N20,nominal,2.0NRT,290.94,0.69,N
39.25161,63.21363,304.21,0.54,0.51,2026-08-21,2225,N20,nominal,2.0NRT,288.18,2.48,N
39.19628,63.19793,303.12,0.54,0.51,2026-08-21,2225,N20,nominal,2.0NRT,288.76,1.09,N
39.2475,56.33716,310.8,0.41,0.37,2026-08-21,2225,N20,nominal,2.0NRT,294.7,1.02,N
39.50919,54.33037,316.71,0.39,0.36,2026-08-21,2225,N20,nominal,2.0NRT,296.13,1.42,N
37.60947,61.60527,310.48,0.49,0.49,2026-08-21,2225,N20,nominal,2.0NRT,293.49,1.34,N
37.59666,61.55989,306.31,0.49,0.49,2026-08-21,2225,N20,nominal,2.0NRT,293.37,1.2,N
37.59553,61.52474,312.6,0.49,0.48,2026-08-21,2225,N20,nominal,2.0NRT,292.7,2.04,N
37.59428,61.53007,316.86,0.49,0.48,2026-08-21,2225,N20,nominal,2.0NRT,293.56,2.04,N
37.58249,61.56049,305.89,0.49,0.49,2026-08-21,2225,N20,nominal,2.0NRT,293.01,1.56,N
37.77223,60.71694,316.51,0.44,0.46,2026-08-21,2225,N20,nominal,2.0NRT,292.17,1.29,N
37.49562,61.848,306.47,0.51,0.49,2026-08-21,2225,N20,nominal,2.0NRT,291.74,2.67,N
37.49824,61.84925,310.12,0.51,0.49,2026-08-21,2225,N20,nominal,2.0NRT,291.46,2.09,N
29.15113,55.36613,310.83,0.51,0.41,2026-08-21,2225,N20,nominal,2.0NRT,294.96,1.36,N
29.16987,54.61866,306.29,0.47,0.4,2026-08-21,2225,N20,nominal,2.0NRT,295.29,1.51,N
27.42027,56.50311,311.15,0.42,0.45,2026-08-21,2225,N20,nominal,2.0NRT,298.35,6.39,N
27.2332,57.39838,314.47,0.48,0.48,2026-08-21,2225,N20,nominal,2.0NRT,297.72,0.92,N
27.301,56.30292,311.19,0.41,0.45,2026-08-21,2225,N20,nominal,2.0NRT,288.87,6.6,N
27.17639,56.06184,314.49,0.4,0.44,2026-08-21,2225,N20,nominal,2.0NRT,299.15,6.9,N
27.17,56.05189,321.61,0.4,0.44,2026-08-21,2225,N20,nominal,2.0NRT,299.09,7.68,N
27.16919,56.05587,332.67,0.4,0.44,2026-08-21,2225,N20,nominal,2.0NRT,300.67,9.45,N
25.55916,55.97574,312.26,0.42,0.46,2026-08-21,2227,N20,nominal,2.0NRT,301.04,0.63,N
25.55749,55.984,316.72,0.42,0.46,2026-08-21,2227,N20,nominal,2.0NRT,301.64,1.74,N
25.30732,56.3737,314.99,0.45,0.47,2026-08-21,2227,N20,nominal,2.0NRT,299.53,1.32,N
24.99241,55.6265,313.71,0.41,0.45,2026-08-21,2227,N20,nominal,2.0NRT,296.58,0.94,N
24.50589,56.60764,334.9,0.48,0.48,2026-08-21,2227,N20,nominal,2.0NRT,300.17,6.17,N
24.5063,56.60664,337.65,0.48,0.48,2026-08-21,2227,N20,nominal,2.0NRT,300.7,6.82,N
24.50916,54.01759,341.18,0.52,0.41,2026-08-21,2227,N20,nominal,2.0NRT,300.6,5.16,N
23.66281,54.34833,310.88,0.56,0.43,2026-08-21,2227,N20,nominal,2.0NRT,299.21,4.77,N
23.19297,55.45968,333.46,0.44,0.46,2026-08-21,2227,N20,nominal,2.0NRT,301.66,4.16,N
23.19215,55.46386,312.57,0.44,0.46,2026-08-21,2227,N20,nominal,2.0NRT,300.96,1.43,N
23.27894,54.25538,324.25,0.56,0.43,2026-08-21,2227,N20,nominal,2.0NRT,300.73,9.08,N
23.27792,54.26072,335.82,0.56,0.43,2026-08-21,2227,N20,nominal,2.0NRT,303.01,17.16,N
23.27404,54.25986,339.38,0.56,0.43,2026-08-21,2227,N20,nominal,2.0NRT,303.44,17.16,N
22.88145,55.92727,335.64,0.47,0.48,2026-08-21,2227,N20,nominal,2.0NRT,300.35,2.44,N
22.87714,55.92625,315.2,0.47,0.48,2026-08-21,2227,N20,nominal,2.0NRT,300.45,1.83,N
22.87247,55.61575,318.38,0.45,0.47,2026-08-21,2227,N20,nominal,2.0NRT,301.03,1.1,N
22.87701,55.37347,350.48,0.44,0.46,2026-08-21,2227,N20,nominal,2.0NRT,305.06,18.56,N
22.67492,56.249,334.48,0.5,0.49,2026-08-21,2227,N20,nominal,2.0NRT,299.99,2.83,N
22.40779,56.99001,327.14,0.56,0.52,2026-08-21,2227,N20,nominal,2.0NRT,298.07,3,N
22.44463,56.69798,338.99,0.54,0.51,2026-08-21,2227,N20,nominal,2.0NRT,299.39,7.55,N
22.44357,56.70308,313.11,0.54,0.51,2026-08-21,2227,N20,nominal,2.0NRT,298.65,7.55,N
22.33076,56.48794,311.22,0.52,0.5,2026-08-21,2227,N20,nominal,2.0NRT,297.62,1.48,N
22.32976,56.49289,318.13,0.52,0.5,2026-08-21,2227,N20,nominal,2.0NRT,297.93,1.48,N
22.32932,56.47177,319.13,0.52,0.5,2026-08-21,2227,N20,nominal,2.0NRT,299.19,2.03,N
22.29454,56.52607,310.99,0.53,0.5,2026-08-21,2227,N20,nominal,2.0NRT,298.13,0.67,N
21.93705,57.07534,321.32,0.58,0.52,2026-08-21,2227,N20,nominal,2.0NRT,296.72,3.74,N
21.89017,56.84613,308.24,0.56,0.52,2026-08-21,2227,N20,nominal,2.0NRT,297.04,0.85,N
21.83424,56.68215,317.17,0.55,0.51,2026-08-21,2227,N20,nominal,2.0NRT,297.52,1.13,N
21.33509,57.72368,307.34,0.33,0.55,2026-08-21,2227,N20,nominal,2.0NRT,295.38,0.7,N
21.31479,57.74482,321.84,0.33,0.55,2026-08-21,2227,N20,nominal,2.0NRT,295.12,1.25,N
21.32016,57.72014,312.66,0.33,0.55,2026-08-21,2227,N20,nominal,2.0NRT,294.73,1.02,N
21.31546,57.74171,316.99,0.33,0.55,2026-08-21,2227,N20,nominal,2.0NRT,294.8,1.25,N
21.30323,57.79785,318,0.33,0.55,2026-08-21,2227,N20,nominal,2.0NRT,295.58,0.72,N
21.32006,57.72189,318.96,0.33,0.55,2026-08-21,2227,N20,nominal,2.0NRT,295.44,1.36,N
21.31551,57.74356,316.89,0.33,0.55,2026-08-21,2227,N20,nominal,2.0NRT,295.09,1.32,N
21.30432,57.79674,307.28,0.33,0.55,2026-08-21,2227,N20,nominal,2.0NRT,294.85,0.55,N
21.30367,57.79986,305.25,0.33,0.55,2026-08-21,2227,N20,nominal,2.0NRT,294.86,0.55,N
21.30987,57.74545,326.8,0.33,0.55,2026-08-21,2227,N20,nominal,2.0NRT,294.79,1.46,N
21.29742,57.68067,310.24,0.33,0.55,2026-08-21,2227,N20,nominal,2.0NRT,294.66,0.52,N
21.3352,56.69537,335.55,0.56,0.52,2026-08-21,2227,N20,nominal,2.0NRT,297.85,6.47,N
21.33408,56.7007,337.85,0.57,0.52,2026-08-21,2227,N20,nominal,2.0NRT,299.59,7.16,N
21.40836,55.74362,312.88,0.49,0.49,2026-08-21,2227,N20,nominal,2.0NRT,301.67,1.52,N
21.40942,55.74264,314.34,0.49,0.49,2026-08-21,2227,N20,nominal,2.0NRT,301.52,2.24,N
21.00435,56.53284,324.95,0.56,0.51,2026-08-21,2227,N20,nominal,2.0NRT,298.45,3.44,N
20.37491,55.93204,313.39,0.53,0.5,2026-08-21,2227,N20,nominal,2.0NRT,298.06,1.57,N
20.37374,55.93546,312.24,0.53,0.5,2026-08-21,2227,N20,nominal,2.0NRT,297.93,1.08,N
20.39094,55.66041,319.74,0.51,0.49,2026-08-21,2227,N20,nominal,2.0NRT,297.75,2.22,N
20.38393,55.64895,309.44,0.51,0.49,2026-08-21,2227,N20,nominal,2.0NRT,297.95,2.29,N
20.21493,55.71363,311.81,0.51,0.5,2026-08-21,2227,N20,nominal,2.0NRT,297.16,1.09,N
20.21386,55.71048,317.91,0.51,0.5,2026-08-21,2227,N20,nominal,2.0NRT,297.61,1.95,N
18.69297,55.50432,317.33,0.53,0.5,2026-08-21,2229,N20,nominal,2.0NRT,295.59,1.73,N
18.32479,55.1071,332.49,0.51,0.49,2026-08-21,2229,N20,nominal,2.0NRT,297.62,3.15,N
18.32032,55.10612,308.13,0.51,0.49,2026-08-21,2229,N20,nominal,2.0NRT,296.9,1.21,N
18.01454,54.57117,332.91,0.48,0.48,2026-08-21,2229,N20,nominal,2.0NRT,296.57,2.81,N
5.6537,101.8812,339.59,0.49,0.48,2026-08-22,0614,N20,nominal,2.0NRT,292.72,5.22,D
5.65811,101.8805,329.53,0.49,0.48,2026-08-22,0614,N20,nominal,2.0NRT,292.78,3.5,D
6.42437,101.0535,341.62,0.54,0.51,2026-08-22,0614,N20,nominal,2.0NRT,293.81,8.06,D
8.0387,99.54231,335.1,0.32,0.55,2026-08-22,0614,N20,nominal,2.0NRT,289.74,1.58,D
24.02465,99.25451,325.88,0.53,0.42,2026-08-22,0618,N20,low,2.0NRT,296.91,6.09,D
24.02847,99.2538,329.3,0.53,0.42,2026-08-22,0618,N20,nominal,2.0NRT,297.33,8.3,D
24.37258,98.5135,328.52,0.39,0.44,2026-08-22,0620,N20,nominal,2.0NRT,296.94,3.89,D
25.06438,101.57062,327.36,0.41,0.37,2026-08-22,0620,N20,low,2.0NRT,298.98,4.15,D
24.8838,99.44008,326.16,0.51,0.41,2026-08-22,0620,N20,low,2.0NRT,296.99,2.71,D
25.21876,96.48211,338.9,0.49,0.48,2026-08-22,0620,N20,nominal,2.0NRT,291.29,5.9,D
26.58097,101.74602,328.98,0.4,0.37,2026-08-22,0620,N20,low,2.0NRT,303.15,6.5,D
26.58561,101.75336,331.32,0.4,0.37,2026-08-22,0620,N20,low,2.0NRT,301.86,7.26,D
26.58054,101.7011,330.72,0.4,0.37,2026-08-22,0620,N20,low,2.0NRT,301.47,5.19,D
29.35015,89.29906,336.7,0.54,0.68,2026-08-22,0620,N20,nominal,2.0NRT,292.53,6.57,D
29.34966,89.29689,328.36,0.54,0.68,2026-08-22,0620,N20,nominal,2.0NRT,292.41,4.85,D
39.63667,98.45164,339.55,0.39,0.36,2026-08-22,0622,N20,low,2.0NRT,310.03,4.03,D
39.6396,98.42757,340.51,0.39,0.36,2026-08-22,0622,N20,nominal,2.0NRT,306.14,2.21,D
39.7089,98.53876,338.76,0.39,0.36,2026-08-22,0622,N20,nominal,2.0NRT,308.82,1.46,D
39.71289,98.54232,337.11,0.39,0.36,2026-08-22,0622,N20,low,2.0NRT,308.31,2.42,D
39.71218,98.53787,337.18,0.39,0.36,2026-08-22,0622,N20,low,2.0NRT,308.22,1.46,D
39.7567,98.43326,340.48,0.39,0.36,2026-08-22,0622,N20,nominal,2.0NRT,309.14,2.14,D
39.82249,98.62934,330.34,0.39,0.36,2026-08-22,0622,N20,low,2.0NRT,305.13,1.41,D
39.78888,97.90067,336.56,0.39,0.37,2026-08-22,0622,N20,low,2.0NRT,309.95,2.82,D
6.35246,81.34572,335.61,0.4,0.37,2026-08-22,0756,N20,low,2.0NRT,299.64,4.29,D
6.36031,81.3519,332.71,0.4,0.37,2026-08-22,0756,N20,low,2.0NRT,299.37,3.6,D
6.75439,81.74723,331.25,0.39,0.36,2026-08-22,0756,N20,low,2.0NRT,300.66,5.25,D
6.75315,81.36985,333.3,0.4,0.37,2026-08-22,0756,N20,low,2.0NRT,299.52,5.11,D
6.78089,81.52583,348.83,0.39,0.37,2026-08-22,0756,N20,low,2.0NRT,301.77,12.38,D
6.71429,81.05537,345.54,0.41,0.37,2026-08-22,0756,N20,low,2.0NRT,296.51,7.71,D
6.86259,81.72272,337.45,0.39,0.36,2026-08-22,0756,N20,low,2.0NRT,301.27,7.12,D
6.91652,81.76443,339.36,0.39,0.36,2026-08-22,0756,N20,nominal,2.0NRT,297.45,3.94,D
6.93095,80.96205,344.94,0.41,0.37,2026-08-22,0756,N20,nominal,2.0NRT,299.9,7.65,D
7.11508,81.29052,342.74,0.4,0.37,2026-08-22,0756,N20,nominal,2.0NRT,300.01,6.09,D
7.15899,81.37486,334.6,0.4,0.37,2026-08-22,0756,N20,nominal,2.0NRT,299.63,2.38,D
7.18748,81.34443,335.13,0.4,0.37,2026-08-22,0756,N20,low,2.0NRT,299.92,2.99,D
7.2369,81.44209,348.47,0.39,0.37,2026-08-22,0756,N20,low,2.0NRT,302.15,9.26,D
7.33014,81.75928,330.05,0.39,0.36,2026-08-22,0756,N20,low,2.0NRT,298.1,4.57,D
7.32691,81.73827,330.27,0.39,0.36,2026-08-22,0756,N20,low,2.0NRT,297.17,3.09,D
7.34834,81.56927,339.39,0.39,0.36,2026-08-22,0756,N20,low,2.0NRT,305.44,4.66,D
7.38476,81.78277,335.96,0.39,0.36,2026-08-22,0756,N20,low,2.0NRT,298.83,3.85,D
7.39094,81.75674,333.55,0.39,0.36,2026-08-22,0756,N20,low,2.0NRT,298.15,5.92,D
7.36662,81.57726,338.1,0.39,0.36,2026-08-22,0756,N20,low,2.0NRT,308.82,6.11,D
7.43077,81.75056,343.3,0.39,0.36,2026-08-22,0756,N20,nominal,2.0NRT,303.85,10.07,D
7.44964,81.39007,340.92,0.39,0.37,2026-08-22,0756,N20,low,2.0NRT,306.82,3.49,D
7.44909,81.38652,338.8,0.39,0.37,2026-08-22,0756,N20,low,2.0NRT,307.46,3.49,D
7.44028,81.32969,339.21,0.4,0.37,2026-08-22,0756,N20,nominal,2.0NRT,304.02,3.1,D
7.45298,81.38954,337.1,0.39,0.37,2026-08-22,0756,N20,low,2.0NRT,305.38,20.04,D
7.40637,81.06717,344.09,0.4,0.37,2026-08-22,0756,N20,nominal,2.0NRT,296.84,5.87,D
7.50507,81.42064,336.06,0.39,0.36,2026-08-22,0756,N20,low,2.0NRT,305.17,5.05,D
7.57218,81.67693,335.65,0.39,0.36,2026-08-22,0756,N20,nominal,2.0NRT,297.5,4.02,D
7.5191,81.26919,335.82,0.4,0.37,2026-08-22,0756,N20,low,2.0NRT,304.45,4.29,D
7.51855,81.26562,345.98,0.4,0.37,2026-08-22,0756,N20,low,2.0NRT,306.01,4.29,D
7.54812,81.25739,338.96,0.4,0.37,2026-08-22,0756,N20,low,2.0NRT,297.7,5.27,D
7.70696,80.76958,333.98,0.41,0.37,2026-08-22,0756,N20,low,2.0NRT,295.31,4.86,D
7.9789,80.26825,346.02,0.42,0.38,2026-08-22,0756,N20,nominal,2.0NRT,299.64,6.6,D
8.30642,80.83015,337.9,0.4,0.37,2026-08-22,0756,N20,low,2.0NRT,300.51,7.93,D
8.33268,80.33104,331.32,0.42,0.37,2026-08-22,0756,N20,low,2.0NRT,304.03,4.19,D
8.62908,80.89583,338.11,0.4,0.37,2026-08-22,0756,N20,low,2.0NRT,304.34,5.16,D
9.40846,80.46185,334.28,0.4,0.37,2026-08-22,0756,N20,nominal,2.0NRT,293.96,3.77,D
9.20352,78.30371,333.68,0.5,0.41,2026-08-22,0756,N20,nominal,2.0NRT,302.82,1.62,D
9.2829,77.33524,345.97,0.57,0.43,2026-08-22,0756,N20,nominal,2.0NRT,294.58,17.53,D
9.28679,77.33433,330.81,0.57,0.43,2026-08-22,0756,N20,nominal,2.0NRT,293.38,6.25,D
9.29291,77.32247,336.47,0.57,0.43,2026-08-22,0756,N20,nominal,2.0NRT,293.93,11.93,D
9.2991,77.3353,337.3,0.57,0.43,2026-08-22,0756,N20,nominal,2.0NRT,294.32,5.79,D
10.95061,76.98169,331.47,0.56,0.43,2026-08-22,0756,N20,nominal,2.0NRT,290.59,2.18,D
11.32219,78.36883,334.58,0.47,0.4,2026-08-22,0756,N20,nominal,2.0NRT,297.03,10.39,D
11.77874,79.49855,330.79,0.42,0.37,2026-08-22,0756,N20,low,2.0NRT,296.19,3.48,D
11.72647,78.68995,333.28,0.45,0.39,2026-08-22,0756,N20,nominal,2.0NRT,299.04,3.48,D
12.45388,79.08898,334.18,0.42,0.38,2026-08-22,0756,N20,low,2.0NRT,305.99,3.62,D
15.20262,77.16927,336.63,0.48,0.4,2026-08-22,0758,N20,low,2.0NRT,297.13,11,D
15.20626,77.16861,336.29,0.48,0.4,2026-08-22,0758,N20,low,2.0NRT,295.59,8.04,D
15.2055,77.16421,342.71,0.48,0.4,2026-08-22,0758,N20,nominal,2.0NRT,297.27,11.1,D
29.2226,88.35178,329.61,0.42,0.61,2026-08-22,0801,N20,nominal,2.0NRT,296.35,4.63,D
27.42161,70.90594,342.23,0.46,0.47,2026-08-22,0801,N20,nominal,2.0NRT,303.25,4.14,D
27.43431,70.793,336.22,0.46,0.47,2026-08-22,0801,N20,nominal,2.0NRT,303.02,4.25,D
27.97875,69.44168,339.96,0.54,0.51,2026-08-22,0801,N20,nominal,2.0NRT,298.7,6.51,D
29.45857,76.8695,339.11,0.38,0.36,2026-08-22,0801,N20,nominal,2.0NRT,296.9,29.94,D
29.46125,76.86491,337.25,0.38,0.36,2026-08-22,0801,N20,nominal,2.0NRT,297.42,29.94,D
28.21322,67.81223,336.57,0.33,0.56,2026-08-22,0801,N20,nominal,2.0NRT,300.54,1.33,D
28.47102,67.86205,367,0.33,0.55,2026-08-22,0801,N20,high,2.0NRT,301.52,5.73,D
28.47038,67.86119,367,0.33,0.55,2026-08-22,0801,N20,high,2.0NRT,301.82,5.38,D
28.52363,67.81788,336.72,0.33,0.55,2026-08-22,0801,N20,nominal,2.0NRT,301.47,2.24,D
29.703,68.51967,330.64,0.57,0.52,2026-08-22,0801,N20,low,2.0NRT,301.66,1.34,D
31.2423,70.68906,336.11,0.4,0.44,2026-08-22,0801,N20,nominal,2.0NRT,298.83,2.99,D
35.78124,71.34523,337.57,0.47,0.4,2026-08-22,0803,N20,nominal,2.0NRT,308.44,6.5,D
35.78046,71.34105,340.73,0.47,0.4,2026-08-22,0803,N20,nominal,2.0NRT,307.82,7.7,D
38.04917,67.26587,349.72,0.44,0.46,2026-08-22,0803,N20,nominal,2.0NRT,314.9,23.77,D
37.03293,62.41673,344.42,0.41,0.61,2026-08-22,0803,N20,nominal,2.0NRT,307.41,12.5,D
37.11911,62.3646,336.19,0.41,0.61,2026-08-22,0803,N20,low,2.0NRT,308.3,10.13,D
36.44796,59.67596,332.18,0.6,0.71,2026-08-22,0803,N20,nominal,2.0NRT,299.72,8.81,D
37.72706,61.83467,339.61,0.43,0.62,2026-08-22,0803,N20,nominal,2.0NRT,304.09,3.26,D
37.72518,61.83339,331.45,0.42,0.61,2026-08-22,0803,N20,low,2.0NRT,305.21,3.33,D
37.42417,59.70605,341.05,0.56,0.69,2026-08-22,0803,N20,nominal,2.0NRT,297.02,8.35,D
37.42243,59.70016,336.95,0.56,0.69,2026-08-22,0803,N20,nominal,2.0NRT,296.37,9.83,D
37.42489,59.68557,339.78,0.56,0.69,2026-08-22,0803,N20,nominal,2.0NRT,297.05,6.81,D
37.83565,60.6476,336.69,0.49,0.65,2026-08-22,0803,N20,nominal,2.0NRT,302.55,4.45,D
37.84278,60.65026,333.06,0.49,0.65,2026-08-22,0803,N20,nominal,2.0NRT,300.43,2.73,D
37.8413,60.64503,335.7,0.49,0.65,2026-08-22,0803,N20,nominal,2.0NRT,301.86,4.51,D
37.84089,60.64994,339.24,0.49,0.65,2026-08-22,0803,N20,nominal,2.0NRT,301.22,3.79,D
37.83937,60.64472,344.06,0.49,0.65,2026-08-22,0803,N20,nominal,2.0NRT,302.86,3.79,D
39.1576,62.58604,367,0.36,0.57,2026-08-22,0803,N20,high,2.0NRT,315.63,12.52,D
39.15862,62.58994,342.16,0.36,0.57,2026-08-22,0803,N20,nominal,2.0NRT,313.77,11.31,D
38.94602,56.46588,331.33,0.73,0.76,2026-08-22,0805,N20,nominal,2.0NRT,292.46,5.36,D
38.946,56.46646,330.02,0.73,0.76,2026-08-22,0805,N20,nominal,2.0NRT,292.54,2.48,D
25.49773,54.30678,345.17,0.4,0.37,2026-08-22,0941,N20,nominal,2.0NRT,302.88,5.16,D
27.16014,56.09947,339.75,0.47,0.4,2026-08-22,0941,N20,nominal,2.0NRT,305.55,14.63,D
27.16741,56.09832,337.64,0.47,0.4,2026-08-22,0941,N20,nominal,2.0NRT,306.49,10.56,D
27.16593,56.05247,342.88,0.47,0.4,2026-08-22,0941,N20,nominal,2.0NRT,305.8,8.04,D
27.17015,56.05663,341.77,0.47,0.4,2026-08-22,0941,N20,nominal,2.0NRT,306.76,8.04,D
28.13599,57.54902,341.61,0.57,0.43,2026-08-22,0941,N20,low,2.0NRT,315.84,2.8,D
29.99006,55.85279,346.64,0.49,0.4,2026-08-22,0943,N20,nominal,2.0NRT,317.25,13.06,D
37.0327,62.42093,344.57,0.45,0.63,2026-08-22,0943,N20,nominal,2.0NRT,309.12,13.7,D
37.11179,62.36808,339.09,0.45,0.63,2026-08-22,0943,N20,low,2.0NRT,309.3,6.81,D
37.11763,62.36771,341.11,0.45,0.63,2026-08-22,0943,N20,nominal,2.0NRT,309.52,6.81,D
37.04808,60.91439,351.63,0.37,0.58,2026-08-22,0943,N20,nominal,2.0NRT,299.98,4.67,D
37.09614,61.08649,367,0.38,0.59,2026-08-22,0943,N20,high,2.0NRT,301.51,6.84,D
37.09589,61.08216,341.2,0.38,0.59,2026-08-22,0943,N20,nominal,2.0NRT,301.67,6.84,D
37.17632,60.66918,330.95,0.36,0.57,2026-08-22,0943,N20,nominal,2.0NRT,300.31,1.1,D
37.26881,60.80869,330.57,0.37,0.58,2026-08-22,0943,N20,nominal,2.0NRT,298.72,2.79,D
37.06385,54.69098,340,0.52,0.42,2026-08-22,0945,N20,nominal,2.0NRT,305.1,8.19,D
37.72773,61.83387,333.65,0.42,0.61,2026-08-22,0945,N20,low,2.0NRT,308.15,2.73,D
37.83964,60.64352,330.84,0.36,0.58,2026-08-22,0945,N20,low,2.0NRT,302.41,2.65,D
37.84523,60.64726,345.35,0.36,0.58,2026-08-22,0945,N20,nominal,2.0NRT,294.66,3.21,D
37.85057,60.64683,335.22,0.36,0.58,2026-08-22,0945,N20,nominal,2.0NRT,304.06,3.21,D
37.84873,60.64621,354.63,0.37,0.58,2026-08-22,0945,N20,nominal,2.0NRT,304.12,5.11,D
37.84849,60.64202,333.84,0.36,0.58,2026-08-22,0945,N20,low,2.0NRT,305.42,4.62,D
39.157,62.58817,367,0.48,0.65,2026-08-22,0945,N20,high,2.0NRT,313.1,15.99,D
38.64717,54.28325,341.54,0.52,0.41,2026-08-22,0945,N20,low,2.0NRT,313.07,4.53,D
38.67775,54.31445,341.08,0.52,0.42,2026-08-22,0945,N20,low,2.0NRT,313.28,2.8,D
38.94119,56.47,335.86,0.44,0.46,2026-08-22,0945,N20,nominal,2.0NRT,300.27,3.15,D
38.94547,56.46939,330.64,0.44,0.46,2026-08-22,0945,N20,low,2.0NRT,302.75,3.15,D
18.56254,55.8703,338.75,0.4,0.37,2026-08-22,0941,N20,low,2.0NRT,313.49,1.24,D
18.69179,55.50453,346.48,0.39,0.36,2026-08-22,0941,N20,low,2.0NRT,316.61,1.65,D
19.26828,56.17577,343.79,0.41,0.37,2026-08-22,0941,N20,low,2.0NRT,317.51,2.4,D
21.31142,57.74557,351.83,0.49,0.4,2026-08-22,0941,N20,nominal,2.0NRT,319.07,4.47,D
39.28928,55.88709,347.44,0.42,0.45,2026-08-22,0945,N20,nominal,2.0NRT,307.88,5.26,D
22.33254,56.46645,344.59,0.44,0.38,2026-08-22,0941,N20,low,2.0NRT,318.53,1.46,D
39.29067,55.88869,341.92,0.42,0.45,2026-08-22,0945,N20,nominal,2.0NRT,307.65,3.31,D
22.34602,56.43413,343.68,0.44,0.38,2026-08-22,0941,N20,low,2.0NRT,318.46,1.17,D
22.87979,55.92876,349.29,0.42,0.38,2026-08-22,0941,N20,low,2.0NRT,320.72,8.23,D
22.87116,55.61485,349.08,0.41,0.37,2026-08-22,0941,N20,low,2.0NRT,323.44,0.55,D
22.87458,55.61429,348.19,0.41,0.37,2026-08-22,0941,N20,low,2.0NRT,322.89,3,D
24.50959,54.0206,333.25,0.39,0.36,2026-08-22,0943,N20,nominal,2.0NRT,302.75,3.85,D
39.80729,98.33768,295.7,0.34,0.56,2026-08-22,1841,N20,nominal,2.0NRT,283.5,0.53,N
12.68128,101.14565,301.31,0.39,0.36,2026-08-22,1849,N20,nominal,2.0NRT,273.24,0.47,N
8.62997,101.34561,309.92,0.38,0.36,2026-08-22,1849,N20,nominal,2.0NRT,293.6,0.46,N
7.93032,99.84955,305.67,0.4,0.37,2026-08-22,1849,N20,nominal,2.0NRT,292.88,1.01,N
7.39829,100.01348,305.56,0.39,0.36,2026-08-22,1849,N20,nominal,2.0NRT,292.88,0.5,N
7.39496,100.01296,308.21,0.39,0.36,2026-08-22,1849,N20,nominal,2.0NRT,292.77,1.04,N
7.2908,100.13651,307.58,0.39,0.36,2026-08-22,1849,N20,nominal,2.0NRT,292.97,0.66,N
6.56807,101.33495,333.61,0.39,0.36,2026-08-22,1849,N20,nominal,2.0NRT,275.59,8.93,N
6.56752,101.33842,305.33,0.39,0.36,2026-08-22,1849,N20,nominal,2.0NRT,279.48,8.93,N
6.56476,101.33442,335.21,0.39,0.36,2026-08-22,1849,N20,nominal,2.0NRT,274.75,8.93,N
6.56532,101.33095,297.98,0.39,0.36,2026-08-22,1849,N20,nominal,2.0NRT,275.61,0.95,N
6.18505,101.43391,307.14,0.39,0.36,2026-08-22,1851,N20,nominal,2.0NRT,289.48,0.92,N
37.34871,97.40817,296.73,0.37,0.58,2026-08-22,1841,N20,nominal,2.0NRT,282.16,0.54,N
27.32765,95.27467,308.85,0.39,0.59,2026-08-22,1845,N20,nominal,2.0NRT,287.34,3.06,N
26.63279,101.47772,301.88,0.49,0.41,2026-08-22,1845,N20,nominal,2.0NRT,288.65,0.85,N
26.62724,101.49148,300.79,0.49,0.41,2026-08-22,1845,N20,nominal,2.0NRT,287.84,0.86,N
26.60699,101.50201,305.07,0.49,0.4,2026-08-22,1845,N20,nominal,2.0NRT,288.96,1.2,N
26.58146,101.70139,301.05,0.48,0.4,2026-08-22,1845,N20,nominal,2.0NRT,289,1.18,N
26.57845,101.66655,323.91,0.48,0.4,2026-08-22,1845,N20,nominal,2.0NRT,288.25,1.87,N
26.57909,101.66151,304.07,0.48,0.4,2026-08-22,1845,N20,nominal,2.0NRT,287.93,1.87,N
26.57479,101.66582,316.57,0.48,0.4,2026-08-22,1845,N20,nominal,2.0NRT,287.62,1.87,N
26.57415,101.6709,302.48,0.48,0.4,2026-08-22,1845,N20,nominal,2.0NRT,288.8,1.22,N
26.56621,101.67435,304.23,0.48,0.4,2026-08-22,1845,N20,nominal,2.0NRT,288.89,1.89,N
26.38115,101.97713,299.36,0.47,0.39,2026-08-22,1845,N20,nominal,2.0NRT,287.08,0.67,N
38.05119,67.26051,367,0.68,0.74,2026-08-22,2023,N20,high,2.0NRT,290.86,20.91,N
38.05132,67.25287,300.55,0.68,0.74,2026-08-22,2023,N20,nominal,2.0NRT,288.27,10.78,N
29.4581,76.86677,312.68,0.49,0.4,2026-08-22,2025,N20,nominal,2.0NRT,291.19,3.32,N
28.33879,77.21997,300.38,0.46,0.39,2026-08-22,2025,N20,nominal,2.0NRT,282.62,0.61,N
28.42768,69.69906,305.02,0.41,0.61,2026-08-22,2025,N20,nominal,2.0NRT,291.54,1.11,N
26.25696,74.09583,299.44,0.42,0.45,2026-08-22,2027,N20,nominal,2.0NRT,286.73,0.22,N
23.80441,86.32185,314.37,0.47,0.48,2026-08-22,2027,N20,nominal,2.0NRT,278.84,3.96,N
23.80258,86.33081,319.81,0.47,0.48,2026-08-22,2027,N20,nominal,2.0NRT,279.36,3.4,N
23.79793,86.35358,312.09,0.47,0.48,2026-08-22,2027,N20,nominal,2.0NRT,278.26,2.19,N
23.78159,86.345,305.43,0.47,0.48,2026-08-22,2027,N20,nominal,2.0NRT,276.18,1.65,N
23.76508,86.40316,303.43,0.48,0.48,2026-08-22,2027,N20,nominal,2.0NRT,258.66,1.05,N
23.79524,86.23467,300.12,0.47,0.47,2026-08-22,2027,N20,nominal,2.0NRT,274.38,0.42,N
23.76075,86.40213,300.03,0.48,0.48,2026-08-22,2027,N20,nominal,2.0NRT,257.5,1.05,N
23.78274,86.20814,314.32,0.46,0.47,2026-08-22,2027,N20,nominal,2.0NRT,274.92,1.46,N
23.73578,86.4348,298.59,0.48,0.48,2026-08-22,2027,N20,nominal,2.0NRT,263.15,2.34,N
23.74022,86.43286,298.64,0.48,0.48,2026-08-22,2027,N20,nominal,2.0NRT,261.79,2.53,N
23.7804,86.20914,318.35,0.46,0.47,2026-08-22,2027,N20,nominal,2.0NRT,275.53,2.25,N
23.71044,86.44514,298.48,0.48,0.48,2026-08-22,2027,N20,nominal,2.0NRT,264.09,2.3,N
23.68413,86.39545,295.78,0.48,0.48,2026-08-22,2027,N20,nominal,2.0NRT,256.81,0.66,N
23.67979,86.39445,296.27,0.48,0.48,2026-08-22,2027,N20,nominal,2.0NRT,257,0.66,N
23.75904,85.8523,301.91,0.44,0.46,2026-08-22,2027,N20,nominal,2.0NRT,277.38,1.26,N
23.75485,85.85135,305.09,0.44,0.46,2026-08-22,2027,N20,nominal,2.0NRT,277.75,1.26,N
23.78721,85.55401,307.75,0.42,0.46,2026-08-22,2027,N20,nominal,2.0NRT,278.23,0.8,N
23.6965,85.3699,313.84,0.42,0.45,2026-08-22,2027,N20,nominal,2.0NRT,280.59,1.61,N
23.65643,85.50846,301.58,0.42,0.45,2026-08-22,2027,N20,nominal,2.0NRT,272.26,0.71,N
23.74177,85.00876,306.46,0.4,0.44,2026-08-22,2027,N20,nominal,2.0NRT,283.42,1.97,N
23.64876,85.43883,317.96,0.42,0.45,2026-08-22,2027,N20,nominal,2.0NRT,280.79,2.37,N
23.72109,85.00806,305.36,0.4,0.44,2026-08-22,2027,N20,nominal,2.0NRT,282.85,0.74,N
24.76343,74.60846,309.22,0.56,0.43,2026-08-22,2027,N20,nominal,2.0NRT,291.91,1.66,N
22.87493,86.06339,307.34,0.47,0.48,2026-08-22,2027,N20,nominal,2.0NRT,276.88,0.99,N
22.80076,86.0909,311.78,0.48,0.48,2026-08-22,2027,N20,nominal,2.0NRT,282.33,2.11,N
24.661,74.63132,303.41,0.56,0.43,2026-08-22,2027,N20,nominal,2.0NRT,290.51,1.23,N
22.13482,85.38378,296.32,0.44,0.46,2026-08-22,2027,N20,nominal,2.0NRT,272.94,0.5,N
22.3208,82.56306,301.62,0.47,0.39,2026-08-22,2027,N20,nominal,2.0NRT,271.16,0.68,N
22.32,82.56749,298.3,0.47,0.39,2026-08-22,2027,N20,nominal,2.0NRT,270.71,0.68,N
22.01529,83.75329,305.48,0.54,0.42,2026-08-22,2027,N20,nominal,2.0NRT,286.03,1.78,N
21.92231,83.34942,303.87,0.51,0.41,2026-08-22,2027,N20,nominal,2.0NRT,283.87,1.9,N
22.00384,82.66708,303.09,0.48,0.4,2026-08-22,2027,N20,nominal,2.0NRT,276.74,1.15,N
22.00303,82.67159,297.66,0.48,0.4,2026-08-22,2027,N20,nominal,2.0NRT,273.93,0.95,N
21.75515,83.8454,296.76,0.55,0.43,2026-08-22,2027,N20,nominal,2.0NRT,282.97,1.12,N
21.00268,86.02658,302.8,0.51,0.49,2026-08-22,2027,N20,nominal,2.0NRT,274.23,1.06,N
20.96992,86.00403,304.73,0.51,0.49,2026-08-22,2027,N20,nominal,2.0NRT,274.33,0.91,N
20.96893,86.00884,299.75,0.51,0.49,2026-08-22,2027,N20,nominal,2.0NRT,273.37,0.91,N
20.96815,86.00194,305.77,0.51,0.49,2026-08-22,2027,N20,nominal,2.0NRT,275.25,1.79,N
20.86482,84.9866,305.73,0.44,0.46,2026-08-22,2027,N20,nominal,2.0NRT,280.83,1.38,N
20.86397,84.99087,305.36,0.44,0.46,2026-08-22,2027,N20,nominal,2.0NRT,281.18,1.38,N
21.11185,72.63547,306.57,0.44,0.46,2026-08-22,2027,N20,nominal,2.0NRT,289.53,2.42,N
21.10659,72.64334,339.42,0.44,0.46,2026-08-22,2027,N20,nominal,2.0NRT,290.38,10.55,N
21.10608,72.64758,314.44,0.44,0.46,2026-08-22,2027,N20,nominal,2.0NRT,290.11,6.91,N
21.10335,72.63428,339.93,0.44,0.46,2026-08-22,2027,N20,nominal,2.0NRT,291.35,5.75,N
16.07088,79.09984,317.51,0.4,0.37,2026-08-22,2029,N20,nominal,2.0NRT,290.36,2.05,N
11.81647,77.9164,309.18,0.4,0.37,2026-08-22,2032,N20,nominal,2.0NRT,285.3,1.24,N
11.81588,77.92001,304.56,0.4,0.37,2026-08-22,2032,N20,nominal,2.0NRT,285.52,0.85,N
11.81195,77.92308,308.09,0.4,0.37,2026-08-22,2032,N20,nominal,2.0NRT,284.27,0.85,N
11.8086,77.92253,314.27,0.4,0.37,2026-08-22,2032,N20,nominal,2.0NRT,284.16,1.3,N
11.18339,79.09859,303.85,0.44,0.38,2026-08-22,2032,N20,nominal,2.0NRT,286.39,0.93,N
39.80878,98.33749,297.33,0.47,0.64,2026-08-22,2021,N20,nominal,2.0NRT,284.87,0.64,N
11.25874,77.70227,301.2,0.4,0.37,2026-08-22,2032,N20,nominal,2.0NRT,277.19,0.33,N
39.81571,98.2925,300.6,0.47,0.64,2026-08-22,2021,N20,nominal,2.0NRT,287.9,1.85,N
10.92976,77.06505,307.27,0.39,0.36,2026-08-22,2032,N20,nominal,2.0NRT,291.69,0.81,N
39.81416,98.29778,300.89,0.47,0.64,2026-08-22,2021,N20,nominal,2.0NRT,287.28,1.87,N
39.80865,98.29494,309.42,0.47,0.64,2026-08-22,2021,N20,nominal,2.0NRT,287.13,2.15,N
10.92371,77.06046,303.12,0.39,0.36,2026-08-22,2032,N20,nominal,2.0NRT,292.05,0.32,N
39.80904,98.33933,298.93,0.47,0.64,2026-08-22,2021,N20,nominal,2.0NRT,285.5,0.89,N
39.81575,98.29417,301.26,0.47,0.64,2026-08-22,2021,N20,nominal,2.0NRT,287.55,1.7,N
10.68492,77.50858,312.86,0.39,0.37,2026-08-22,2032,N20,nominal,2.0NRT,293.28,1.24,N
39.80872,98.29661,310.65,0.47,0.64,2026-08-22,2021,N20,nominal,2.0NRT,286.73,2.48,N
10.61762,77.42123,308.25,0.39,0.36,2026-08-22,2032,N20,nominal,2.0NRT,293.57,0.95,N
10.24232,77.21516,301.37,0.39,0.36,2026-08-22,2032,N20,nominal,2.0NRT,278.85,1,N
10.23955,77.2112,300.55,0.39,0.36,2026-08-22,2032,N20,nominal,2.0NRT,279.32,1,N
10.23901,77.21459,316.59,0.39,0.36,2026-08-22,2032,N20,nominal,2.0NRT,278.66,1,N
8.74051,77.59778,296.69,0.41,0.37,2026-08-22,2032,N20,nominal,2.0NRT,268.68,0.78,N
8.06269,80.76733,343.25,0.39,0.44,2026-08-22,2032,N20,nominal,2.0NRT,276.55,6.24,N
7.45575,80.96867,313.29,0.41,0.45,2026-08-22,2032,N20,nominal,2.0NRT,289.62,1.61,N
6.96272,81.59321,315.71,0.46,0.47,2026-08-22,2032,N20,nominal,2.0NRT,282.44,1.77,N
6.88375,81.58827,299.26,0.46,0.47,2026-08-22,2032,N20,nominal,2.0NRT,277.22,0.6,N
6.87871,81.59168,300.41,0.46,0.47,2026-08-22,2032,N20,nominal,2.0NRT,277.79,0.6,N
6.93954,80.96085,304.63,0.42,0.45,2026-08-22,2032,N20,nominal,2.0NRT,275,1.08,N
6.81139,81.30589,297.24,0.44,0.46,2026-08-22,2032,N20,nominal,2.0NRT,273.36,1.35,N
6.81204,81.30344,304.46,0.44,0.46,2026-08-22,2032,N20,nominal,2.0NRT,273.32,0.99,N
6.5943,81.25613,329.41,0.44,0.46,2026-08-22,2032,N20,nominal,2.0NRT,273.71,3.16,N
37.34744,97.40952,297.92,0.5,0.66,2026-08-22,2021,N20,nominal,2.0NRT,282.48,1.21,N
39.85179,66.19416,296.57,0.79,0.78,2026-08-22,2023,N20,nominal,2.0NRT,286.46,0.73,N
33.75544,59.14661,305.35,0.41,0.37,2026-08-22,2205,N20,nominal,2.0NRT,289.18,1.33,N
33.75207,59.14575,311.63,0.41,0.37,2026-08-22,2205,N20,nominal,2.0NRT,288.94,1.33,N
32.92286,60.23342,303.91,0.46,0.39,2026-08-22,2205,N20,nominal,2.0NRT,292.62,1.25,N
33.04334,56.84812,325.12,0.38,0.36,2026-08-22,2205,N20,nominal,2.0NRT,298.74,2.47,N
31.58218,60.15239,329.04,0.47,0.4,2026-08-22,2205,N20,nominal,2.0NRT,294.82,4.27,N
32.33561,54.08648,309.82,0.41,0.37,2026-08-22,2205,N20,nominal,2.0NRT,295.36,1.38,N
31.94275,54.04391,317.69,0.41,0.37,2026-08-22,2208,N20,nominal,2.0NRT,296.36,1.36,N
31.88248,54.42409,309.15,0.4,0.37,2026-08-22,2208,N20,nominal,2.0NRT,296.27,2.11,N
31.70529,55.44854,310.86,0.39,0.36,2026-08-22,2208,N20,nominal,2.0NRT,298.85,1.89,N
31.62226,54.72481,310.97,0.4,0.37,2026-08-22,2208,N20,nominal,2.0NRT,296.73,1.04,N
30.96963,56.4505,305.61,0.39,0.36,2026-08-22,2208,N20,nominal,2.0NRT,295.21,0.98,N
30.82722,56.59377,306.27,0.39,0.36,2026-08-22,2208,N20,nominal,2.0NRT,294.14,0.65,N
30.75524,56.65719,331.52,0.39,0.36,2026-08-22,2208,N20,nominal,2.0NRT,297.53,2.45,N
30.66595,56.62117,317.45,0.39,0.36,2026-08-22,2208,N20,nominal,2.0NRT,293.52,1.43,N
30.36898,57.11432,304.63,0.39,0.36,2026-08-22,2208,N20,nominal,2.0NRT,291.65,0.38,N
30.3706,56.12716,316.4,0.38,0.36,2026-08-22,2208,N20,nominal,2.0NRT,293.36,1.4,N
30.2364,56.9079,317.91,0.39,0.36,2026-08-22,2208,N20,nominal,2.0NRT,294.97,1.37,N
30.2331,56.90717,307.91,0.39,0.36,2026-08-22,2208,N20,nominal,2.0NRT,293.66,1.37,N
30.37866,55.86357,310.61,0.38,0.36,2026-08-22,2208,N20,nominal,2.0NRT,294.47,1,N
30.39094,55.76414,312.33,0.38,0.36,2026-08-22,2208,N20,nominal,2.0NRT,294.47,0.77,N
30.32314,55.97528,317.66,0.38,0.36,2026-08-22,2208,N20,nominal,2.0NRT,294.56,1.16,N
30.21625,55.98257,307.03,0.38,0.36,2026-08-22,2208,N20,nominal,2.0NRT,291.89,0.92,N
30.21562,55.98651,307.89,0.38,0.36,2026-08-22,2208,N20,nominal,2.0NRT,292.01,0.86,N
29.92792,56.73177,311,0.39,0.36,2026-08-22,2208,N20,nominal,2.0NRT,292.79,1.28,N
30.08333,55.39916,312.92,0.38,0.36,2026-08-22,2208,N20,nominal,2.0NRT,295.04,1.85,N
30.07738,55.39387,314.83,0.38,0.36,2026-08-22,2208,N20,nominal,2.0NRT,293.47,1.53,N
29.99199,55.85163,328.89,0.38,0.36,2026-08-22,2208,N20,nominal,2.0NRT,292.42,5.17,N
29.99137,55.85556,303.66,0.38,0.36,2026-08-22,2208,N20,nominal,2.0NRT,288.82,5.17,N
29.98156,55.8535,301.32,0.38,0.36,2026-08-22,2208,N20,nominal,2.0NRT,289.96,1.3,N
29.99535,55.19893,306.46,0.39,0.36,2026-08-22,2208,N20,nominal,2.0NRT,292.63,1.36,N
28.91706,58.80167,307.41,0.45,0.39,2026-08-22,2208,N20,nominal,2.0NRT,295.02,1.02,N
28.91787,58.53831,309.36,0.44,0.38,2026-08-22,2208,N20,nominal,2.0NRT,293.76,1.02,N
29.15283,55.36698,301.17,0.38,0.36,2026-08-22,2208,N20,nominal,2.0NRT,283.44,1.07,N
29.17321,54.6155,329,0.39,0.36,2026-08-22,2208,N20,nominal,2.0NRT,295.07,2.69,N
27.22917,60.49005,311.04,0.38,0.43,2026-08-22,2208,N20,nominal,2.0NRT,300.96,1.25,N
26.95873,55.54275,316.17,0.39,0.36,2026-08-22,2208,N20,nominal,2.0NRT,299.92,5.3,N
25.97474,56.06987,322,0.4,0.37,2026-08-22,2208,N20,nominal,2.0NRT,297.56,6,N
25.38527,55.96724,312.1,0.4,0.37,2026-08-22,2208,N20,nominal,2.0NRT,301.29,5.31,N
25.30979,56.37265,322.65,0.41,0.37,2026-08-22,2208,N20,nominal,2.0NRT,300.35,2.37,N
25.29677,55.61777,315.72,0.39,0.36,2026-08-22,2208,N20,nominal,2.0NRT,302.65,1.35,N
25.15741,55.24328,314.39,0.39,0.36,2026-08-22,2208,N20,nominal,2.0NRT,301.88,1.01,N
24.99201,55.62601,328.08,0.39,0.36,2026-08-22,2208,N20,nominal,2.0NRT,301.04,1.98,N
24.50773,56.61179,312.31,0.42,0.38,2026-08-22,2208,N20,nominal,2.0NRT,301.08,1.5,N
24.50503,56.607,337.61,0.42,0.38,2026-08-22,2208,N20,nominal,2.0NRT,303.37,9.86,N
24.50715,56.59475,315.9,0.42,0.38,2026-08-22,2208,N20,nominal,2.0NRT,301.49,1.56,N
24.50232,56.60221,312.75,0.42,0.38,2026-08-22,2208,N20,nominal,2.0NRT,300.63,1.61,N
24.47201,56.63405,314.38,0.42,0.38,2026-08-22,2208,N20,nominal,2.0NRT,300.32,1.09,N
24.45485,56.55004,310.46,0.42,0.38,2026-08-22,2208,N20,nominal,2.0NRT,299.49,1.06,N
24.45414,56.55411,312.9,0.42,0.38,2026-08-22,2208,N20,nominal,2.0NRT,300.68,1,N
24.51176,54.02013,332.19,0.38,0.36,2026-08-22,2208,N20,nominal,2.0NRT,302.25,6.63,N
24.33182,54.46978,319.34,0.38,0.36,2026-08-22,2208,N20,nominal,2.0NRT,302.57,5.85,N
24.32853,54.46915,324.24,0.38,0.36,2026-08-22,2208,N20,nominal,2.0NRT,301.79,6.27,N
23.55639,58.19952,311.29,0.5,0.41,2026-08-22,2210,N20,nominal,2.0NRT,300.84,0.79,N
24.0032,55.44083,315.09,0.39,0.37,2026-08-22,2210,N20,nominal,2.0NRT,302.71,1.43,N
22.6569,59.41652,312.19,0.4,0.44,2026-08-22,2210,N20,nominal,2.0NRT,299.74,0.82,N
23.19223,55.46257,311.71,0.4,0.37,2026-08-22,2210,N20,nominal,2.0NRT,300.2,1.74,N
23.18954,55.45807,319.7,0.4,0.37,2026-08-22,2210,N20,nominal,2.0NRT,300.38,2.52,N
23.04676,56.05381,330.99,0.41,0.37,2026-08-22,2210,N20,nominal,2.0NRT,298.73,3.52,N
23.31273,54.17941,314.78,0.38,0.36,2026-08-22,2210,N20,nominal,2.0NRT,299.5,0.95,N
23.27993,54.25764,334.32,0.38,0.36,2026-08-22,2210,N20,nominal,2.0NRT,303.87,10.31,N
23.27934,54.26136,312.14,0.38,0.36,2026-08-22,2210,N20,nominal,2.0NRT,299.21,10.31,N
23.27664,54.25702,334.36,0.38,0.36,2026-08-22,2210,N20,nominal,2.0NRT,302.57,10.31,N
23.27605,54.26075,339.38,0.38,0.36,2026-08-22,2210,N20,nominal,2.0NRT,307.62,10.31,N
23.27276,54.26013,314.51,0.38,0.36,2026-08-22,2210,N20,nominal,2.0NRT,299.83,1.63,N
22.92673,55.80613,314.68,0.41,0.37,2026-08-22,2210,N20,nominal,2.0NRT,298.96,1.08,N
22.88156,55.92798,337.08,0.41,0.37,2026-08-22,2210,N20,nominal,2.0NRT,300.96,7.19,N
22.87884,55.92334,331.45,0.41,0.37,2026-08-22,2210,N20,nominal,2.0NRT,300.66,2.49,N
22.87816,55.92731,341.84,0.41,0.37,2026-08-22,2210,N20,nominal,2.0NRT,301.77,7.19,N
22.87575,55.61398,333.11,0.4,0.37,2026-08-22,2210,N20,nominal,2.0NRT,298.84,1.59,N
22.87239,55.61332,320.21,0.4,0.37,2026-08-22,2210,N20,nominal,2.0NRT,298.77,1.77,N
22.78112,55.81465,312.8,0.41,0.37,2026-08-22,2210,N20,nominal,2.0NRT,299.6,1.33,N
22.67458,56.24906,324.21,0.42,0.38,2026-08-22,2210,N20,nominal,2.0NRT,300.62,0.91,N
22.67115,56.24837,310.03,0.42,0.38,2026-08-22,2210,N20,nominal,2.0NRT,299.52,0.91,N
22.4051,56.98898,331.83,0.46,0.39,2026-08-22,2210,N20,nominal,2.0NRT,300.29,2.8,N
22.40569,56.99052,331.4,0.46,0.39,2026-08-22,2210,N20,nominal,2.0NRT,299.91,3.31,N
22.78185,54.72776,309.88,0.39,0.36,2026-08-22,2210,N20,nominal,2.0NRT,298.72,0.83,N
22.44207,56.69954,331.86,0.44,0.39,2026-08-22,2210,N20,nominal,2.0NRT,300.23,3.22,N
22.3297,56.491,319.48,0.44,0.38,2026-08-22,2210,N20,nominal,2.0NRT,299.38,1.26,N
22.32623,56.49028,321.47,0.44,0.38,2026-08-22,2210,N20,nominal,2.0NRT,299.77,2.29,N
22.32569,56.47283,317.36,0.44,0.38,2026-08-22,2210,N20,nominal,2.0NRT,299.79,1.56,N
22.29106,56.52632,314.75,0.44,0.38,2026-08-22,2210,N20,nominal,2.0NRT,299.51,1.43,N
22.52678,54.05199,312.28,0.38,0.36,2026-08-22,2210,N20,nominal,2.0NRT,297.73,1.31,N
21.93905,57.07561,313.57,0.47,0.39,2026-08-22,2210,N20,nominal,2.0NRT,298.1,2.19,N
21.93547,57.07488,328.25,0.47,0.39,2026-08-22,2210,N20,nominal,2.0NRT,297.62,2.19,N
21.89117,56.84747,330.88,0.46,0.39,2026-08-22,2210,N20,nominal,2.0NRT,299.05,3.3,N
21.83369,56.68137,322.01,0.45,0.39,2026-08-22,2210,N20,nominal,2.0NRT,299.24,4,N
21.94424,56.03259,323.01,0.42,0.38,2026-08-22,2210,N20,nominal,2.0NRT,299.68,4.15,N
21.33576,57.7231,312.45,0.51,0.41,2026-08-22,2210,N20,nominal,2.0NRT,297.09,1.3,N
21.32083,57.72002,320.15,0.51,0.41,2026-08-22,2210,N20,nominal,2.0NRT,297.14,2.41,N
21.31263,57.7434,326.19,0.51,0.41,2026-08-22,2210,N20,nominal,2.0NRT,297.28,3.27,N
21.31173,57.74826,312.57,0.51,0.41,2026-08-22,2210,N20,nominal,2.0NRT,297.3,1.58,N
21.3027,57.79693,310.45,0.51,0.41,2026-08-22,2210,N20,nominal,2.0NRT,297.21,0.87,N
21.3077,57.70728,311.65,0.51,0.41,2026-08-22,2210,N20,nominal,2.0NRT,297.16,1.09,N
21.29728,57.68007,306.98,0.51,0.41,2026-08-22,2210,N20,nominal,2.0NRT,296.43,0.47,N
21.29661,57.67852,306.85,0.51,0.41,2026-08-22,2210,N20,nominal,2.0NRT,296.02,0.63,N
21.33527,56.7003,318.74,0.46,0.39,2026-08-22,2210,N20,nominal,2.0NRT,301.12,4.84,N
21.33173,56.69958,330.63,0.46,0.39,2026-08-22,2210,N20,nominal,2.0NRT,303.65,4.84,N
21.33249,56.69525,313.02,0.46,0.39,2026-08-22,2210,N20,nominal,2.0NRT,299.48,4.84,N
21.40987,55.74289,311.71,0.42,0.38,2026-08-22,2210,N20,nominal,2.0NRT,301.63,1.08,N
20.98715,56.77514,310.91,0.46,0.39,2026-08-22,2210,N20,nominal,2.0NRT,299.37,0.41,N
21.00099,56.53074,323.2,0.45,0.39,2026-08-22,2210,N20,nominal,2.0NRT,300.03,1.53,N
20.3768,55.93597,309.85,0.43,0.38,2026-08-22,2210,N20,nominal,2.0NRT,298.89,0.52,N
20.38848,55.66113,330.72,0.42,0.38,2026-08-22,2210,N20,nominal,2.0NRT,300.07,3.46,N
20.38712,55.64845,319.97,0.42,0.38,2026-08-22,2210,N20,nominal,2.0NRT,298.86,1.42,N
20.2113,55.71217,317.41,0.43,0.38,2026-08-22,2210,N20,nominal,2.0NRT,298.04,1.21,N
19.34928,56.45856,316.77,0.47,0.4,2026-08-22,2210,N20,nominal,2.0NRT,297.55,1.52,N
18.32246,55.10747,322.53,0.42,0.38,2026-08-22,2210,N20,nominal,2.0NRT,298.61,1.49,N
18.32314,55.10351,313.01,0.42,0.38,2026-08-22,2210,N20,nominal,2.0NRT,297.41,1.38,N
18.03553,54.64254,309.7,0.41,0.37,2026-08-22,2210,N20,nominal,2.0NRT,298.5,0.48,N
18.01511,54.57195,347.53,0.41,0.37,2026-08-22,2210,N20,nominal,2.0NRT,306.15,15.21,N
18.01447,54.57578,325.81,0.41,0.37,2026-08-22,2210,N20,nominal,2.0NRT,300.51,15.21,N
18.01173,54.57132,347.61,0.41,0.37,2026-08-22,2210,N20,nominal,2.0NRT,299.77,5.02,N
18.01109,54.57515,320.67,0.41,0.37,2026-08-22,2210,N20,nominal,2.0NRT,298.29,5.02,N
39.85233,66.20074,301.22,0.43,0.46,2026-08-22,2203,N20,nominal,2.0NRT,290.59,0.54,N
39.60057,67.02576,335.85,0.48,0.48,2026-08-22,2203,N20,nominal,2.0NRT,286.34,5.06,N
38.39735,69.11338,304.68,0.33,0.55,2026-08-22,2203,N20,nominal,2.0NRT,288.84,0.61,N
39.18515,65.31425,305.67,0.4,0.44,2026-08-22,2203,N20,nominal,2.0NRT,290.47,1.16,N
39.30545,62.97697,303.42,0.48,0.4,2026-08-22,2203,N20,nominal,2.0NRT,291.51,1.44,N
39.28029,63.08385,305.69,0.48,0.4,2026-08-22,2203,N20,nominal,2.0NRT,291.41,0.83,N
39.25034,63.21373,311.58,0.49,0.4,2026-08-22,2203,N20,nominal,2.0NRT,288.47,1.74,N
39.25087,63.17297,303.92,0.48,0.4,2026-08-22,2203,N20,nominal,2.0NRT,290.68,0.78,N
39.18174,63.34962,301.01,0.49,0.41,2026-08-22,2203,N20,nominal,2.0NRT,289.75,1.23,N
39.16943,63.2567,305.11,0.49,0.4,2026-08-22,2203,N20,nominal,2.0NRT,291.65,1.55,N
39.15717,63.3177,306.38,0.49,0.41,2026-08-22,2203,N20,nominal,2.0NRT,291.2,0.75,N
39.1647,63.26104,306.75,0.49,0.4,2026-08-22,2203,N20,nominal,2.0NRT,290.17,0.81,N
39.12959,63.41586,302.4,0.5,0.41,2026-08-22,2203,N20,nominal,2.0NRT,289.92,0.61,N
39.12814,63.30809,310.44,0.49,0.41,2026-08-22,2203,N20,nominal,2.0NRT,291.28,1.72,N
39.11523,63.33352,306.23,0.49,0.41,2026-08-22,2203,N20,nominal,2.0NRT,291.18,1.14,N
39.05935,63.54935,300.28,0.51,0.41,2026-08-22,2203,N20,nominal,2.0NRT,290.04,0.43,N
39.05612,63.44426,302.75,0.5,0.41,2026-08-22,2203,N20,nominal,2.0NRT,290.35,0.93,N
39.00619,63.53652,300.55,0.51,0.41,2026-08-22,2203,N20,nominal,2.0NRT,289.26,0.5,N
38.46729,65.78071,305.2,0.44,0.46,2026-08-22,2203,N20,nominal,2.0NRT,292.65,2.04,N
38.46652,65.78297,306.92,0.44,0.46,2026-08-22,2203,N20,nominal,2.0NRT,294.54,2.53,N
38.45698,65.80583,308.02,0.44,0.46,2026-08-22,2203,N20,nominal,2.0NRT,292.18,1.08,N
38.87337,63.79899,310.1,0.52,0.42,2026-08-22,2203,N20,nominal,2.0NRT,289.21,1.99,N
38.83756,63.81828,303.62,0.52,0.42,2026-08-22,2203,N20,nominal,2.0NRT,290.61,2.04,N
38.05318,67.26537,311.98,0.54,0.5,2026-08-22,2203,N20,nominal,2.0NRT,290.54,2.36,N
38.78559,63.91447,299.69,0.53,0.42,2026-08-22,2203,N20,nominal,2.0NRT,289.45,0.62,N
38.13158,64.67494,308.89,0.39,0.44,2026-08-22,2203,N20,nominal,2.0NRT,291.69,1.12,N
38.11919,64.71297,304.41,0.4,0.44,2026-08-22,2203,N20,nominal,2.0NRT,290.87,0.81,N
38.05612,64.88639,306.95,0.41,0.45,2026-08-22,2203,N20,nominal,2.0NRT,292.56,1.03,N
37.96935,65.04594,300.99,0.41,0.45,2026-08-22,2203,N20,nominal,2.0NRT,290.5,0.83,N
37.8019,65.19096,302,0.42,0.46,2026-08-22,2203,N20,nominal,2.0NRT,291.2,0.79,N
39.51207,54.32658,312.34,0.47,0.4,2026-08-22,2203,N20,nominal,2.0NRT,296.97,1.85,N
37.99209,61.8808,302.19,0.45,0.39,2026-08-22,2203,N20,nominal,2.0NRT,291.64,1.33,N
37.98412,61.88371,312.06,0.45,0.39,2026-08-22,2203,N20,nominal,2.0NRT,292.34,1.14,N
37.79696,62.55,321.57,0.48,0.4,2026-08-22,2203,N20,nominal,2.0NRT,291.48,2.57,N
37.88774,62.02384,310.68,0.46,0.39,2026-08-22,2203,N20,nominal,2.0NRT,291.97,0.75,N
37.78826,62.5359,317.43,0.48,0.4,2026-08-22,2203,N20,nominal,2.0NRT,291.24,2.69,N
37.78317,62.52295,303.26,0.48,0.4,2026-08-22,2203,N20,nominal,2.0NRT,290.25,0.76,N
37.77698,62.02695,308.58,0.46,0.39,2026-08-22,2203,N20,nominal,2.0NRT,290.78,1.04,N
37.84602,61.60618,303.27,0.44,0.39,2026-08-22,2203,N20,nominal,2.0NRT,292.48,0.73,N
37.74199,62.1306,304.47,0.47,0.39,2026-08-22,2203,N20,nominal,2.0NRT,290.35,1.16,N
37.74136,62.07579,309.88,0.46,0.39,2026-08-22,2203,N20,nominal,2.0NRT,291.23,1.01,N
37.72674,62.09313,309.61,0.46,0.39,2026-08-22,2203,N20,nominal,2.0NRT,292.09,0.94,N
37.75103,61.85226,303.92,0.45,0.39,2026-08-22,2203,N20,nominal,2.0NRT,290.65,0.37,N
37.67246,62.23576,309.56,0.47,0.4,2026-08-22,2203,N20,nominal,2.0NRT,290.52,1.89,N
37.66074,62.23769,306.15,0.47,0.4,2026-08-22,2203,N20,nominal,2.0NRT,290.56,0.78,N
37.66284,62.24176,302.35,0.47,0.4,2026-08-22,2203,N20,nominal,2.0NRT,290.56,0.71,N
37.7969,61.49533,307.3,0.44,0.38,2026-08-22,2203,N20,nominal,2.0NRT,292.77,1.04,N
37.63938,62.20686,315.65,0.47,0.4,2026-08-22,2203,N20,nominal,2.0NRT,290.95,1.04,N
37.62668,62.21397,311.64,0.47,0.4,2026-08-22,2203,N20,nominal,2.0NRT,292.07,1.44,N
37.62766,62.17013,317,0.47,0.4,2026-08-22,2203,N20,nominal,2.0NRT,292.21,2.12,N
37.62506,62.12538,310.46,0.47,0.4,2026-08-22,2203,N20,nominal,2.0NRT,292.1,1.3,N
37.62204,62.14091,314.18,0.47,0.4,2026-08-22,2203,N20,nominal,2.0NRT,293.44,1.85,N
37.61848,62.13982,310.08,0.47,0.4,2026-08-22,2203,N20,nominal,2.0NRT,292.76,1.87,N
37.65613,61.90687,318.21,0.46,0.39,2026-08-22,2203,N20,nominal,2.0NRT,293.26,2.43,N
38.25524,58.38976,311.46,0.38,0.36,2026-08-22,2203,N20,nominal,2.0NRT,296.77,1.38,N
37.55922,61.93485,301.65,0.46,0.39,2026-08-22,2203,N20,nominal,2.0NRT,291.01,0.62,N
37.61123,61.60473,323.25,0.45,0.39,2026-08-22,2203,N20,nominal,2.0NRT,296.38,2.46,N
37.61028,61.6097,305.09,0.45,0.39,2026-08-22,2203,N20,nominal,2.0NRT,292.65,1.37,N
37.61338,61.57397,311.6,0.45,0.39,2026-08-22,2203,N20,nominal,2.0NRT,293.44,1.46,N
37.60896,61.57788,305.12,0.45,0.39,2026-08-22,2203,N20,nominal,2.0NRT,293.91,1.29,N
37.59786,61.55888,318.42,0.45,0.39,2026-08-22,2203,N20,nominal,2.0NRT,295.1,2.02,N
38.19521,58.10135,325.58,0.38,0.36,2026-08-22,2203,N20,nominal,2.0NRT,296.59,2.24,N
38.26389,57.65822,316.94,0.39,0.36,2026-08-22,2203,N20,nominal,2.0NRT,299.19,1.94,N
38.1492,58.39159,311.77,0.38,0.36,2026-08-22,2203,N20,nominal,2.0NRT,294.74,1.03,N
38.14851,58.39592,307.21,0.38,0.36,2026-08-22,2203,N20,nominal,2.0NRT,295.42,1.03,N
37.59655,61.52718,316.97,0.45,0.39,2026-08-22,2203,N20,nominal,2.0NRT,293.77,2.4,N
37.58996,61.56175,306.19,0.45,0.39,2026-08-22,2203,N20,nominal,2.0NRT,293.32,1.17,N
37.59307,61.52615,329.34,0.45,0.39,2026-08-22,2203,N20,nominal,2.0NRT,294.13,2.4,N
37.59213,61.53109,308.07,0.45,0.39,2026-08-22,2203,N20,nominal,2.0NRT,293.43,1.02,N
37.59119,61.53601,302.53,0.45,0.39,2026-08-22,2203,N20,nominal,2.0NRT,292.39,1.02,N
37.50394,61.98843,306.62,0.46,0.39,2026-08-22,2203,N20,nominal,2.0NRT,290.92,0.6,N
38.19287,58.05119,314.57,0.38,0.36,2026-08-22,2203,N20,nominal,2.0NRT,297.1,1.53,N
37.58299,61.55968,315.17,0.45,0.39,2026-08-22,2203,N20,nominal,2.0NRT,293.44,1.85,N
37.42542,62.3095,301.81,0.48,0.4,2026-08-22,2203,N20,nominal,2.0NRT,290.02,0.38,N
37.47912,62.01129,305.39,0.47,0.39,2026-08-22,2203,N20,nominal,2.0NRT,291.57,0.94,N
37.49878,61.8497,310.96,0.46,0.39,2026-08-22,2203,N20,nominal,2.0NRT,293.99,2.2,N
38.67991,54.31323,322.47,0.46,0.39,2026-08-22,2203,N20,nominal,2.0NRT,295.36,2.05,N
38.65076,54.28012,328.91,0.46,0.39,2026-08-22,2203,N20,nominal,2.0NRT,296.09,2.56,N
37.72533,60.3687,308.23,0.41,0.37,2026-08-22,2203,N20,nominal,2.0NRT,294.21,0.68,N
38.05852,58.16743,310.91,0.38,0.36,2026-08-22,2203,N20,nominal,2.0NRT,295.78,1.58,N
37.62337,60.4436,308.4,0.41,0.37,2026-08-22,2203,N20,nominal,2.0NRT,294.67,0.77,N
37.94064,58.56227,318.32,0.39,0.36,2026-08-22,2203,N20,nominal,2.0NRT,294.88,1.29,N
37.63467,60.34082,322.15,0.41,0.37,2026-08-22,2203,N20,nominal,2.0NRT,295.93,1.55,N
37.51199,61.01703,306.46,0.43,0.38,2026-08-22,2203,N20,nominal,2.0NRT,295.11,0.83,N
37.61895,60.38928,306.22,0.41,0.37,2026-08-22,2203,N20,nominal,2.0NRT,294.12,0.5,N
37.50338,61.02458,308.07,0.43,0.38,2026-08-22,2203,N20,nominal,2.0NRT,294.36,0.78,N
37.79681,59.32768,306.66,0.39,0.36,2026-08-22,2203,N20,nominal,2.0NRT,294.39,0.99,N
37.79607,59.33207,318.23,0.39,0.36,2026-08-22,2203,N20,nominal,2.0NRT,294.61,0.99,N
37.79533,59.33645,306.52,0.39,0.36,2026-08-22,2203,N20,nominal,2.0NRT,294.76,0.91,N
37.928,58.51397,306.28,0.38,0.36,2026-08-22,2203,N20,nominal,2.0NRT,294.97,0.92,N
37.78875,59.33468,321.39,0.39,0.36,2026-08-22,2203,N20,nominal,2.0NRT,294.47,1.77,N
37.34806,61.36449,312.62,0.44,0.39,2026-08-22,2203,N20,nominal,2.0NRT,294.28,1.29,N
37.48892,60.46159,310.62,0.41,0.37,2026-08-22,2203,N20,nominal,2.0NRT,294.82,0.79,N
37.11769,62.36389,326.18,0.49,0.4,2026-08-22,2203,N20,nominal,2.0NRT,294.69,3.37,N
37.82952,58.38296,317.48,0.38,0.36,2026-08-22,2203,N20,nominal,2.0NRT,294.31,1.07,N
37.11408,62.36278,315.05,0.49,0.4,2026-08-22,2203,N20,nominal,2.0NRT,294.33,3.37,N
37.68553,59.15411,310.83,0.39,0.36,2026-08-22,2203,N20,nominal,2.0NRT,294.61,0.77,N
37.03537,62.41652,335.51,0.49,0.4,2026-08-22,2203,N20,nominal,2.0NRT,295.06,5.83,N
37.03068,62.42078,311.2,0.49,0.4,2026-08-22,2203,N20,nominal,2.0NRT,293.63,3.97,N
37.39029,59.99889,310.74,0.41,0.37,2026-08-22,2205,N20,nominal,2.0NRT,294.41,1.47,N
37.21997,60.02485,316.97,0.41,0.37,2026-08-22,2205,N20,nominal,2.0NRT,295.47,1.03,N
37.21662,60.02393,313.75,0.41,0.37,2026-08-22,2205,N20,nominal,2.0NRT,294.49,1.03,N
37.45509,57.6865,315.32,0.38,0.36,2026-08-22,2205,N20,nominal,2.0NRT,292.14,1.4,N
37.32994,58.11389,302.25,0.38,0.36,2026-08-22,2205,N20,nominal,2.0NRT,289.05,0.87,N
36.47221,61.4557,304,0.46,0.39,2026-08-22,2205,N20,nominal,2.0NRT,293.29,0.61,N
37.22804,55.17164,304.85,0.42,0.38,2026-08-22,2205,N20,nominal,2.0NRT,294.44,0.73,N
36.47645,59.74603,303.21,0.41,0.37,2026-08-22,2205,N20,nominal,2.0NRT,291.46,1.3,N
36.99262,56.23338,302.29,0.4,0.37,2026-08-22,2205,N20,nominal,2.0NRT,291.03,0.21,N
36.49484,59.33286,311.31,0.4,0.37,2026-08-22,2205,N20,nominal,2.0NRT,290.57,1.28,N
36.44802,59.40293,302.5,0.4,0.37,2026-08-22,2205,N20,nominal,2.0NRT,292.21,0.86,N
36.2726,59.65121,309.43,0.41,0.37,2026-08-22,2205,N20,nominal,2.0NRT,294,1.03,N
36.23773,59.73043,305.93,0.41,0.37,2026-08-22,2205,N20,nominal,2.0NRT,291.03,1.21,N
36.94817,54.88735,317.81,0.43,0.38,2026-08-22,2205,N20,nominal,2.0NRT,295.68,2.16,N
36.94471,54.88664,314.94,0.43,0.38,2026-08-22,2205,N20,nominal,2.0NRT,295.58,1.84,N
36.3424,58.67821,317.24,0.39,0.36,2026-08-22,2205,N20,nominal,2.0NRT,291.66,2.08,N
36.33727,58.66802,304.05,0.39,0.36,2026-08-22,2205,N20,nominal,2.0NRT,291.2,0.98,N
36.28092,58.78008,305.13,0.39,0.36,2026-08-22,2205,N20,nominal,2.0NRT,293.98,1.24,N
36.24482,57.38201,306.4,0.38,0.36,2026-08-22,2205,N20,nominal,2.0NRT,294.7,0.72,N
36.29745,54.7885,313.91,0.42,0.38,2026-08-22,2205,N20,nominal,2.0NRT,291.54,1.47,N
36.35556,54.11939,299.46,0.45,0.39,2026-08-22,2205,N20,nominal,2.0NRT,288.85,0.46,N
36.32187,54.18719,301.69,0.44,0.39,2026-08-22,2205,N20,nominal,2.0NRT,288.23,0.56,N
35.36898,59.30332,300.67,0.4,0.37,2026-08-22,2205,N20,nominal,2.0NRT,289.88,0.66,N
35.36821,59.30771,303.09,0.4,0.37,2026-08-22,2205,N20,nominal,2.0NRT,290.56,0.66,N
35.31541,59.48734,301.62,0.41,0.37,2026-08-22,2205,N20,nominal,2.0NRT,291.49,0.68,N
6.56345,101.33699,336.18,0.54,0.68,2026-08-23,0555,N20,nominal,2.0NRT,288.93,6.23,D
26.57588,101.66643,349.55,0.44,0.46,2026-08-23,0559,N20,nominal,2.0NRT,295.74,12.98,D
26.57732,101.66797,340.62,0.43,0.46,2026-08-23,0559,N20,nominal,2.0NRT,294.12,7.23,D
36.81676,93.28786,349.48,0.39,0.59,2026-08-23,0603,N20,nominal,2.0NRT,298.73,3.49,D
36.83429,93.2895,338.31,0.38,0.59,2026-08-23,0603,N20,nominal,2.0NRT,299.59,3.65,D
39.84233,98.2761,338.47,0.55,0.42,2026-08-23,0603,N20,nominal,2.0NRT,307.64,2.63,D
39.78937,97.88423,336.47,0.57,0.43,2026-08-23,0603,N20,low,2.0NRT,306.93,4.74,D
6.31517,81.29012,330.1,0.47,0.48,2026-08-23,0735,N20,nominal,2.0NRT,292.21,4.89,D
6.33536,81.03026,344.29,0.49,0.49,2026-08-23,0735,N20,nominal,2.0NRT,302.08,36.1,D
6.3398,81.0295,344.93,0.49,0.49,2026-08-23,0735,N20,nominal,2.0NRT,302.46,36.1,D
6.33888,81.03094,342.65,0.49,0.49,2026-08-23,0735,N20,nominal,2.0NRT,299.35,52.18,D
6.33813,81.02659,303.61,0.49,0.49,2026-08-23,0735,N20,low,2.0NRT,304.38,58.22,D
6.34828,80.95207,332.7,0.5,0.49,2026-08-23,0735,N20,nominal,2.0NRT,296.91,3.05,D
6.55703,81.00613,332.88,0.49,0.49,2026-08-23,0735,N20,nominal,2.0NRT,299.15,3.97,D
6.55634,81.00748,331.23,0.49,0.49,2026-08-23,0735,N20,nominal,2.0NRT,298.91,3.05,D
6.71475,81.49844,330.79,0.45,0.47,2026-08-23,0735,N20,low,2.0NRT,300.9,2.87,D
6.6987,81.32035,332.23,0.46,0.47,2026-08-23,0735,N20,nominal,2.0NRT,301.09,4.98,D
6.74791,81.38956,336.69,0.46,0.47,2026-08-23,0735,N20,nominal,2.0NRT,300.78,2.55,D
6.75221,81.38889,331.4,0.46,0.47,2026-08-23,0735,N20,nominal,2.0NRT,300.15,2.55,D
6.73983,81.28932,339.53,0.47,0.47,2026-08-23,0735,N20,nominal,2.0NRT,300.71,7.27,D
6.75599,81.35888,344.78,0.46,0.47,2026-08-23,0735,N20,nominal,2.0NRT,299.9,7.54,D
6.84109,81.78936,335.38,0.43,0.46,2026-08-23,0735,N20,nominal,2.0NRT,302.24,5.82,D
6.86273,81.73821,335.56,0.43,0.46,2026-08-23,0735,N20,nominal,2.0NRT,300.03,4.81,D
6.86629,81.73367,330.67,0.43,0.46,2026-08-23,0735,N20,nominal,2.0NRT,299.33,5.94,D
6.96991,81.59953,339.01,0.44,0.46,2026-08-23,0735,N20,nominal,2.0NRT,303.57,7.29,D
6.8866,81.06376,337.36,0.48,0.48,2026-08-23,0735,N20,nominal,2.0NRT,297.17,4.48,D
6.88657,81.06085,338.52,0.48,0.48,2026-08-23,0735,N20,nominal,2.0NRT,297.49,4.15,D
7.04487,81.78691,335.2,0.43,0.46,2026-08-23,0735,N20,nominal,2.0NRT,300.29,4.88,D
7.07812,81.51768,337.2,0.44,0.46,2026-08-23,0735,N20,nominal,2.0NRT,301.06,5.9,D
7.01256,81.18917,330.09,0.47,0.48,2026-08-23,0735,N20,nominal,2.0NRT,294.86,4.4,D
7.07767,81.51814,335.18,0.44,0.46,2026-08-23,0735,N20,nominal,2.0NRT,301.05,5.11,D
7.11624,81.66873,330.52,0.43,0.46,2026-08-23,0735,N20,low,2.0NRT,303.22,3.05,D
7.12043,81.66808,341.97,0.43,0.46,2026-08-23,0735,N20,nominal,2.0NRT,303.11,4.74,D
7.23374,81.72089,340.87,0.43,0.46,2026-08-23,0735,N20,nominal,2.0NRT,303.37,4.81,D
7.14783,81.13628,342.68,0.47,0.48,2026-08-23,0735,N20,nominal,2.0NRT,299.17,12.85,D
7.28807,81.7901,349.5,0.42,0.45,2026-08-23,0735,N20,nominal,2.0NRT,298.97,8.94,D
7.2684,81.67165,332.97,0.43,0.46,2026-08-23,0735,N20,nominal,2.0NRT,299.94,1.66,D
7.30136,81.81894,331.53,0.42,0.45,2026-08-23,0735,N20,nominal,2.0NRT,296.94,2.98,D
7.30011,81.8114,332.81,0.42,0.45,2026-08-23,0735,N20,nominal,2.0NRT,295.37,3.09,D
7.31046,81.84834,331.06,0.42,0.45,2026-08-23,0735,N20,nominal,2.0NRT,296.9,2.93,D
7.30674,81.82579,336.45,0.42,0.45,2026-08-23,0735,N20,nominal,2.0NRT,297.69,3.08,D
7.30403,81.78355,342.7,0.42,0.45,2026-08-23,0735,N20,nominal,2.0NRT,298.58,6.88,D
7.30818,81.78284,336.52,0.42,0.45,2026-08-23,0735,N20,nominal,2.0NRT,296.75,3.22,D
7.30756,81.77906,333.7,0.42,0.45,2026-08-23,0735,N20,nominal,2.0NRT,297.01,3.22,D
7.32162,81.83877,338.64,0.42,0.45,2026-08-23,0735,N20,nominal,2.0NRT,296.3,3.28,D
7.33094,81.81787,334.58,0.42,0.45,2026-08-23,0735,N20,nominal,2.0NRT,293.76,2.83,D
7.3464,81.83462,342.29,0.42,0.45,2026-08-23,0735,N20,nominal,2.0NRT,297.41,5.93,D
7.34449,81.83492,342.03,0.42,0.45,2026-08-23,0735,N20,nominal,2.0NRT,296.66,4.59,D
7.27224,81.20474,331.47,0.46,0.47,2026-08-23,0735,N20,nominal,2.0NRT,304.24,2.86,D
7.27656,81.204,332.09,0.46,0.47,2026-08-23,0735,N20,low,2.0NRT,302.93,2.73,D
7.37513,81.71319,336.91,0.43,0.46,2026-08-23,0735,N20,nominal,2.0NRT,293.4,4.1,D
7.30222,81.11842,342.07,0.47,0.48,2026-08-23,0735,N20,nominal,2.0NRT,302.46,5.35,D
7.30151,81.1142,344.83,0.47,0.48,2026-08-23,0735,N20,nominal,2.0NRT,303.33,9,D
7.35397,81.40369,349.65,0.45,0.47,2026-08-23,0735,N20,nominal,2.0NRT,306.2,8.97,D
7.30654,81.11765,339.13,0.47,0.48,2026-08-23,0735,N20,nominal,2.0NRT,301.76,2.59,D
7.44489,81.68541,330.77,0.43,0.46,2026-08-23,0735,N20,nominal,2.0NRT,299.67,3.46,D
7.45035,81.69235,332.77,0.43,0.46,2026-08-23,0735,N20,nominal,2.0NRT,299.08,2.18,D
7.43746,81.3318,334.06,0.45,0.47,2026-08-23,0735,N20,nominal,2.0NRT,300.7,3.36,D
7.41816,81.16299,332.52,0.46,0.47,2026-08-23,0735,N20,low,2.0NRT,303.67,3.92,D
7.54559,81.66483,334.48,0.43,0.46,2026-08-23,0735,N20,nominal,2.0NRT,300.79,3.54,D
7.56229,81.71291,343.49,0.42,0.45,2026-08-23,0735,N20,nominal,2.0NRT,300.22,4.82,D
7.52429,81.14999,330.13,0.46,0.47,2026-08-23,0735,N20,nominal,2.0NRT,297.77,6.86,D
7.7274,81.25163,344.46,0.45,0.47,2026-08-23,0735,N20,nominal,2.0NRT,305.62,10.14,D
7.72671,81.24757,332.15,0.45,0.47,2026-08-23,0735,N20,low,2.0NRT,304.9,6.54,D
7.73098,81.24683,349.97,0.45,0.47,2026-08-23,0735,N20,nominal,2.0NRT,303.48,6.54,D
7.80654,81.38605,348.06,0.44,0.46,2026-08-23,0735,N20,nominal,2.0NRT,302.39,7.33,D
7.80676,81.38696,346.66,0.44,0.46,2026-08-23,0735,N20,nominal,2.0NRT,302.44,9.48,D
7.80608,81.38302,332.86,0.44,0.46,2026-08-23,0735,N20,nominal,2.0NRT,300.96,8.05,D
7.80628,81.04959,330.85,0.46,0.47,2026-08-23,0735,N20,nominal,2.0NRT,297.31,1.87,D
7.87271,81.39196,343.23,0.44,0.46,2026-08-23,0735,N20,nominal,2.0NRT,300.49,15.46,D
7.90035,81.47977,336.5,0.43,0.46,2026-08-23,0735,N20,nominal,2.0NRT,300.02,4.91,D
7.88367,81.35361,338.66,0.44,0.46,2026-08-23,0735,N20,nominal,2.0NRT,300.02,4,D
7.90807,81.42229,331.41,0.44,0.46,2026-08-23,0735,N20,nominal,2.0NRT,300.55,3.81,D
7.92421,81.46774,367,0.43,0.46,2026-08-23,0735,N20,high,2.0NRT,302.79,12.99,D
7.94226,81.36741,330.95,0.44,0.46,2026-08-23,0735,N20,nominal,2.0NRT,298.91,3.18,D
7.93976,81.32716,340.81,0.44,0.46,2026-08-23,0735,N20,nominal,2.0NRT,297.1,3.23,D
8.13237,81.33608,331.15,0.44,0.46,2026-08-23,0735,N20,nominal,2.0NRT,296.87,6.02,D
8.07623,80.77672,340.82,0.48,0.48,2026-08-23,0735,N20,nominal,2.0NRT,295.7,19.91,D
8.07549,80.77242,347.14,0.48,0.48,2026-08-23,0735,N20,nominal,2.0NRT,298.71,26.84,D
8.06061,80.65894,330.04,0.49,0.48,2026-08-23,0735,N20,nominal,2.0NRT,294.68,3.65,D
8.13021,80.6172,340.53,0.49,0.49,2026-08-23,0735,N20,nominal,2.0NRT,289.97,5.23,D
8.25849,81.33619,335.65,0.44,0.46,2026-08-23,0735,N20,nominal,2.0NRT,295.94,7.59,D
8.35998,80.63805,331.25,0.48,0.48,2026-08-23,0735,N20,nominal,2.0NRT,297.73,3.33,D
8.43912,80.65124,336.31,0.48,0.48,2026-08-23,0737,N20,nominal,2.0NRT,294.67,1.06,D
8.43922,80.65229,331.07,0.48,0.48,2026-08-23,0737,N20,nominal,2.0NRT,295.16,1.53,D
8.47518,80.67726,342.78,0.48,0.48,2026-08-23,0737,N20,nominal,2.0NRT,299.94,25.09,D
8.53536,80.8451,330.6,0.47,0.47,2026-08-23,0737,N20,nominal,2.0NRT,294.58,1.27,D
8.46599,80.16749,343,0.52,0.5,2026-08-23,0737,N20,nominal,2.0NRT,296.15,7.87,D
8.57974,80.7642,331.5,0.47,0.48,2026-08-23,0737,N20,nominal,2.0NRT,294.47,1.12,D
8.46752,80.16967,343.23,0.52,0.5,2026-08-23,0737,N20,nominal,2.0NRT,293.83,14.91,D
8.58122,80.76549,332.04,0.47,0.48,2026-08-23,0737,N20,nominal,2.0NRT,295.47,2.07,D
8.56108,80.62408,349.16,0.48,0.48,2026-08-23,0737,N20,nominal,2.0NRT,296.96,6.66,D
8.57135,80.6312,345.2,0.48,0.48,2026-08-23,0737,N20,nominal,2.0NRT,297.07,11.3,D
8.57061,80.62693,350.55,0.48,0.48,2026-08-23,0737,N20,nominal,2.0NRT,298.65,11.3,D
8.62965,80.81326,338.13,0.47,0.47,2026-08-23,0737,N20,nominal,2.0NRT,297.13,5.91,D
8.65805,80.53242,341.25,0.49,0.48,2026-08-23,0737,N20,nominal,2.0NRT,294.52,6.72,D
8.70381,80.37412,341.37,0.5,0.49,2026-08-23,0737,N20,nominal,2.0NRT,292.62,7.33,D
8.70305,80.36964,342.94,0.5,0.49,2026-08-23,0737,N20,nominal,2.0NRT,298.01,7.33,D
8.77189,80.37843,338.07,0.5,0.49,2026-08-23,0737,N20,nominal,2.0NRT,294.62,9.54,D
8.77634,80.3777,339.18,0.5,0.49,2026-08-23,0737,N20,nominal,2.0NRT,291.85,9.54,D
8.90679,80.93283,343.2,0.45,0.47,2026-08-23,0737,N20,nominal,2.0NRT,298.72,7.33,D
8.44259,77.65411,340.55,0.39,0.59,2026-08-23,0737,N20,nominal,2.0NRT,301.35,2.73,D
9.15564,80.34692,331.08,0.49,0.49,2026-08-23,0737,N20,nominal,2.0NRT,295.9,5.63,D
9.9144,78.20298,338.69,0.33,0.56,2026-08-23,0737,N20,nominal,2.0NRT,294.36,5.55,D
10.90665,78.5351,345.92,0.61,0.53,2026-08-23,0737,N20,nominal,2.0NRT,292.03,19.65,D
10.90538,78.5389,341.88,0.61,0.53,2026-08-23,0737,N20,nominal,2.0NRT,291.32,10.05,D
10.90437,78.53344,340.56,0.61,0.53,2026-08-23,0737,N20,nominal,2.0NRT,292.03,10.56,D
12.66366,79.68339,333.57,0.47,0.48,2026-08-23,0737,N20,nominal,2.0NRT,295.51,3.51,D
12.83614,79.93994,330.37,0.45,0.47,2026-08-23,0737,N20,nominal,2.0NRT,300.11,7.06,D
15.13026,77.57384,332.19,0.59,0.53,2026-08-23,0737,N20,nominal,2.0NRT,286.74,3.87,D
15.18056,77.62939,339.76,0.59,0.53,2026-08-23,0737,N20,nominal,2.0NRT,281.51,7.16,D
18.70828,74.36279,342.67,0.41,0.61,2026-08-23,0739,N20,nominal,2.0NRT,289.28,4.53,D
21.1777,81.38538,334.02,0.43,0.38,2026-08-23,0739,N20,low,2.0NRT,292.62,6.9,D
21.1971,81.41568,330.6,0.43,0.38,2026-08-23,0739,N20,low,2.0NRT,293.15,4.41,D
23.67718,86.3996,334.56,0.44,0.39,2026-08-23,0739,N20,nominal,2.0NRT,296.72,8.98,D
23.68365,86.39413,342.21,0.44,0.39,2026-08-23,0739,N20,nominal,2.0NRT,297.15,4.46,D
23.68718,86.39358,330.24,0.44,0.39,2026-08-23,0739,N20,nominal,2.0NRT,296.19,4.46,D
23.67965,86.09396,336.48,0.43,0.38,2026-08-23,0739,N20,nominal,2.0NRT,291.56,7.89,D
23.73584,86.43473,337.91,0.45,0.39,2026-08-23,0739,N20,nominal,2.0NRT,294.67,6.75,D
23.75711,86.40475,335.49,0.44,0.39,2026-08-23,0739,N20,nominal,2.0NRT,296.25,5.23,D
23.76064,86.4042,333.93,0.44,0.39,2026-08-23,0739,N20,nominal,2.0NRT,294.65,5.23,D
23.78134,86.21207,330.46,0.44,0.38,2026-08-23,0739,N20,nominal,2.0NRT,294.77,2.2,D
23.80126,86.33157,336.99,0.44,0.38,2026-08-23,0739,N20,nominal,2.0NRT,292.75,3.63,D
23.80175,86.3328,333.09,0.44,0.38,2026-08-23,0739,N20,nominal,2.0NRT,293.6,2.54,D
29.45937,76.86541,330.47,0.54,0.42,2026-08-23,0741,N20,nominal,2.0NRT,295.22,1.98,D
29.45724,76.86423,336.34,0.54,0.42,2026-08-23,0741,N20,nominal,2.0NRT,295.68,5.74,D
30.39611,73.87531,336.71,0.5,0.49,2026-08-23,0744,N20,nominal,2.0NRT,298.52,4.72,D
30.39734,73.8893,347.63,0.5,0.49,2026-08-23,0744,N20,nominal,2.0NRT,299.64,17.96,D
30.39399,73.87405,344.72,0.5,0.49,2026-08-23,0744,N20,nominal,2.0NRT,298.94,6.34,D
30.39251,73.78191,341.76,0.51,0.49,2026-08-23,0744,N20,nominal,2.0NRT,297.78,7.84,D
35.86564,62.99853,343.7,0.74,0.76,2026-08-23,0746,N20,nominal,2.0NRT,303.41,6.1,D
35.86306,62.99022,336.41,0.74,0.76,2026-08-23,0746,N20,nominal,2.0NRT,303.76,6.1,D
35.86272,62.99062,342.82,0.74,0.76,2026-08-23,0746,N20,nominal,2.0NRT,304.07,8.83,D
38.05151,67.26681,367,0.38,0.59,2026-08-23,0746,N20,high,2.0NRT,312.08,12.79,D
38.05042,67.26275,351.95,0.38,0.59,2026-08-23,0746,N20,nominal,2.0NRT,313.4,11.3,D
38.60155,68.74738,342.57,0.62,0.54,2026-08-23,0746,N20,nominal,2.0NRT,304.55,7.56,D
37.11506,62.36755,336.65,0.73,0.76,2026-08-23,0746,N20,nominal,2.0NRT,303.09,11.55,D
38.98369,63.50071,340.29,0.56,0.69,2026-08-23,0746,N20,nominal,2.0NRT,308.03,5.45,D
30.49198,71.85381,336.41,0.75,0.77,2026-08-23,0924,N20,nominal,2.0NRT,288.91,12.86,D
30.48839,71.85309,342.79,0.75,0.77,2026-08-23,0924,N20,nominal,2.0NRT,288.85,9.37,D
24.50959,54.01726,336.55,0.48,0.4,2026-08-23,0922,N20,nominal,2.0NRT,301.6,6.89,D
25.88555,62.66405,340.67,0.56,0.43,2026-08-23,0922,N20,nominal,2.0NRT,309.19,10.6,D
26.65864,68.42383,333.5,0.43,0.62,2026-08-23,0922,N20,nominal,2.0NRT,296.1,2.42,D
26.7166,65.35163,340,0.55,0.51,2026-08-23,0922,N20,low,2.0NRT,314.96,8.15,D
26.54671,61.44088,346.97,0.49,0.41,2026-08-23,0922,N20,nominal,2.0NRT,317.89,3.49,D
26.52468,55.72196,337.76,0.4,0.37,2026-08-23,0924,N20,nominal,2.0NRT,301.59,6.31,D
28.27184,67.9199,333.98,0.41,0.61,2026-08-23,0924,N20,nominal,2.0NRT,292.88,1.9,D
27.15983,56.10339,346.48,0.39,0.36,2026-08-23,0924,N20,low,2.0NRT,317,15.77,D
27.70564,58.00336,350.2,0.39,0.36,2026-08-23,0924,N20,low,2.0NRT,322.01,13.4,D
35.86604,62.99365,346.42,0.51,0.49,2026-08-23,0926,N20,nominal,2.0NRT,314.61,8.74,D
37.11895,62.36566,347,0.49,0.48,2026-08-23,0926,N20,nominal,2.0NRT,316.32,18.07,D
37.73107,64.77097,341.14,0.34,0.56,2026-08-23,0926,N20,low,2.0NRT,315.94,4.12,D
37.41809,60.86107,341.43,0.41,0.45,2026-08-23,0926,N20,low,2.0NRT,312.33,6.26,D
37.5462,62.01373,337.93,0.47,0.48,2026-08-23,0926,N20,low,2.0NRT,310.03,3.18,D
37.39612,60.00596,338.41,0.56,0.43,2026-08-23,0926,N20,low,2.0NRT,311.59,3.29,D
37.39546,60.00512,342.43,0.56,0.43,2026-08-23,0926,N20,low,2.0NRT,313.03,4.89,D
37.53568,61.24173,345.22,0.43,0.46,2026-08-23,0926,N20,nominal,2.0NRT,313.44,6.65,D
37.61904,62.13924,337.62,0.48,0.48,2026-08-23,0926,N20,low,2.0NRT,311.46,5.07,D
37.37839,59.57573,351.54,0.53,0.42,2026-08-23,0926,N20,nominal,2.0NRT,318.03,65.46,D
37.58967,61.69683,344.62,0.45,0.47,2026-08-23,0926,N20,nominal,2.0NRT,313.81,5.39,D
37.59219,61.53076,341.61,0.45,0.47,2026-08-23,0926,N20,low,2.0NRT,313.26,9.18,D
36.86028,54.47447,335.99,0.38,0.36,2026-08-23,0926,N20,low,2.0NRT,309.87,5.56,D
36.94304,54.88859,337.69,0.39,0.36,2026-08-23,0926,N20,low,2.0NRT,312.21,6.92,D
36.99013,54.70182,344.57,0.38,0.36,2026-08-23,0926,N20,nominal,2.0NRT,314.95,6.3,D
37.0333,54.74053,341.24,0.38,0.36,2026-08-23,0926,N20,low,2.0NRT,315.18,7.58,D
37.07557,54.88707,338.78,0.39,0.36,2026-08-23,0926,N20,low,2.0NRT,312.83,9.58,D
37.16677,54.90606,345.93,0.39,0.36,2026-08-23,0926,N20,nominal,2.0NRT,315.21,7.03,D
37.16613,54.90175,340.5,0.39,0.36,2026-08-23,0926,N20,low,2.0NRT,313.61,4.81,D
37.79773,59.33418,344.4,0.52,0.42,2026-08-23,0926,N20,low,2.0NRT,317.36,10.73,D
37.83294,59.05942,341.19,0.51,0.41,2026-08-23,0926,N20,low,2.0NRT,314.68,5.16,D
37.72264,57.19274,347.94,0.43,0.38,2026-08-23,0926,N20,nominal,2.0NRT,318.55,7.58,D
38.66619,64.78017,346.21,0.34,0.56,2026-08-23,0926,N20,nominal,2.0NRT,315.72,2.06,D
39.13223,56.41515,344.1,0.42,0.38,2026-08-23,0926,N20,nominal,2.0NRT,317.35,4.47,D
39.13088,56.41294,343.74,0.42,0.38,2026-08-23,0926,N20,nominal,2.0NRT,315.49,4.43,D
36.57096,101.52409,301.09,0.39,0.59,2026-08-23,1824,N20,nominal,2.0NRT,284.19,1.76,N
39.8433,98.27581,297.44,0.62,0.72,2026-08-23,1821,N20,nominal,2.0NRT,285.5,1.07,N
26.57915,101.66199,309.2,0.6,0.53,2026-08-23,1826,N20,nominal,2.0NRT,277.98,2.18,N
26.57851,101.66879,301.55,0.6,0.53,2026-08-23,1826,N20,nominal,2.0NRT,279.46,2.18,N
26.5682,101.67321,307.71,0.6,0.53,2026-08-23,1826,N20,nominal,2.0NRT,280.21,3.37,N
26.57608,101.66675,317.31,0.6,0.53,2026-08-23,1826,N20,nominal,2.0NRT,279.72,2.83,N
26.57056,101.67242,305.69,0.6,0.53,2026-08-23,1826,N20,nominal,2.0NRT,279.38,2.83,N
6.56547,101.33317,329.26,0.52,0.42,2026-08-23,1832,N20,nominal,2.0NRT,291.7,4.79,N
6.56477,101.33782,311.05,0.52,0.42,2026-08-23,1832,N20,nominal,2.0NRT,291.81,4.79,N
10.88856,78.48952,318.63,0.44,0.38,2026-08-23,2012,N20,nominal,2.0NRT,291.13,3.34,N
10.07459,77.25485,309.07,0.49,0.4,2026-08-23,2012,N20,nominal,2.0NRT,288.03,1.31,N
10.07588,77.25687,302.63,0.49,0.4,2026-08-23,2012,N20,nominal,2.0NRT,288.18,2.6,N
10.07273,77.25261,322.31,0.49,0.4,2026-08-23,2012,N20,nominal,2.0NRT,288.36,2.32,N
10.07212,77.25668,332.29,0.49,0.4,2026-08-23,2012,N20,nominal,2.0NRT,290.02,2.6,N
8.90815,80.43465,299.83,0.38,0.36,2026-08-23,2012,N20,nominal,2.0NRT,272.31,0.5,N
8.39102,81.05941,309.5,0.39,0.36,2026-08-23,2014,N20,nominal,2.0NRT,287.43,0.84,N
8.31071,80.30001,307.18,0.38,0.36,2026-08-23,2014,N20,nominal,2.0NRT,288.27,0.66,N
7.90587,81.13864,301.76,0.39,0.36,2026-08-23,2014,N20,nominal,2.0NRT,275.89,0.49,N
7.43022,80.92258,303.53,0.39,0.36,2026-08-23,2014,N20,nominal,2.0NRT,287.12,0.82,N
7.2779,81.28176,314.14,0.39,0.36,2026-08-23,2014,N20,nominal,2.0NRT,291.95,1.78,N
7.17652,81.74345,305.7,0.4,0.37,2026-08-23,2014,N20,nominal,2.0NRT,291.16,1.42,N
7.16655,81.71968,329.69,0.4,0.37,2026-08-23,2014,N20,nominal,2.0NRT,291.61,3.94,N
7.10042,81.07267,330.59,0.39,0.36,2026-08-23,2014,N20,nominal,2.0NRT,288.68,2.3,N
7.09711,81.07207,315.41,0.39,0.36,2026-08-23,2014,N20,nominal,2.0NRT,288.08,2.3,N
7.05745,81.0012,321.82,0.39,0.36,2026-08-23,2014,N20,nominal,2.0NRT,286.81,1.27,N
7.05689,81.0047,304.68,0.39,0.36,2026-08-23,2014,N20,nominal,2.0NRT,287.71,1.27,N
6.85778,81.54543,297.13,0.4,0.37,2026-08-23,2014,N20,nominal,2.0NRT,273.6,0.6,N
6.79329,81.03738,310.56,0.39,0.36,2026-08-23,2014,N20,nominal,2.0NRT,283.18,0.91,N
6.78998,81.03683,300.91,0.39,0.36,2026-08-23,2014,N20,nominal,2.0NRT,281.67,0.91,N
6.73967,81.20266,325.15,0.39,0.36,2026-08-23,2014,N20,nominal,2.0NRT,288.66,2.21,N
33.29054,75.72936,299.87,0.39,0.59,2026-08-23,2006,N20,nominal,2.0NRT,284.18,0.62,N
33.29941,71.18185,303.22,0.71,0.75,2026-08-23,2006,N20,nominal,2.0NRT,292.27,0.93,N
32.89101,71.61274,306.76,0.66,0.73,2026-08-23,2006,N20,nominal,2.0NRT,293.19,2.18,N
32.08967,74.1619,307.06,0.46,0.64,2026-08-23,2006,N20,nominal,2.0NRT,290.65,1.02,N
31.26112,76.91966,300.98,0.62,0.54,2026-08-23,2006,N20,nominal,2.0NRT,289.65,0.92,N
27.37927,95.08714,301.67,0.35,0.57,2026-08-23,2008,N20,nominal,2.0NRT,268.78,0.49,N
27.32492,95.27525,299.75,0.36,0.57,2026-08-23,2008,N20,nominal,2.0NRT,268.02,0.65,N
27.31631,95.26515,296.82,0.36,0.57,2026-08-23,2008,N20,nominal,2.0NRT,265.87,0.28,N
29.46107,76.86459,308.59,0.6,0.53,2026-08-23,2008,N20,nominal,2.0NRT,290.43,3.9,N
29.45618,76.86398,333.18,0.6,0.53,2026-08-23,2008,N20,nominal,2.0NRT,290.69,3.9,N
29.46122,76.88956,307.93,0.6,0.53,2026-08-23,2008,N20,nominal,2.0NRT,290.09,3.65,N
29.45866,76.86417,337.19,0.6,0.53,2026-08-23,2008,N20,nominal,2.0NRT,290.59,6.75,N
28.83727,77.13653,303.18,0.57,0.52,2026-08-23,2008,N20,nominal,2.0NRT,287.27,2.26,N
28.35195,77.25737,303.02,0.55,0.51,2026-08-23,2008,N20,nominal,2.0NRT,285.41,3.28,N
28.35041,77.25633,305,0.55,0.51,2026-08-23,2008,N20,nominal,2.0NRT,286.05,2.99,N
26.26939,74.18853,303.21,0.4,0.6,2026-08-23,2008,N20,nominal,2.0NRT,287.36,0.91,N
24.12066,86.86448,311.8,0.43,0.38,2026-08-23,2008,N20,nominal,2.0NRT,285.06,1.33,N
24.12162,86.86566,304.33,0.43,0.38,2026-08-23,2008,N20,nominal,2.0NRT,284.77,1.56,N
24.11545,86.86011,314.86,0.43,0.38,2026-08-23,2008,N20,nominal,2.0NRT,285.22,2.03,N
23.6954,87.12105,304.06,0.44,0.38,2026-08-23,2008,N20,nominal,2.0NRT,287.84,2.35,N
23.69465,87.12528,306.24,0.44,0.38,2026-08-23,2008,N20,nominal,2.0NRT,286.94,2.37,N
23.6919,87.12032,302.54,0.44,0.38,2026-08-23,2008,N20,nominal,2.0NRT,287.44,1.86,N
23.76136,86.39938,305.61,0.42,0.37,2026-08-23,2008,N20,nominal,2.0NRT,283.78,1.31,N
23.76068,86.4034,312.84,0.42,0.37,2026-08-23,2008,N20,nominal,2.0NRT,283.52,1.63,N
23.75728,86.40272,319.82,0.42,0.37,2026-08-23,2008,N20,nominal,2.0NRT,286,1.89,N
23.75659,86.40674,302.49,0.42,0.37,2026-08-23,2008,N20,nominal,2.0NRT,285.35,1.89,N
23.75456,86.39803,305.9,0.42,0.37,2026-08-23,2008,N20,nominal,2.0NRT,286.4,2.74,N
23.75112,86.41814,307.83,0.42,0.37,2026-08-23,2008,N20,nominal,2.0NRT,285.08,1.82,N
23.73815,86.43221,314.1,0.42,0.37,2026-08-23,2008,N20,nominal,2.0NRT,282.38,1.32,N
23.73746,86.43626,305.19,0.42,0.37,2026-08-23,2008,N20,nominal,2.0NRT,280.63,1.32,N
23.68035,86.39971,304.64,0.42,0.37,2026-08-23,2008,N20,nominal,2.0NRT,286.73,1.7,N
23.67764,86.39501,317.98,0.42,0.37,2026-08-23,2008,N20,nominal,2.0NRT,288.05,1.7,N
23.67694,86.39905,319.92,0.42,0.37,2026-08-23,2008,N20,nominal,2.0NRT,288.69,1.7,N
23.67624,86.40308,309.51,0.42,0.37,2026-08-23,2008,N20,nominal,2.0NRT,288.18,1.53,N
23.5534,86.54269,298.62,0.42,0.38,2026-08-23,2008,N20,nominal,2.0NRT,284.28,0.75,N
23.54998,86.54199,298.65,0.42,0.38,2026-08-23,2008,N20,nominal,2.0NRT,282.41,0.75,N
24.66104,74.63218,300.17,0.36,0.58,2026-08-23,2008,N20,nominal,2.0NRT,287.28,1.07,N
24.66073,74.6358,299.51,0.36,0.58,2026-08-23,2008,N20,nominal,2.0NRT,287.08,1.07,N
22.37793,87.27869,334.11,0.46,0.39,2026-08-23,2008,N20,nominal,2.0NRT,285.45,5.81,N
22.36682,87.2994,315.55,0.46,0.39,2026-08-23,2008,N20,nominal,2.0NRT,284.36,2.08,N
22.36603,87.30385,304.35,0.46,0.39,2026-08-23,2008,N20,nominal,2.0NRT,283.85,1.72,N
22.36325,87.29866,304,0.46,0.39,2026-08-23,2008,N20,nominal,2.0NRT,283.68,0.94,N
22.35769,87.28828,307.75,0.46,0.39,2026-08-23,2008,N20,nominal,2.0NRT,284.78,1.02,N
22.36573,87.01741,307.35,0.45,0.39,2026-08-23,2008,N20,nominal,2.0NRT,279.63,1.01,N
22.3622,87.01669,307.52,0.45,0.39,2026-08-23,2008,N20,nominal,2.0NRT,280.69,1,N
22.05326,88.12505,307.4,0.51,0.41,2026-08-23,2008,N20,nominal,2.0NRT,282.3,2.69,N
21.10283,72.63239,315.35,0.45,0.63,2026-08-23,2010,N20,nominal,2.0NRT,288.47,1.66,N
21.10242,72.63674,303.85,0.45,0.63,2026-08-23,2010,N20,nominal,2.0NRT,288.59,1.66,N
18.68132,73.03327,296.61,0.39,0.6,2026-08-23,2010,N20,nominal,2.0NRT,286.61,1.48,N
18.68086,73.03121,297.68,0.39,0.6,2026-08-23,2010,N20,nominal,2.0NRT,285.37,1.5,N
39.86482,98.25311,305.1,0.54,0.51,2026-08-23,2004,N20,nominal,2.0NRT,285.35,0.84,N
39.86039,98.25123,300.45,0.54,0.51,2026-08-23,2004,N20,nominal,2.0NRT,287.42,1.12,N
39.84558,98.27147,298.07,0.54,0.51,2026-08-23,2004,N20,nominal,2.0NRT,285.66,1.68,N
39.84407,98.27757,310.93,0.54,0.51,2026-08-23,2004,N20,nominal,2.0NRT,287.17,2.23,N
39.86504,98.25327,296.16,0.54,0.51,2026-08-23,2004,N20,nominal,2.0NRT,285.35,1.28,N
39.86061,98.25137,309.5,0.54,0.51,2026-08-23,2004,N20,nominal,2.0NRT,287.73,1.28,N
39.84446,98.27779,313.55,0.54,0.51,2026-08-23,2004,N20,nominal,2.0NRT,287.27,2.96,N
39.81043,98.29688,303.32,0.54,0.51,2026-08-23,2004,N20,nominal,2.0NRT,289.77,2.78,N
35.99133,94.8298,305.99,0.44,0.46,2026-08-23,2004,N20,nominal,2.0NRT,285.43,1.33,N
37.20859,79.8419,303.36,0.49,0.49,2026-08-23,2004,N20,nominal,2.0NRT,285.08,1.86,N
32.33395,54.08747,308.26,0.46,0.47,2026-08-23,2148,N20,nominal,2.0NRT,292.68,1.05,N
31.88381,54.42623,306.2,0.43,0.46,2026-08-23,2148,N20,nominal,2.0NRT,294.85,1.65,N
30.75702,56.6574,312.96,0.48,0.4,2026-08-23,2148,N20,nominal,2.0NRT,294.59,2.26,N
28.42388,69.69981,309.27,0.33,0.55,2026-08-23,2148,N20,nominal,2.0NRT,291.17,1.29,N
30.15468,60.73496,310.51,0.38,0.36,2026-08-23,2148,N20,nominal,2.0NRT,298.23,1.45,N
30.66512,56.62025,310.37,0.48,0.4,2026-08-23,2148,N20,nominal,2.0NRT,290.63,1.46,N
30.3673,57.11306,306.58,0.46,0.39,2026-08-23,2148,N20,nominal,2.0NRT,289.4,0.87,N
30.36844,56.12932,314.7,0.51,0.41,2026-08-23,2148,N20,nominal,2.0NRT,292.08,1.47,N
30.38099,55.86475,303.15,0.52,0.42,2026-08-23,2148,N20,nominal,2.0NRT,291.3,0.97,N
30.23439,56.9066,326.34,0.47,0.39,2026-08-23,2148,N20,nominal,2.0NRT,295.72,3.42,N
30.32483,56.22726,302.34,0.5,0.41,2026-08-23,2148,N20,nominal,2.0NRT,291.3,0.89,N
30.23651,56.90989,318.24,0.46,0.39,2026-08-23,2148,N20,nominal,2.0NRT,293.63,3,N
30.32191,55.97479,307.27,0.51,0.41,2026-08-23,2148,N20,nominal,2.0NRT,291.41,1.24,N
30.21657,55.9854,311.07,0.51,0.41,2026-08-23,2148,N20,nominal,2.0NRT,290.68,1.69,N
39.85376,66.19826,308.93,0.42,0.37,2026-08-23,2146,N20,nominal,2.0NRT,293.12,1.06,N
39.18491,65.31479,315.64,0.4,0.37,2026-08-23,2146,N20,nominal,2.0NRT,292.55,1.62,N
29.47892,60.80613,303.89,0.39,0.36,2026-08-23,2148,N20,nominal,2.0NRT,291.61,0.44,N
38.44648,68.88278,329.4,0.55,0.43,2026-08-23,2146,N20,nominal,2.0NRT,290.6,4.16,N
38.39765,69.1138,304.4,0.57,0.43,2026-08-23,2146,N20,nominal,2.0NRT,292.72,1.15,N
39.43465,62.99266,303.87,0.38,0.36,2026-08-23,2146,N20,nominal,2.0NRT,291.81,0.82,N
39.30436,62.97591,304.62,0.38,0.36,2026-08-23,2146,N20,nominal,2.0NRT,294.32,0.79,N
39.2829,63.04831,305.01,0.38,0.36,2026-08-23,2146,N20,nominal,2.0NRT,293.36,0.35,N
39.27741,63.08355,312.58,0.38,0.36,2026-08-23,2146,N20,nominal,2.0NRT,293.49,1.12,N
39.27053,63.12756,304.85,0.38,0.36,2026-08-23,2146,N20,nominal,2.0NRT,292.38,0.47,N
39.25088,63.20944,314.99,0.38,0.36,2026-08-23,2146,N20,nominal,2.0NRT,293.31,1.1,N
39.25019,63.21384,313,0.38,0.36,2026-08-23,2146,N20,nominal,2.0NRT,293.79,1.46,N
39.24986,63.17256,313.57,0.38,0.36,2026-08-23,2146,N20,nominal,2.0NRT,293.6,0.9,N
39.2057,63.28004,303,0.38,0.36,2026-08-23,2146,N20,nominal,2.0NRT,291.69,0.16,N
39.18417,63.34929,307.26,0.38,0.36,2026-08-23,2146,N20,nominal,2.0NRT,292.32,0.77,N
39.18021,63.35283,315.05,0.38,0.36,2026-08-23,2146,N20,nominal,2.0NRT,293.33,1.41,N
39.13737,63.62072,306,0.38,0.36,2026-08-23,2146,N20,nominal,2.0NRT,292.88,0.62,N
39.19796,63.19738,315.65,0.38,0.36,2026-08-23,2146,N20,nominal,2.0NRT,293.46,1.4,N
39.19589,63.21057,305.72,0.38,0.36,2026-08-23,2146,N20,nominal,2.0NRT,292.9,0.6,N
39.18618,63.27207,304.55,0.38,0.36,2026-08-23,2146,N20,nominal,2.0NRT,292.67,0.66,N
39.17736,63.30634,304.86,0.38,0.36,2026-08-23,2146,N20,nominal,2.0NRT,292.58,0.59,N
38.97089,64.48415,322.8,0.39,0.36,2026-08-23,2146,N20,nominal,2.0NRT,294.68,1.99,N
39.16864,63.25378,312.84,0.38,0.36,2026-08-23,2146,N20,nominal,2.0NRT,294.18,1.08,N
39.16795,63.25817,312.87,0.38,0.36,2026-08-23,2146,N20,nominal,2.0NRT,294.07,1.23,N
39.16398,63.26171,312.29,0.38,0.36,2026-08-23,2146,N20,nominal,2.0NRT,293.73,1.08,N
39.15495,63.31877,315.13,0.38,0.36,2026-08-23,2146,N20,nominal,2.0NRT,293.35,1.2,N
39.12862,63.46278,305.03,0.38,0.36,2026-08-23,2146,N20,nominal,2.0NRT,291.86,0.46,N
39.12909,63.41716,304.43,0.38,0.36,2026-08-23,2146,N20,nominal,2.0NRT,292.93,0.39,N
38.68492,65.98737,305.04,0.42,0.38,2026-08-23,2146,N20,nominal,2.0NRT,291.52,0.75,N
38.68764,65.95298,306.85,0.42,0.38,2026-08-23,2146,N20,nominal,2.0NRT,292.02,1.37,N
38.67998,65.95572,319.9,0.42,0.38,2026-08-23,2146,N20,nominal,2.0NRT,292.55,2.83,N
39.12949,63.30754,322.97,0.38,0.36,2026-08-23,2146,N20,nominal,2.0NRT,294.44,1.98,N
38.99823,64.11617,309.76,0.39,0.36,2026-08-23,2146,N20,nominal,2.0NRT,293,0.7,N
29.92904,56.73199,311.69,0.47,0.4,2026-08-23,2148,N20,nominal,2.0NRT,291.95,1.39,N
39.1148,63.3357,313.57,0.38,0.36,2026-08-23,2146,N20,nominal,2.0NRT,293.7,1.29,N
29.92789,56.73431,313.14,0.47,0.4,2026-08-23,2148,N20,nominal,2.0NRT,293.24,2.5,N
39.05621,63.44581,313.77,0.38,0.36,2026-08-23,2146,N20,nominal,2.0NRT,293.23,1.19,N
39.15583,62.58909,309.4,0.39,0.36,2026-08-23,2146,N20,nominal,2.0NRT,294.37,1.06,N
39.00734,63.53804,309.49,0.38,0.36,2026-08-23,2146,N20,nominal,2.0NRT,292.7,0.48,N
38.96478,63.69584,308.19,0.39,0.36,2026-08-23,2146,N20,nominal,2.0NRT,292.4,0.8,N
30.08444,55.39832,320,0.55,0.42,2026-08-23,2148,N20,nominal,2.0NRT,292.05,3.32,N
38.97031,63.61956,306.95,0.38,0.36,2026-08-23,2146,N20,nominal,2.0NRT,291.92,0.69,N
38.93748,63.82136,306.69,0.39,0.36,2026-08-23,2146,N20,nominal,2.0NRT,292.55,0.78,N
38.54959,65.94977,301.83,0.42,0.38,2026-08-23,2146,N20,nominal,2.0NRT,291.25,1.02,N
38.97397,63.46985,311.18,0.38,0.36,2026-08-23,2146,N20,nominal,2.0NRT,294.89,1.43,N
38.916,63.80645,311.18,0.39,0.36,2026-08-23,2146,N20,nominal,2.0NRT,292.22,0.83,N
29.99422,55.85279,328.7,0.52,0.41,2026-08-23,2148,N20,nominal,2.0NRT,290.12,6.65,N
38.91161,63.79153,306.59,0.39,0.36,2026-08-23,2146,N20,nominal,2.0NRT,291.97,0.54,N
38.8723,63.80102,308.63,0.39,0.36,2026-08-23,2146,N20,nominal,2.0NRT,291.95,1.23,N
38.84227,63.88004,302.64,0.39,0.36,2026-08-23,2146,N20,nominal,2.0NRT,292.57,0.48,N
38.83853,63.81947,306.52,0.39,0.36,2026-08-23,2146,N20,nominal,2.0NRT,292.89,0.84,N
29.99044,55.85215,299.2,0.52,0.41,2026-08-23,2148,N20,nominal,2.0NRT,286.28,6.65,N
29.98912,55.19609,306.13,0.56,0.43,2026-08-23,2148,N20,nominal,2.0NRT,291.68,1.42,N
38.83271,63.81332,306.04,0.39,0.36,2026-08-23,2146,N20,nominal,2.0NRT,292.52,0.66,N
38.78518,63.91514,302.1,0.39,0.36,2026-08-23,2146,N20,nominal,2.0NRT,291.85,0.43,N
38.45545,65.80441,303.96,0.42,0.38,2026-08-23,2146,N20,nominal,2.0NRT,292.84,0.88,N
38.35312,66.31454,301.69,0.44,0.38,2026-08-23,2146,N20,nominal,2.0NRT,291.11,0.78,N
29.8105,55.751,300.04,0.52,0.42,2026-08-23,2148,N20,nominal,2.0NRT,289.9,0.59,N
38.65137,63.98004,315.78,0.39,0.36,2026-08-23,2146,N20,nominal,2.0NRT,293.42,1.43,N
38.05066,67.26345,330.03,0.48,0.4,2026-08-23,2146,N20,nominal,2.0NRT,292.37,7.26,N
38.59306,64.04235,302.65,0.39,0.36,2026-08-23,2146,N20,nominal,2.0NRT,292.05,0.46,N
39.50929,54.32878,309.92,0.53,0.5,2026-08-23,2146,N20,nominal,2.0NRT,299.92,2.94,N
38.20681,64.73867,301.33,0.4,0.37,2026-08-23,2146,N20,nominal,2.0NRT,291.2,0.57,N
39.51095,54.32888,310.32,0.53,0.5,2026-08-23,2146,N20,nominal,2.0NRT,299.64,3.56,N
38.16414,64.59311,309.44,0.4,0.37,2026-08-23,2146,N20,nominal,2.0NRT,292.26,0.93,N
38.12878,64.67696,309.53,0.4,0.37,2026-08-23,2146,N20,nominal,2.0NRT,294.1,0.89,N
38.11923,64.71187,308.78,0.4,0.37,2026-08-23,2146,N20,nominal,2.0NRT,292.75,0.91,N
38.08757,64.87282,301.9,0.4,0.37,2026-08-23,2146,N20,nominal,2.0NRT,291.03,0.32,N
37.93179,65.64075,306.1,0.42,0.38,2026-08-23,2146,N20,nominal,2.0NRT,292.44,0.79,N
38.05584,64.8856,315.05,0.4,0.37,2026-08-23,2146,N20,nominal,2.0NRT,293.39,1.66,N
37.96802,65.04649,301.36,0.41,0.37,2026-08-23,2146,N20,nominal,2.0NRT,290.23,0.53,N
37.90378,65.10744,307.11,0.41,0.37,2026-08-23,2146,N20,nominal,2.0NRT,291.69,0.82,N
37.88945,65.08899,305.77,0.41,0.37,2026-08-23,2146,N20,nominal,2.0NRT,291.82,0.58,N
37.8313,65.17826,306.54,0.41,0.37,2026-08-23,2146,N20,nominal,2.0NRT,292.03,0.47,N
37.8254,65.17176,304.77,0.41,0.37,2026-08-23,2146,N20,nominal,2.0NRT,292.51,1.22,N
37.80449,65.18994,308.86,0.41,0.37,2026-08-23,2146,N20,nominal,2.0NRT,292.49,0.79,N
37.73216,65.51014,302.86,0.42,0.38,2026-08-23,2146,N20,nominal,2.0NRT,292.85,0.91,N
37.75682,65.21703,302.53,0.41,0.37,2026-08-23,2146,N20,nominal,2.0NRT,291.79,0.56,N
38.75925,56.75422,304.79,0.39,0.44,2026-08-23,2146,N20,nominal,2.0NRT,294.15,0.69,N
37.96107,62.66588,315.55,0.38,0.36,2026-08-23,2146,N20,nominal,2.0NRT,295.5,1.42,N
37.98915,61.88161,319.46,0.39,0.36,2026-08-23,2146,N20,nominal,2.0NRT,295.81,1.81,N
37.98519,61.88521,327.92,0.39,0.36,2026-08-23,2146,N20,nominal,2.0NRT,295.58,2.58,N
37.88644,62.02017,317.33,0.39,0.36,2026-08-23,2146,N20,nominal,2.0NRT,294.14,1.42,N
37.79836,62.55188,330.12,0.38,0.36,2026-08-23,2146,N20,nominal,2.0NRT,295.66,3.55,N
37.79003,62.53787,324.17,0.38,0.36,2026-08-23,2146,N20,nominal,2.0NRT,294.58,1.62,N
37.78675,62.53706,316.14,0.38,0.36,2026-08-23,2146,N20,nominal,2.0NRT,292.33,1.62,N
37.78481,62.52762,304.62,0.38,0.36,2026-08-23,2146,N20,nominal,2.0NRT,292.9,0.62,N
37.82971,61.99007,303.08,0.39,0.36,2026-08-23,2146,N20,nominal,2.0NRT,292.84,0.39,N
38.68392,54.31297,316.87,0.52,0.5,2026-08-23,2146,N20,nominal,2.0NRT,296.04,0.85,N
38.67932,54.31232,307.54,0.52,0.5,2026-08-23,2146,N20,nominal,2.0NRT,295.86,0.75,N
37.7784,62.10402,307.38,0.39,0.36,2026-08-23,2146,N20,nominal,2.0NRT,294.56,0.66,N
37.84616,61.60368,313,0.39,0.36,2026-08-23,2146,N20,nominal,2.0NRT,294.49,1.33,N
37.77641,62.02694,312.97,0.39,0.36,2026-08-23,2146,N20,nominal,2.0NRT,292.84,0.78,N
38.25724,58.38803,308.88,0.49,0.4,2026-08-23,2146,N20,nominal,2.0NRT,298.05,1.24,N
38.649,54.28366,337.54,0.52,0.5,2026-08-23,2146,N20,nominal,2.0NRT,299.18,4.36,N
38.64946,54.27759,314.77,0.52,0.5,2026-08-23,2146,N20,nominal,2.0NRT,295.8,4.36,N
37.74404,62.12926,312.24,0.39,0.36,2026-08-23,2146,N20,nominal,2.0NRT,295.04,1.08,N
37.74212,62.07479,321.49,0.39,0.36,2026-08-23,2146,N20,nominal,2.0NRT,294.79,1.68,N
38.64989,54.28348,338.08,0.52,0.5,2026-08-23,2146,N20,nominal,2.0NRT,299.25,3.97,N
37.72895,62.09413,305.74,0.39,0.36,2026-08-23,2146,N20,nominal,2.0NRT,295.27,0.8,N
37.72566,62.09334,309.17,0.39,0.36,2026-08-23,2146,N20,nominal,2.0NRT,292.98,0.8,N
37.75128,61.85592,311.7,0.39,0.36,2026-08-23,2146,N20,nominal,2.0NRT,293.3,0.57,N
37.74665,61.84126,311.38,0.39,0.36,2026-08-23,2146,N20,nominal,2.0NRT,294.66,1.03,N
37.79411,61.49777,303.28,0.39,0.36,2026-08-23,2146,N20,nominal,2.0NRT,292.9,1.33,N
37.66968,62.237,325.94,0.39,0.36,2026-08-23,2146,N20,nominal,2.0NRT,294.44,2.49,N
37.66245,62.23973,316.69,0.39,0.36,2026-08-23,2146,N20,nominal,2.0NRT,294.37,1.43,N
38.26304,57.65774,316.21,0.52,0.42,2026-08-23,2146,N20,nominal,2.0NRT,299.13,2.81,N
37.65194,62.24166,304,0.39,0.36,2026-08-23,2146,N20,nominal,2.0NRT,292.47,0.49,N
38.19801,58.09932,309.07,0.5,0.41,2026-08-23,2146,N20,nominal,2.0NRT,294.25,1.59,N
38.19197,58.05145,306.06,0.5,0.41,2026-08-23,2146,N20,nominal,2.0NRT,295.65,1.11,N
37.63754,62.20231,309.95,0.39,0.36,2026-08-23,2146,N20,nominal,2.0NRT,291.37,0.72,N
37.62899,62.21369,319.8,0.39,0.36,2026-08-23,2146,N20,nominal,2.0NRT,294.66,2.37,N
37.62539,62.16947,327.09,0.39,0.36,2026-08-23,2146,N20,nominal,2.0NRT,296.38,2.6,N
37.65838,61.9076,305.7,0.39,0.36,2026-08-23,2146,N20,nominal,2.0NRT,292.22,0.53,N
37.62543,62.12461,317.65,0.39,0.36,2026-08-23,2146,N20,nominal,2.0NRT,294.41,1.38,N
37.65509,61.90682,324.75,0.39,0.36,2026-08-23,2146,N20,nominal,2.0NRT,296.51,2.4,N
37.62017,62.13681,320.78,0.39,0.36,2026-08-23,2146,N20,nominal,2.0NRT,295.7,2.44,N
37.6195,62.14114,328.84,0.39,0.36,2026-08-23,2146,N20,nominal,2.0NRT,296.21,3.02,N
37.63009,61.95943,313.08,0.39,0.36,2026-08-23,2146,N20,nominal,2.0NRT,294.6,1.15,N
37.6311,61.72501,311.05,0.39,0.36,2026-08-23,2146,N20,nominal,2.0NRT,293.76,0.96,N
37.80815,60.33208,304.64,0.41,0.37,2026-08-23,2146,N20,nominal,2.0NRT,293.72,0.66,N
37.61757,61.60852,307.42,0.39,0.36,2026-08-23,2146,N20,nominal,2.0NRT,293.11,0.76,N
37.61095,61.60698,337.25,0.39,0.36,2026-08-23,2146,N20,nominal,2.0NRT,298.44,4.18,N
37.61547,61.57625,316.67,0.39,0.36,2026-08-23,2146,N20,nominal,2.0NRT,295.91,1.24,N
37.61289,61.59381,308.77,0.39,0.36,2026-08-23,2146,N20,nominal,2.0NRT,295.95,1.25,N
29.15256,55.36454,307.67,0.53,0.42,2026-08-23,2148,N20,nominal,2.0NRT,294.29,1.15,N
37.61216,61.57547,316.1,0.39,0.36,2026-08-23,2146,N20,nominal,2.0NRT,294.73,1.24,N
37.55899,61.93347,312.86,0.39,0.36,2026-08-23,2146,N20,nominal,2.0NRT,294.02,0.89,N
37.60997,61.57255,303.16,0.39,0.36,2026-08-23,2146,N20,nominal,2.0NRT,292.69,0.95,N
37.60932,61.57693,314.33,0.39,0.36,2026-08-23,2146,N20,nominal,2.0NRT,294.88,0.95,N
37.59804,61.56068,321.39,0.39,0.36,2026-08-23,2146,N20,nominal,2.0NRT,297.33,1.77,N
37.59597,61.52838,329.54,0.39,0.36,2026-08-23,2146,N20,nominal,2.0NRT,296.12,4.33,N
37.59142,61.55914,307.99,0.39,0.36,2026-08-23,2146,N20,nominal,2.0NRT,292.08,1.69,N
37.59266,61.52761,345.38,0.39,0.36,2026-08-23,2146,N20,nominal,2.0NRT,296.55,4.33,N
37.59136,61.5364,306.88,0.39,0.36,2026-08-23,2146,N20,nominal,2.0NRT,294.01,1.73,N
37.58084,61.56121,328.3,0.39,0.36,2026-08-23,2146,N20,nominal,2.0NRT,294.72,1.59,N
37.58149,61.55682,304.87,0.39,0.36,2026-08-23,2146,N20,nominal,2.0NRT,293.08,1.59,N
37.50304,61.98952,317.87,0.39,0.36,2026-08-23,2146,N20,nominal,2.0NRT,294.64,1.46,N
28.02242,57.71846,319.28,0.42,0.37,2026-08-23,2150,N20,nominal,2.0NRT,299.54,1.57,N
37.72623,60.36996,304.1,0.41,0.37,2026-08-23,2146,N20,nominal,2.0NRT,293.54,0.74,N
37.47937,62.01079,311.71,0.39,0.36,2026-08-23,2146,N20,nominal,2.0NRT,294.25,1.11,N
37.94318,58.56535,314.65,0.48,0.4,2026-08-23,2146,N20,nominal,2.0NRT,296.41,1.89,N
28.28688,55.23839,308.78,0.53,0.42,2026-08-23,2150,N20,nominal,2.0NRT,297.24,3.23,N
37.49765,61.84444,312.68,0.39,0.36,2026-08-23,2146,N20,nominal,2.0NRT,295.65,1.46,N
28.28305,55.23775,313.71,0.53,0.42,2026-08-23,2150,N20,nominal,2.0NRT,298.09,4,N
37.49699,61.84878,318.17,0.39,0.36,2026-08-23,2146,N20,nominal,2.0NRT,296.61,1.46,N
28.28504,55.23676,320.42,0.53,0.42,2026-08-23,2150,N20,nominal,2.0NRT,299.04,4.25,N
37.42332,62.31033,308.26,0.38,0.36,2026-08-23,2146,N20,nominal,2.0NRT,292.29,0.89,N
27.23008,60.4882,313.93,0.39,0.36,2026-08-23,2150,N20,nominal,2.0NRT,300.14,2.87,N
37.44586,62.07444,309.13,0.39,0.36,2026-08-23,2146,N20,nominal,2.0NRT,293.55,0.85,N
37.40626,62.31064,304.97,0.38,0.36,2026-08-23,2146,N20,nominal,2.0NRT,292.6,0.6,N
37.3951,62.31686,310.09,0.38,0.36,2026-08-23,2146,N20,nominal,2.0NRT,293.88,0.85,N
37.78742,59.33358,302.78,0.44,0.39,2026-08-23,2146,N20,nominal,2.0NRT,291.39,0.34,N
37.63598,60.33897,322.37,0.41,0.37,2026-08-23,2146,N20,nominal,2.0NRT,294.24,2.06,N
37.62193,60.44108,310.11,0.41,0.37,2026-08-23,2146,N20,nominal,2.0NRT,294.14,0.78,N
37.61812,60.39252,309.84,0.41,0.37,2026-08-23,2146,N20,nominal,2.0NRT,294.68,0.89,N
36.70124,65.96037,304.49,0.45,0.39,2026-08-23,2146,N20,nominal,2.0NRT,294.35,0.67,N
37.50996,61.0164,307.17,0.4,0.37,2026-08-23,2146,N20,nominal,2.0NRT,294.84,1.33,N
37.50535,61.0246,308.64,0.4,0.37,2026-08-23,2146,N20,nominal,2.0NRT,294.73,0.81,N
37.83071,58.38306,307.5,0.48,0.4,2026-08-23,2146,N20,nominal,2.0NRT,293.8,0.93,N
37.34805,61.36187,314.61,0.39,0.36,2026-08-23,2146,N20,nominal,2.0NRT,293.14,1.79,N
37.11866,62.36197,325.79,0.38,0.36,2026-08-23,2146,N20,nominal,2.0NRT,295.62,2.85,N
27.42102,56.50259,315.7,0.45,0.39,2026-08-23,2150,N20,nominal,2.0NRT,301.35,1.48,N
37.11472,62.36544,310.21,0.38,0.36,2026-08-23,2146,N20,nominal,2.0NRT,294.62,0.98,N
27.30286,56.30113,323.29,0.46,0.39,2026-08-23,2150,N20,nominal,2.0NRT,301.59,2.24,N
37.03545,62.4145,326.52,0.38,0.36,2026-08-23,2146,N20,nominal,2.0NRT,294.69,1.77,N
37.39525,59.95221,303.83,0.42,0.38,2026-08-23,2146,N20,nominal,2.0NRT,293.05,0.76,N
37.03479,62.41877,312.22,0.38,0.36,2026-08-23,2146,N20,nominal,2.0NRT,296.14,3.55,N
37.03151,62.41797,308.12,0.38,0.36,2026-08-23,2146,N20,nominal,2.0NRT,294.98,2.28,N
37.22636,60.88982,308.45,0.4,0.37,2026-08-23,2146,N20,nominal,2.0NRT,293.3,0.87,N
37.18142,60.86595,308.48,0.4,0.37,2026-08-23,2146,N20,nominal,2.0NRT,294.38,0.89,N
37.21712,60.02359,328.85,0.42,0.38,2026-08-23,2146,N20,nominal,2.0NRT,295.6,2.02,N
37.45298,57.69004,304.82,0.51,0.41,2026-08-23,2146,N20,nominal,2.0NRT,293.97,0.85,N
37.34281,58.0464,303.01,0.49,0.41,2026-08-23,2146,N20,nominal,2.0NRT,291.93,1.24,N
36.43808,61.78287,309.27,0.39,0.36,2026-08-23,2146,N20,nominal,2.0NRT,294.05,0.64,N
36.47342,61.45894,309.49,0.39,0.36,2026-08-23,2146,N20,nominal,2.0NRT,294.15,1.17,N
36.53791,60.83186,307.12,0.4,0.37,2026-08-23,2146,N20,nominal,2.0NRT,293.8,0.7,N
36.43813,61.21685,311.68,0.39,0.36,2026-08-23,2146,N20,nominal,2.0NRT,294.29,1.38,N
36.4684,60.84617,310.64,0.4,0.37,2026-08-23,2146,N20,nominal,2.0NRT,299.7,2.1,N
36.99067,56.23112,305.99,0.4,0.44,2026-08-23,2146,N20,nominal,2.0NRT,289.4,0.77,N
36.47844,59.74636,303.64,0.42,0.38,2026-08-23,2146,N20,nominal,2.0NRT,292.87,0.72,N
36.49594,59.3345,311.97,0.43,0.38,2026-08-23,2146,N20,nominal,2.0NRT,292.03,1.07,N
36.94846,54.88852,314.79,0.46,0.47,2026-08-23,2146,N20,nominal,2.0NRT,296.38,1.94,N
36.94409,54.88791,308.41,0.46,0.47,2026-08-23,2146,N20,nominal,2.0NRT,296.04,1.06,N
27.17752,56.05982,313.79,0.47,0.4,2026-08-23,2150,N20,nominal,2.0NRT,302.04,1.81,N
35.90969,62.96443,304.29,0.39,0.36,2026-08-23,2146,N20,nominal,2.0NRT,292.6,0.59,N
27.16891,56.09699,317.85,0.47,0.4,2026-08-23,2150,N20,nominal,2.0NRT,302.17,1.67,N
33.82777,72.82995,304.01,0.38,0.58,2026-08-23,2146,N20,nominal,2.0NRT,293.07,0.66,N
27.17088,56.05391,334.93,0.47,0.4,2026-08-23,2150,N20,nominal,2.0NRT,303.23,3.61,N
36.27113,59.6503,310.79,0.42,0.38,2026-08-23,2146,N20,nominal,2.0NRT,294.21,1.17,N
27.16725,56.0533,331.79,0.47,0.4,2026-08-23,2150,N20,nominal,2.0NRT,302.77,3.61,N
36.2398,59.7319,302.92,0.42,0.38,2026-08-23,2146,N20,nominal,2.0NRT,290.96,0.86,N
27.16103,56.10049,345.66,0.47,0.4,2026-08-23,2150,N20,nominal,2.0NRT,303.23,7.14,N
36.34362,58.67529,315,0.45,0.39,2026-08-23,2146,N20,nominal,2.0NRT,292.07,2.15,N
33.80155,72.09739,304.47,0.34,0.56,2026-08-23,2146,N20,nominal,2.0NRT,292.96,0.77,N
27.16414,56.07689,314.11,0.47,0.4,2026-08-23,2150,N20,nominal,2.0NRT,301.61,1.6,N
27.16166,56.09577,313.63,0.47,0.4,2026-08-23,2150,N20,nominal,2.0NRT,302.64,1.87,N
36.27991,58.77585,303.57,0.45,0.39,2026-08-23,2146,N20,nominal,2.0NRT,293.34,1.32,N
27.14469,56.11215,317.92,0.47,0.4,2026-08-23,2150,N20,nominal,2.0NRT,301.65,1.76,N
36.08939,58.2383,304.35,0.47,0.4,2026-08-23,2146,N20,nominal,2.0NRT,293.04,0.64,N
33.54492,71.54877,305.75,0.32,0.55,2026-08-23,2146,N20,nominal,2.0NRT,292.75,0.97,N
33.2994,71.18489,307.06,0.63,0.54,2026-08-23,2146,N20,nominal,2.0NRT,290.44,0.74,N
35.36742,59.30464,312.24,0.42,0.38,2026-08-23,2146,N20,nominal,2.0NRT,291.24,1.26,N
32.88778,71.61631,320.18,0.34,0.56,2026-08-23,2146,N20,nominal,2.0NRT,296.43,2.69,N
32.88943,71.6162,324.71,0.34,0.56,2026-08-23,2146,N20,nominal,2.0NRT,296.39,2.58,N
31.25682,76.92467,299.45,0.74,0.76,2026-08-23,2146,N20,nominal,2.0NRT,287.71,1.46,N
33.7532,59.14858,321.5,0.42,0.37,2026-08-23,2148,N20,nominal,2.0NRT,291.35,2.44,N
26.95656,55.54496,314.34,0.49,0.41,2026-08-23,2150,N20,nominal,2.0NRT,302.21,1.75,N
26.95894,55.54351,316.07,0.49,0.41,2026-08-23,2150,N20,nominal,2.0NRT,302.11,1.91,N
33.62819,59.16721,301.67,0.42,0.37,2026-08-23,2148,N20,nominal,2.0NRT,291.46,0.87,N
32.92334,60.2328,305.47,0.39,0.36,2026-08-23,2148,N20,nominal,2.0NRT,292.81,1.21,N
26.62282,55.7439,336.1,0.48,0.4,2026-08-23,2150,N20,nominal,2.0NRT,303.62,18.32,N
33.04125,56.84658,316.19,0.5,0.41,2026-08-23,2148,N20,nominal,2.0NRT,297.72,1.74,N
33.0436,56.85101,311.54,0.5,0.41,2026-08-23,2148,N20,nominal,2.0NRT,297.6,2.54,N
25.62199,59.34578,312.74,0.38,0.36,2026-08-23,2150,N20,nominal,2.0NRT,297.69,0.72,N
25.97627,56.06861,315.98,0.46,0.39,2026-08-23,2150,N20,nominal,2.0NRT,303.1,1.04,N
25.97268,56.06804,314.13,0.46,0.39,2026-08-23,2150,N20,nominal,2.0NRT,302.64,0.79,N
25.57284,55.98812,315.21,0.46,0.39,2026-08-23,2150,N20,nominal,2.0NRT,303.11,1.27,N
25.31042,56.37462,315.3,0.44,0.38,2026-08-23,2150,N20,nominal,2.0NRT,300.61,0.63,N
25.30691,56.37402,316.3,0.44,0.38,2026-08-23,2150,N20,nominal,2.0NRT,300.55,0.63,N
24.99132,55.62709,325.85,0.47,0.4,2026-08-23,2150,N20,nominal,2.0NRT,301.87,4.91,N
24.50797,56.61054,313.88,0.42,0.38,2026-08-23,2150,N20,nominal,2.0NRT,302.14,1.77,N
24.50511,56.6058,338.9,0.42,0.38,2026-08-23,2150,N20,nominal,2.0NRT,303.81,6.42,N
24.50688,56.59332,316.48,0.42,0.38,2026-08-23,2150,N20,nominal,2.0NRT,302.47,1.57,N
24.47279,56.63433,314.93,0.42,0.38,2026-08-23,2150,N20,nominal,2.0NRT,300.18,0.87,N
24.45624,56.55073,318.11,0.43,0.38,2026-08-23,2150,N20,nominal,2.0NRT,300.71,1.35,N
24.60965,54.15196,328.54,0.55,0.43,2026-08-23,2150,N20,nominal,2.0NRT,304.05,1.79,N
24.51057,54.01936,333.13,0.56,0.43,2026-08-23,2150,N20,nominal,2.0NRT,303.73,5.63,N
24.32262,54.46998,315.23,0.52,0.42,2026-08-23,2150,N20,nominal,2.0NRT,302.19,10.11,N
23.55611,58.20094,315.81,0.39,0.36,2026-08-23,2150,N20,nominal,2.0NRT,300.62,1,N
23.48579,58.28209,317.3,0.39,0.36,2026-08-23,2150,N20,nominal,2.0NRT,302.55,0.5,N
23.4825,58.28149,313.81,0.39,0.36,2026-08-23,2150,N20,nominal,2.0NRT,302.09,0.59,N
23.36608,56.28202,318.18,0.43,0.38,2026-08-23,2150,N20,nominal,2.0NRT,302.43,1.99,N
23.19234,55.45532,323.71,0.46,0.39,2026-08-23,2150,N20,nominal,2.0NRT,301.53,3.47,N
23.1548,55.44643,335.23,0.46,0.39,2026-08-23,2150,N20,nominal,2.0NRT,301.65,2.52,N
23.3127,54.17846,314.86,0.53,0.42,2026-08-23,2150,N20,nominal,2.0NRT,300.02,2.08,N
23.04835,56.05441,344.39,0.43,0.38,2026-08-23,2150,N20,nominal,2.0NRT,300.93,5.64,N
23.27925,54.25679,344.08,0.52,0.42,2026-08-23,2150,N20,nominal,2.0NRT,302.38,10.38,N
23.2786,54.26188,311.53,0.52,0.42,2026-08-23,2150,N20,nominal,2.0NRT,299.61,6.81,N
23.27544,54.2562,333.31,0.52,0.42,2026-08-23,2150,N20,nominal,2.0NRT,301.26,10.38,N
23.27479,54.26129,326.14,0.52,0.42,2026-08-23,2150,N20,nominal,2.0NRT,303.1,6.81,N
22.8819,55.92659,320.15,0.43,0.38,2026-08-23,2150,N20,nominal,2.0NRT,301.21,3.99,N
22.8784,55.92602,345.53,0.43,0.38,2026-08-23,2150,N20,nominal,2.0NRT,302.57,3.99,N
22.87508,55.61536,325.42,0.45,0.39,2026-08-23,2150,N20,nominal,2.0NRT,300.25,2.14,N
22.78255,55.81316,319.11,0.44,0.38,2026-08-23,2150,N20,nominal,2.0NRT,300.76,1.81,N
22.67436,56.25043,319.22,0.42,0.38,2026-08-23,2150,N20,nominal,2.0NRT,300.47,4.51,N
22.4052,56.9897,328.46,0.4,0.37,2026-08-23,2150,N20,nominal,2.0NRT,300.31,2.13,N
22.44117,56.70054,325.49,0.41,0.37,2026-08-23,2150,N20,nominal,2.0NRT,300.11,1.38,N
22.32888,56.48784,331.75,0.41,0.37,2026-08-23,2150,N20,nominal,2.0NRT,300.34,3.98,N
22.3283,56.49181,328.4,0.41,0.37,2026-08-23,2150,N20,nominal,2.0NRT,301.38,3.98,N
22.32778,56.47141,326.35,0.41,0.37,2026-08-23,2150,N20,nominal,2.0NRT,301.6,2.17,N
22.29192,56.52639,320.89,0.41,0.37,2026-08-23,2150,N20,nominal,2.0NRT,301.12,1.43,N
22.52736,54.05158,314.01,0.52,0.42,2026-08-23,2150,N20,nominal,2.0NRT,299.76,1.37,N
21.93761,57.0734,331.96,0.4,0.37,2026-08-23,2150,N20,nominal,2.0NRT,300.75,4.94,N
21.89052,56.84579,321.18,0.4,0.37,2026-08-23,2150,N20,nominal,2.0NRT,299.72,1.41,N
21.9431,56.03265,320.64,0.42,0.38,2026-08-23,2150,N20,nominal,2.0NRT,300.13,1.4,N
21.83541,56.68178,329.09,0.4,0.37,2026-08-23,2150,N20,nominal,2.0NRT,300.13,1.86,N
21.64794,55.99635,316.85,0.42,0.38,2026-08-23,2150,N20,nominal,2.0NRT,302.22,0.85,N
21.33589,57.72368,323.07,0.39,0.36,2026-08-23,2150,N20,nominal,2.0NRT,297.13,1.11,N
21.32234,57.7213,311.39,0.39,0.36,2026-08-23,2150,N20,nominal,2.0NRT,297.23,0.69,N
21.31904,57.72071,328.29,0.39,0.36,2026-08-23,2150,N20,nominal,2.0NRT,297.38,1.52,N
21.3156,57.74285,311.51,0.39,0.36,2026-08-23,2150,N20,nominal,2.0NRT,297.18,0.91,N
21.31173,57.74596,330.36,0.39,0.36,2026-08-23,2150,N20,nominal,2.0NRT,297.94,2.61,N
21.3123,57.74227,314.23,0.39,0.36,2026-08-23,2150,N20,nominal,2.0NRT,296.93,0.91,N
21.30371,57.79756,319.25,0.39,0.36,2026-08-23,2150,N20,nominal,2.0NRT,297.58,1.44,N
21.30755,57.70737,314.42,0.39,0.36,2026-08-23,2150,N20,nominal,2.0NRT,297.41,0.95,N
21.29835,57.67921,308.13,0.39,0.36,2026-08-23,2150,N20,nominal,2.0NRT,296.78,0.25,N
20.988,56.77245,310.24,0.4,0.37,2026-08-23,2150,N20,nominal,2.0NRT,297.51,0.18,N
21.00307,56.53197,335.34,0.4,0.37,2026-08-23,2150,N20,nominal,2.0NRT,300.85,5.08,N
20.55778,56.42023,312.79,0.4,0.37,2026-08-23,2153,N20,nominal,2.0NRT,298.04,0.74,N
20.37655,55.93486,318.44,0.41,0.37,2026-08-23,2153,N20,nominal,2.0NRT,299.26,1.46,N
20.38791,55.6632,331.01,0.42,0.38,2026-08-23,2153,N20,nominal,2.0NRT,299.62,2.91,N
20.38678,55.64648,322.79,0.42,0.38,2026-08-23,2153,N20,nominal,2.0NRT,299.88,2.17,N
20.21353,55.71061,325.27,0.42,0.38,2026-08-23,2153,N20,nominal,2.0NRT,298.28,1.56,N
20.02591,56.15134,308.87,0.41,0.37,2026-08-23,2153,N20,nominal,2.0NRT,297.42,0.72,N
19.34148,56.46152,308.13,0.4,0.37,2026-08-23,2153,N20,nominal,2.0NRT,297.51,0.69,N
19.2692,56.17591,311.11,0.4,0.37,2026-08-23,2153,N20,nominal,2.0NRT,296.63,0.67,N
18.69378,55.50217,332.79,0.42,0.37,2026-08-23,2153,N20,nominal,2.0NRT,297.75,7.73,N
18.55807,55.87207,308.33,0.4,0.37,2026-08-23,2153,N20,nominal,2.0NRT,295.79,0.8,N
18.32496,55.10645,312.23,0.43,0.38,2026-08-23,2153,N20,nominal,2.0NRT,299.15,1.75,N
18.32149,55.1059,335.63,0.43,0.38,2026-08-23,2153,N20,nominal,2.0NRT,299.63,1.75,N
18.03436,54.64365,312.65,0.44,0.38,2026-08-23,2153,N20,nominal,2.0NRT,297.96,1.23,N
18.01558,54.57265,335.94,0.44,0.39,2026-08-23,2153,N20,nominal,2.0NRT,301.67,5.86,N
18.01205,54.5721,341.82,0.44,0.39,2026-08-23,2153,N20,nominal,2.0NRT,304.4,26.36,N
17.97553,54.52528,324.15,0.45,0.39,2026-08-23,2153,N20,nominal,2.0NRT,296.55,1.66,N
38.67949,54.31398,324.65,0.64,0.72,2026-08-23,2326,N20,nominal,2.0NRT,294.82,2.36,N
38.68062,54.31509,327.7,0.64,0.72,2026-08-23,2326,N20,nominal,2.0NRT,295.35,2.96,N
38.64775,54.28225,333.02,0.64,0.72,2026-08-23,2326,N20,nominal,2.0NRT,295.5,4.46,N
36.94424,54.88729,304.43,0.77,0.77,2026-08-23,2326,N20,nominal,2.0NRT,293.55,1.18,N
38.47427,100.93578,330.65,0.49,0.49,2026-08-24,0546,N20,low,2.0NRT,303.91,2.82,D
38.49623,100.90948,344.82,0.49,0.49,2026-08-24,0546,N20,nominal,2.0NRT,304.81,6.37,D
29.44623,71.34816,330.18,0.7,0.75,2026-08-24,0724,N20,nominal,2.0NRT,291.13,4.94,D
29.44842,71.34847,331.34,0.7,0.75,2026-08-24,0724,N20,nominal,2.0NRT,291.57,3.39,D
32.00023,78.53627,343.6,0.47,0.48,2026-08-24,0724,N20,nominal,2.0NRT,309.57,8.91,D
38.04931,67.26972,349.52,0.68,0.74,2026-08-24,0729,N20,nominal,2.0NRT,309.02,9.98,D
38.0471,67.2627,339.2,0.68,0.74,2026-08-24,0729,N20,nominal,2.0NRT,311.31,10.19,D
7.6086,80.96409,330.39,0.5,0.66,2026-08-24,0718,N20,nominal,2.0NRT,287.29,4.45,D
7.61053,80.94074,347.57,0.5,0.66,2026-08-24,0718,N20,nominal,2.0NRT,288.7,9.16,D
7.81332,81.36693,337.45,0.47,0.64,2026-08-24,0718,N20,nominal,2.0NRT,291.1,8.4,D
8.57232,80.63769,330.12,0.51,0.66,2026-08-24,0718,N20,nominal,2.0NRT,284.82,5.38,D
8.64573,80.44996,329.18,0.52,0.67,2026-08-24,0718,N20,nominal,2.0NRT,284.62,3.05,D
8.64628,80.44923,329.25,0.52,0.67,2026-08-24,0718,N20,nominal,2.0NRT,283.85,3.77,D
9.14568,80.51594,330.96,0.51,0.66,2026-08-24,0718,N20,nominal,2.0NRT,288.23,4.87,D
20.95841,94.86646,332.96,0.43,0.46,2026-08-24,0720,N20,nominal,2.0NRT,287.09,6.36,D
28.78677,80.20897,340.9,0.44,0.46,2026-08-24,0724,N20,nominal,2.0NRT,290.16,3.79,D
28.79093,80.20787,333.93,0.44,0.46,2026-08-24,0724,N20,nominal,2.0NRT,289.65,3.79,D
6.47197,81.11274,330.91,0.51,0.66,2026-08-24,0718,N20,nominal,2.0NRT,289.01,5.51,D
6.74966,81.36375,327.62,0.49,0.65,2026-08-24,0718,N20,nominal,2.0NRT,291.98,3.22,D
6.74889,81.35938,341.05,0.49,0.65,2026-08-24,0718,N20,nominal,2.0NRT,292.09,3.22,D
6.8017,81.55667,343.17,0.47,0.64,2026-08-24,0718,N20,nominal,2.0NRT,290.88,7.19,D
6.75308,81.36101,345.34,0.49,0.65,2026-08-24,0718,N20,nominal,2.0NRT,292.2,4.92,D
6.80059,81.55444,343.71,0.47,0.64,2026-08-24,0718,N20,nominal,2.0NRT,290.91,9.2,D
7.00006,81.4677,330.63,0.48,0.64,2026-08-24,0718,N20,nominal,2.0NRT,288.18,3.3,D
7.15777,81.74757,332.19,0.45,0.63,2026-08-24,0718,N20,nominal,2.0NRT,293.24,3.19,D
7.16109,81.79283,332.68,0.45,0.63,2026-08-24,0718,N20,nominal,2.0NRT,294.3,2.59,D
7.15308,81.74905,331.35,0.45,0.63,2026-08-24,0718,N20,nominal,2.0NRT,293.55,2.04,D
7.0971,81.07424,330.51,0.5,0.66,2026-08-24,0718,N20,nominal,2.0NRT,283.64,5.28,D
7.28014,81.83306,332.42,0.44,0.63,2026-08-24,0718,N20,nominal,2.0NRT,291.37,4.3,D
7.29635,81.8458,342.57,0.44,0.62,2026-08-24,0718,N20,nominal,2.0NRT,291.18,5.42,D
7.29492,81.83794,330.85,0.44,0.63,2026-08-24,0718,N20,nominal,2.0NRT,292.07,6.93,D
7.31624,81.82598,331.39,0.44,0.63,2026-08-24,0718,N20,nominal,2.0NRT,291.51,6.33,D
7.32406,81.83678,340.48,0.44,0.63,2026-08-24,0718,N20,nominal,2.0NRT,291.42,8.61,D
7.38912,81.76433,332.9,0.45,0.63,2026-08-24,0718,N20,nominal,2.0NRT,288.3,3.65,D
33.29322,71.18797,332.85,0.38,0.59,2026-08-24,0905,N20,nominal,2.0NRT,301.27,3.16,D
34.57212,60.73617,349.6,0.39,0.36,2026-08-24,0905,N20,nominal,2.0NRT,318.93,5.83,D
37.34717,60.89183,345.78,0.4,0.37,2026-08-24,0907,N20,nominal,2.0NRT,319.06,5.11,D
38.05105,67.26492,344.26,0.51,0.49,2026-08-24,0907,N20,low,2.0NRT,319.09,10.44,D
37.55689,61.69652,348.5,0.42,0.38,2026-08-24,0907,N20,nominal,2.0NRT,318.42,10.14,D
37.61783,62.1409,345.43,0.44,0.38,2026-08-24,0907,N20,low,2.0NRT,317.3,7.95,D
37.38678,59.95093,347.32,0.39,0.36,2026-08-24,0907,N20,nominal,2.0NRT,321.36,5.63,D
37.80422,59.00344,341.97,0.38,0.36,2026-08-24,0907,N20,low,2.0NRT,315.49,7.05,D
37.20073,55.3337,338.19,0.45,0.39,2026-08-24,0907,N20,low,2.0NRT,312.93,7.12,D
38.70826,65.89613,347.44,0.44,0.46,2026-08-24,0907,N20,nominal,2.0NRT,318.8,10.41,D
37.89527,58.5089,349.8,0.38,0.36,2026-08-24,0907,N20,nominal,2.0NRT,317.58,8.65,D
37.89854,58.50809,344.06,0.38,0.36,2026-08-24,0907,N20,low,2.0NRT,317.37,3.39,D
37.90181,58.50728,341.72,0.38,0.36,2026-08-24,0907,N20,low,2.0NRT,316.18,3.39,D
37.41294,55.47098,341.37,0.44,0.39,2026-08-24,0907,N20,low,2.0NRT,314.09,15.53,D
37.94136,58.56477,344.11,0.38,0.36,2026-08-24,0907,N20,low,2.0NRT,317.79,5.97,D
37.93916,58.50697,346.81,0.38,0.36,2026-08-24,0907,N20,low,2.0NRT,320.77,7.45,D
37.93028,58.42832,345.18,0.38,0.36,2026-08-24,0907,N20,low,2.0NRT,319.67,4.97,D
38.03873,58.59932,367,0.38,0.36,2026-08-24,0907,N20,low,2.0NRT,326.25,8.8,D
38.03806,58.59499,367,0.38,0.36,2026-08-24,0907,N20,low,2.0NRT,325.06,3.61,D
38.0374,58.59069,367,0.38,0.36,2026-08-24,0907,N20,low,2.0NRT,325.68,3.61,D
38.04134,58.59418,350.9,0.38,0.36,2026-08-24,0907,N20,nominal,2.0NRT,325.34,3.19,D
38.04201,58.59851,367,0.38,0.36,2026-08-24,0907,N20,low,2.0NRT,326.28,4.01,D
38.04067,58.58987,367,0.38,0.36,2026-08-24,0907,N20,low,2.0NRT,325.23,3.19,D
38.04528,58.59769,367,0.38,0.36,2026-08-24,0907,N20,low,2.0NRT,326.46,4.01,D
38.04461,58.59336,367,0.38,0.36,2026-08-24,0907,N20,low,2.0NRT,326.17,3.19,D
38.06566,58.61962,367,0.38,0.36,2026-08-24,0907,N20,low,2.0NRT,325.43,3.17,D
38.06499,58.6153,367,0.38,0.36,2026-08-24,0907,N20,low,2.0NRT,325.75,3.67,D
38.06433,58.61097,367,0.38,0.36,2026-08-24,0907,N20,low,2.0NRT,326.29,3.67,D
38.06827,58.61448,350.36,0.38,0.36,2026-08-24,0907,N20,low,2.0NRT,324.52,3.67,D
38.06894,58.61881,367,0.38,0.36,2026-08-24,0907,N20,low,2.0NRT,326.02,3.17,D
38.07221,58.618,367,0.38,0.36,2026-08-24,0907,N20,low,2.0NRT,326.64,6.26,D
39.60607,66.99824,333.92,0.51,0.49,2026-08-24,0907,N20,low,2.0NRT,307.26,1.93,D
38.76995,56.8218,352.6,0.4,0.37,2026-08-24,0907,N20,nominal,2.0NRT,319.94,8.77,D
18.0128,54.57029,340.75,0.38,0.58,2026-08-24,0902,N20,nominal,2.0NRT,309.85,12.82,D
18.01352,54.57373,356.44,0.37,0.58,2026-08-24,0902,N20,low,2.0NRT,312.71,12.82,D
18.32084,55.10738,350.89,0.34,0.56,2026-08-24,0902,N20,nominal,2.0NRT,312.09,2.63,D
18.69268,55.50497,345.06,0.63,0.54,2026-08-24,0902,N20,nominal,2.0NRT,311.26,1.08,D
19.33389,56.473,339.64,0.53,0.5,2026-08-24,0902,N20,nominal,2.0NRT,309.42,1.43,D
20.37638,55.93545,352.15,0.55,0.51,2026-08-24,0902,N20,nominal,2.0NRT,309.86,2.61,D
21.00126,56.53373,344.84,0.49,0.49,2026-08-24,0902,N20,nominal,2.0NRT,313.11,0.9,D
20.99994,56.53098,346.08,0.49,0.49,2026-08-24,0902,N20,nominal,2.0NRT,313.45,1.65,D
21.30947,57.74715,344.65,0.41,0.45,2026-08-24,0905,N20,low,2.0NRT,315.91,3.38,D
21.64718,55.99555,338.03,0.52,0.5,2026-08-24,0905,N20,low,2.0NRT,311.07,2.72,D
21.93442,57.07399,347.22,0.44,0.46,2026-08-24,0905,N20,nominal,2.0NRT,315.36,0.85,D
21.93859,57.07307,347.36,0.44,0.46,2026-08-24,0905,N20,nominal,2.0NRT,314.71,2,D
22.29319,56.52911,346.58,0.46,0.47,2026-08-24,0905,N20,nominal,2.0NRT,314.52,2.33,D
22.40446,56.9912,343.58,0.43,0.46,2026-08-24,0905,N20,nominal,2.0NRT,312.86,2.7,D
22.32764,56.48999,345.8,0.47,0.47,2026-08-24,0905,N20,nominal,2.0NRT,315.13,2.45,D
22.33185,56.46596,344.05,0.47,0.48,2026-08-24,0905,N20,nominal,2.0NRT,314.02,2.11,D
22.44008,56.70177,349.38,0.45,0.47,2026-08-24,0905,N20,nominal,2.0NRT,316.71,18.51,D
24.74261,67.70977,336.05,0.56,0.43,2026-08-24,0905,N20,nominal,2.0NRT,301.35,3.27,D
24.86607,68.06541,343.44,0.39,0.44,2026-08-24,0905,N20,nominal,2.0NRT,301.56,3.87,D
24.86664,68.06484,343.5,0.4,0.44,2026-08-24,0905,N20,nominal,2.0NRT,301.59,4.56,D
23.19081,55.4631,347.89,0.52,0.5,2026-08-24,0905,N20,nominal,2.0NRT,314.26,32.98,D
23.27435,54.26306,348.06,0.62,0.54,2026-08-24,0905,N20,nominal,2.0NRT,312.84,9.35,D
23.27919,54.26188,347.7,0.62,0.54,2026-08-24,0905,N20,nominal,2.0NRT,313.05,9.35,D
23.27796,54.25597,344.31,0.62,0.54,2026-08-24,0905,N20,nominal,2.0NRT,313.23,9.35,D
23.27695,54.26134,348.49,0.61,0.54,2026-08-24,0905,N20,nominal,2.0NRT,313.57,15.33,D
23.27569,54.25547,344.41,0.62,0.54,2026-08-24,0905,N20,nominal,2.0NRT,310.99,6,D
24.50476,56.60986,345.99,0.42,0.45,2026-08-24,0905,N20,nominal,2.0NRT,312.65,16.78,D
24.50632,54.01741,339.87,0.6,0.53,2026-08-24,0905,N20,nominal,2.0NRT,301.34,4.66,D
27.16956,56.05492,351.98,0.4,0.44,2026-08-24,0905,N20,nominal,2.0NRT,320.32,12.09,D
27.16878,56.05097,347.3,0.4,0.44,2026-08-24,0905,N20,low,2.0NRT,319.5,12.09,D
30.81013,71.99578,335.36,0.4,0.6,2026-08-24,0905,N20,nominal,2.0NRT,295.97,3.13,D
31.64609,72.19376,330.53,0.42,0.61,2026-08-24,0907,N20,nominal,2.0NRT,297.71,2.41,D
31.64338,72.19141,335.59,0.42,0.61,2026-08-24,0907,N20,nominal,2.0NRT,297.43,3.78,D
26.58149,101.66325,305.46,0.6,0.71,2026-08-24,1809,N20,nominal,2.0NRT,287.3,1.63,N
26.57499,101.66238,367,0.6,0.71,2026-08-24,1809,N20,high,2.0NRT,288.2,20.15,N
7.63807,80.96845,309.2,0.52,0.42,2026-08-24,1953,N20,nominal,2.0NRT,292.5,1.67,N
7.63952,80.96649,305.42,0.52,0.42,2026-08-24,1953,N20,nominal,2.0NRT,292.64,0.96,N
7.63881,80.97121,304.76,0.52,0.42,2026-08-24,1953,N20,nominal,2.0NRT,292.24,0.96,N
7.27208,81.28002,307.05,0.5,0.41,2026-08-24,1953,N20,nominal,2.0NRT,292.93,1.4,N
7.2703,81.28139,305.55,0.5,0.41,2026-08-24,1953,N20,nominal,2.0NRT,292.77,1.57,N
6.87969,81.58598,308.64,0.48,0.4,2026-08-24,1953,N20,nominal,2.0NRT,291.82,3.68,N
7.03616,79.88816,330.51,0.4,0.44,2026-08-24,1953,N20,nominal,2.0NRT,290.52,2.76,N
6.51576,80.92601,310.83,0.51,0.41,2026-08-24,1953,N20,nominal,2.0NRT,290.83,1.8,N
26.57334,101.66883,301.6,0.47,0.64,2026-08-24,1947,N20,nominal,2.0NRT,287.98,2.92,N
23.80593,86.32925,301.64,0.43,0.38,2026-08-24,1949,N20,nominal,2.0NRT,287.99,1.14,N
23.68914,87.10023,300.3,0.41,0.37,2026-08-24,1949,N20,nominal,2.0NRT,277.44,0.92,N
23.76,85.85234,302.56,0.45,0.39,2026-08-24,1949,N20,nominal,2.0NRT,289.08,1.51,N
23.7594,85.85674,309.62,0.45,0.39,2026-08-24,1949,N20,nominal,2.0NRT,290.4,1.51,N
23.75644,85.85175,306.19,0.45,0.39,2026-08-24,1949,N20,nominal,2.0NRT,289.93,1.51,N
23.56024,87.24084,317.79,0.4,0.37,2026-08-24,1949,N20,nominal,2.0NRT,285.5,2.15,N
23.55686,87.24026,330.3,0.4,0.37,2026-08-24,1949,N20,nominal,2.0NRT,287.55,2.3,N
23.55629,87.24419,306.97,0.4,0.37,2026-08-24,1949,N20,nominal,2.0NRT,287.04,2.3,N
23.65765,85.50914,301.62,0.46,0.39,2026-08-24,1949,N20,nominal,2.0NRT,289.07,1.35,N
23.65687,85.50671,300.76,0.46,0.39,2026-08-24,1949,N20,nominal,2.0NRT,289.06,0.68,N
23.66972,84.99499,300.78,0.49,0.4,2026-08-24,1949,N20,nominal,2.0NRT,288.22,1.35,N
22.37741,87.27945,342.9,0.4,0.37,2026-08-24,1949,N20,nominal,2.0NRT,295.02,3.79,N
22.37798,87.27563,312.37,0.4,0.37,2026-08-24,1949,N20,nominal,2.0NRT,291.75,3.79,N
22.36729,87.30124,307.56,0.4,0.37,2026-08-24,1949,N20,nominal,2.0NRT,292.01,2.36,N
22.36395,87.30066,327.09,0.4,0.37,2026-08-24,1949,N20,nominal,2.0NRT,292.72,2.36,N
22.35897,87.28802,314.13,0.4,0.37,2026-08-24,1949,N20,nominal,2.0NRT,291.69,1.39,N
22.3584,87.29185,309.63,0.4,0.37,2026-08-24,1949,N20,nominal,2.0NRT,292.17,1.39,N
17.60995,83.20184,302.24,0.52,0.41,2026-08-24,1951,N20,nominal,2.0NRT,282.89,2.91,N
15.18525,76.66425,317.21,0.42,0.61,2026-08-24,1951,N20,nominal,2.0NRT,279.86,2.67,N
15.18397,76.67608,307.12,0.42,0.61,2026-08-24,1951,N20,nominal,2.0NRT,280.32,1.58,N
15.17959,76.6636,300.38,0.42,0.61,2026-08-24,1951,N20,nominal,2.0NRT,279.65,1.44,N
15.17831,76.67545,302.22,0.42,0.61,2026-08-24,1951,N20,nominal,2.0NRT,280.88,1.34,N
15.18871,76.6569,301.81,0.42,0.61,2026-08-24,1951,N20,nominal,2.0NRT,280.75,2.33,N
15.18643,76.67658,305.01,0.42,0.61,2026-08-24,1951,N20,nominal,2.0NRT,280.13,2.84,N
15.18214,76.66415,322.33,0.42,0.61,2026-08-24,1951,N20,nominal,2.0NRT,279.71,3.62,N
15.17784,76.65171,302.12,0.42,0.61,2026-08-24,1951,N20,nominal,2.0NRT,278.92,1.57,N
15.17738,76.65565,301.94,0.42,0.61,2026-08-24,1951,N20,nominal,2.0NRT,280.24,2.18,N
38.68135,92.52576,297.3,0.39,0.36,2026-08-24,1947,N20,nominal,2.0NRT,278.7,0.79,N
28.90766,58.81033,311.07,0.42,0.45,2026-08-24,2129,N20,nominal,2.0NRT,295.59,1.61,N
26.25711,74.09373,303.31,0.35,0.57,2026-08-24,2129,N20,nominal,2.0NRT,290.28,0.65,N
28.8511,58.90493,312.16,0.41,0.45,2026-08-24,2129,N20,nominal,2.0NRT,297.18,1.66,N
28.85245,58.90698,315.23,0.41,0.45,2026-08-24,2129,N20,nominal,2.0NRT,297.41,1.3,N
29.25278,54.47228,299.42,0.38,0.59,2026-08-24,2129,N20,nominal,2.0NRT,288.58,0.74,N
29.13572,55.3788,305.26,0.34,0.56,2026-08-24,2129,N20,nominal,2.0NRT,294.88,1.9,N
28.64808,54.3927,312.94,0.38,0.59,2026-08-24,2129,N20,nominal,2.0NRT,292.59,0.81,N
28.65189,54.39272,307.04,0.38,0.59,2026-08-24,2129,N20,nominal,2.0NRT,293.82,1.02,N
25.94493,72.19168,307.22,0.54,0.51,2026-08-24,2129,N20,nominal,2.0NRT,293.25,1.55,N
26.09461,68.88082,306.19,0.52,0.42,2026-08-24,2129,N20,nominal,2.0NRT,295.52,0.85,N
27.23046,60.48915,311.44,0.49,0.4,2026-08-24,2129,N20,nominal,2.0NRT,299.31,2.62,N
24.82048,73.09338,302.31,0.33,0.55,2026-08-24,2129,N20,nominal,2.0NRT,286.88,0.84,N
24.8207,73.09208,303.71,0.33,0.55,2026-08-24,2129,N20,nominal,2.0NRT,286.95,0.73,N
27.42313,56.50185,313.91,0.55,0.51,2026-08-24,2129,N20,nominal,2.0NRT,300.38,1.07,N
24.68919,73.00189,304.95,0.32,0.55,2026-08-24,2129,N20,nominal,2.0NRT,290.34,0.68,N
27.30213,56.30445,311.27,0.56,0.52,2026-08-24,2129,N20,nominal,2.0NRT,300.71,1.97,N
27.30135,56.3027,311.88,0.56,0.52,2026-08-24,2129,N20,nominal,2.0NRT,300.61,1.88,N
39.71218,82.70947,303.6,0.49,0.65,2026-08-24,2125,N20,nominal,2.0NRT,286.34,0.67,N
25.85152,66.61445,304,0.42,0.38,2026-08-24,2129,N20,nominal,2.0NRT,292.79,0.77,N
39.73329,75.01765,300.32,0.4,0.44,2026-08-24,2125,N20,nominal,2.0NRT,284.78,0.52,N
39.85282,66.19993,308.69,0.4,0.37,2026-08-24,2125,N20,nominal,2.0NRT,295.52,1.12,N
39.17743,68.61397,304.2,0.39,0.36,2026-08-24,2125,N20,nominal,2.0NRT,285.34,1.03,N
27.17137,56.05097,336.82,0.58,0.52,2026-08-24,2129,N20,nominal,2.0NRT,301.49,5.6,N
39.18301,65.31147,322.31,0.42,0.38,2026-08-24,2125,N20,nominal,2.0NRT,294.78,1.68,N
27.16147,56.10288,323.6,0.58,0.52,2026-08-24,2129,N20,nominal,2.0NRT,300.91,3.09,N
38.65185,68.77276,303.56,0.39,0.36,2026-08-24,2125,N20,nominal,2.0NRT,292.97,0.96,N
27.14597,56.11258,312.48,0.57,0.52,2026-08-24,2129,N20,nominal,2.0NRT,300.89,2.12,N
39.43402,62.99234,306.52,0.51,0.41,2026-08-24,2125,N20,nominal,2.0NRT,293.23,0.43,N
39.28175,63.0477,303.26,0.51,0.41,2026-08-24,2125,N20,nominal,2.0NRT,292.89,0.66,N
26.95664,55.54331,313.23,0.62,0.54,2026-08-24,2129,N20,nominal,2.0NRT,302.16,2.15,N
39.25138,63.21382,315.05,0.5,0.41,2026-08-24,2125,N20,nominal,2.0NRT,294.06,2.02,N
39.24853,63.17204,305.27,0.5,0.41,2026-08-24,2125,N20,nominal,2.0NRT,293.97,0.85,N
38.39624,69.11162,306.34,0.39,0.36,2026-08-24,2125,N20,nominal,2.0NRT,292.92,0.83,N
39.19889,63.19636,310.72,0.5,0.41,2026-08-24,2125,N20,nominal,2.0NRT,293.63,1.12,N
39.1808,63.35026,305.84,0.49,0.4,2026-08-24,2125,N20,nominal,2.0NRT,293.86,1.25,N
39.16924,63.25505,316.01,0.49,0.41,2026-08-24,2125,N20,nominal,2.0NRT,294.7,1.33,N
39.16858,63.26075,303.29,0.49,0.41,2026-08-24,2125,N20,nominal,2.0NRT,293,1.33,N
39.16487,63.26004,306.77,0.49,0.41,2026-08-24,2125,N20,nominal,2.0NRT,293.51,0.95,N
39.15824,63.31691,312.33,0.49,0.4,2026-08-24,2125,N20,nominal,2.0NRT,293.17,0.88,N
38.32475,68.98798,306.11,0.39,0.36,2026-08-24,2125,N20,nominal,2.0NRT,294.45,1.06,N
39.12929,63.30546,307.79,0.49,0.4,2026-08-24,2125,N20,nominal,2.0NRT,294.21,1.08,N
39.11427,63.33727,305.94,0.49,0.4,2026-08-24,2125,N20,nominal,2.0NRT,293.74,0.83,N
39.15687,62.58942,306.8,0.53,0.42,2026-08-24,2125,N20,nominal,2.0NRT,296.06,0.98,N
39.05429,63.44523,304.83,0.48,0.4,2026-08-24,2125,N20,nominal,2.0NRT,292.6,0.78,N
39.01589,63.70262,303.78,0.47,0.4,2026-08-24,2125,N20,nominal,2.0NRT,292.83,0.36,N
39.00575,63.53792,307.39,0.48,0.4,2026-08-24,2125,N20,nominal,2.0NRT,294.06,1.02,N
25.97282,56.06832,314.38,0.56,0.51,2026-08-24,2129,N20,nominal,2.0NRT,303.26,2.29,N
38.68431,65.98873,319.09,0.4,0.37,2026-08-24,2125,N20,nominal,2.0NRT,293.83,1.49,N
38.96503,63.69248,308.75,0.47,0.4,2026-08-24,2125,N20,nominal,2.0NRT,293.73,1.22,N
38.9698,63.62082,305.95,0.48,0.4,2026-08-24,2125,N20,nominal,2.0NRT,294.04,0.6,N
38.97626,63.4698,311.52,0.48,0.4,2026-08-24,2125,N20,nominal,2.0NRT,295.29,1.65,N
38.97374,63.46763,313.69,0.48,0.4,2026-08-24,2125,N20,nominal,2.0NRT,295.32,1.68,N
38.91723,63.8083,307.04,0.47,0.39,2026-08-24,2125,N20,nominal,2.0NRT,292.62,0.77,N
38.83816,63.81985,305.76,0.47,0.39,2026-08-24,2125,N20,nominal,2.0NRT,293.56,0.72,N
38.55052,65.94589,303.3,0.4,0.37,2026-08-24,2125,N20,nominal,2.0NRT,292.96,0.92,N
39.50949,54.32548,306.39,0.48,0.65,2026-08-24,2125,N20,nominal,2.0NRT,294.78,1.26,N
38.455,65.8036,306.58,0.4,0.37,2026-08-24,2127,N20,nominal,2.0NRT,293.76,1.28,N
38.65408,63.98093,304.37,0.46,0.39,2026-08-24,2127,N20,nominal,2.0NRT,293.15,1.02,N
39.26296,56.01422,316.41,0.39,0.59,2026-08-24,2127,N20,nominal,2.0NRT,292.9,1.25,N
25.31107,56.37068,318.5,0.53,0.5,2026-08-24,2131,N20,nominal,2.0NRT,300.91,1.67,N
38.05352,67.26536,331.13,0.38,0.36,2026-08-24,2127,N20,nominal,2.0NRT,292.48,6.27,N
38.05024,67.26453,327,0.38,0.36,2026-08-24,2127,N20,nominal,2.0NRT,294.54,6.27,N
38.20728,64.74057,309.48,0.43,0.38,2026-08-24,2127,N20,nominal,2.0NRT,294.19,0.57,N
38.12872,64.67651,307.13,0.43,0.38,2026-08-24,2127,N20,nominal,2.0NRT,295.54,0.64,N
38.12012,64.71462,303.91,0.43,0.38,2026-08-24,2127,N20,nominal,2.0NRT,293.84,0.35,N
38.05515,64.884,320.31,0.42,0.38,2026-08-24,2127,N20,nominal,2.0NRT,296.14,1.28,N
38.05261,64.90313,307.78,0.42,0.38,2026-08-24,2127,N20,nominal,2.0NRT,295.13,0.96,N
37.93071,65.63847,315.61,0.4,0.37,2026-08-24,2127,N20,nominal,2.0NRT,293.69,0.95,N
37.97108,65.0456,304.45,0.42,0.37,2026-08-24,2127,N20,nominal,2.0NRT,292.6,0.6,N
37.96592,65.00556,306.28,0.42,0.38,2026-08-24,2127,N20,nominal,2.0NRT,294.12,0.74,N
37.90348,65.10359,305.63,0.42,0.37,2026-08-24,2127,N20,nominal,2.0NRT,293.27,0.84,N
37.8884,65.08814,316.64,0.42,0.37,2026-08-24,2127,N20,nominal,2.0NRT,295.07,1.51,N
37.83067,65.1767,309.97,0.41,0.37,2026-08-24,2127,N20,nominal,2.0NRT,294.3,0.75,N
22.92938,70.10797,307.66,0.47,0.47,2026-08-24,2131,N20,nominal,2.0NRT,293.79,1.57,N
37.82854,65.16663,304.79,0.41,0.37,2026-08-24,2127,N20,nominal,2.0NRT,294.21,0.74,N
37.8245,65.17055,309.12,0.41,0.37,2026-08-24,2127,N20,nominal,2.0NRT,295.16,0.74,N
37.75883,65.21629,307.13,0.41,0.37,2026-08-24,2127,N20,nominal,2.0NRT,293.4,0.78,N
22.93402,69.69881,314.16,0.44,0.46,2026-08-24,2131,N20,nominal,2.0NRT,294.18,2.18,N
38.67971,54.31245,322.48,0.47,0.64,2026-08-24,2127,N20,nominal,2.0NRT,295.87,1.54,N
38.65119,54.27684,323.37,0.48,0.64,2026-08-24,2127,N20,nominal,2.0NRT,295.77,2.74,N
38.65097,54.28242,320.18,0.48,0.64,2026-08-24,2127,N20,nominal,2.0NRT,296.98,2.7,N
37.66534,65.28633,305.36,0.41,0.37,2026-08-24,2127,N20,nominal,2.0NRT,293,0.4,N
38.64816,54.28021,335.14,0.48,0.64,2026-08-24,2127,N20,nominal,2.0NRT,297.24,3.41,N
37.9844,61.88723,308.89,0.55,0.43,2026-08-24,2127,N20,nominal,2.0NRT,294.82,2.35,N
37.79716,62.54887,315.85,0.51,0.41,2026-08-24,2127,N20,nominal,2.0NRT,293.33,2.15,N
38.19439,58.10161,307.72,0.58,0.52,2026-08-24,2127,N20,nominal,2.0NRT,293.62,1.75,N
37.7909,62.53587,306.33,0.51,0.41,2026-08-24,2127,N20,nominal,2.0NRT,293.26,0.88,N
37.78712,62.53517,306.4,0.51,0.41,2026-08-24,2127,N20,nominal,2.0NRT,292.59,1.22,N
37.78464,62.52283,303.58,0.51,0.41,2026-08-24,2127,N20,nominal,2.0NRT,292.94,0.48,N
37.78746,62.53481,306.6,0.51,0.41,2026-08-24,2127,N20,nominal,2.0NRT,292.83,1.47,N
38.14856,58.39481,305.93,0.56,0.51,2026-08-24,2127,N20,nominal,2.0NRT,295.58,2.16,N
37.77832,62.028,304.76,0.54,0.42,2026-08-24,2127,N20,nominal,2.0NRT,292.95,0.81,N
37.74385,62.12756,305.94,0.53,0.42,2026-08-24,2127,N20,nominal,2.0NRT,294.65,1.13,N
37.74207,62.07145,305.61,0.54,0.42,2026-08-24,2127,N20,nominal,2.0NRT,292.86,0.54,N
37.72786,62.09375,309.81,0.54,0.42,2026-08-24,2127,N20,nominal,2.0NRT,294.49,1.38,N
37.72678,62.09308,307.31,0.54,0.42,2026-08-24,2127,N20,nominal,2.0NRT,294.15,1.71,N
37.67139,62.23674,312.26,0.53,0.42,2026-08-24,2127,N20,nominal,2.0NRT,293.35,1.66,N
37.66307,62.24134,303.64,0.53,0.42,2026-08-24,2127,N20,nominal,2.0NRT,292.31,0.65,N
37.63958,62.20666,308.26,0.53,0.42,2026-08-24,2127,N20,nominal,2.0NRT,292.67,1.28,N
37.62677,62.21658,306.99,0.53,0.42,2026-08-24,2127,N20,nominal,2.0NRT,292.61,2.31,N
37.65653,61.90568,313.44,0.55,0.42,2026-08-24,2127,N20,nominal,2.0NRT,295.12,2.2,N
37.62819,62.16796,311.37,0.53,0.42,2026-08-24,2127,N20,nominal,2.0NRT,293.41,1.63,N
37.6251,62.12442,305.23,0.53,0.42,2026-08-24,2127,N20,nominal,2.0NRT,293.56,1.41,N
37.61994,62.13581,315.42,0.53,0.42,2026-08-24,2127,N20,nominal,2.0NRT,295.34,1.92,N
37.61928,62.14184,310.18,0.53,0.42,2026-08-24,2127,N20,nominal,2.0NRT,294.72,1.92,N
37.62745,62.12368,305.94,0.53,0.42,2026-08-24,2127,N20,nominal,2.0NRT,292.89,0.85,N
37.62154,62.14106,317.44,0.53,0.42,2026-08-24,2127,N20,nominal,2.0NRT,295.63,2.34,N
37.63058,61.95667,305.29,0.54,0.42,2026-08-24,2127,N20,nominal,2.0NRT,294.78,1.03,N
37.94199,58.56006,309.34,0.55,0.51,2026-08-24,2127,N20,nominal,2.0NRT,295.06,1.52,N
37.61207,61.57643,306.63,0.56,0.43,2026-08-24,2127,N20,nominal,2.0NRT,295.78,2.02,N
37.60869,61.60843,311.55,0.56,0.43,2026-08-24,2127,N20,nominal,2.0NRT,295.4,1.62,N
37.55819,61.93143,304.12,0.54,0.42,2026-08-24,2127,N20,nominal,2.0NRT,293.61,1.07,N
37.59698,61.52805,312.88,0.57,0.43,2026-08-24,2127,N20,nominal,2.0NRT,294.02,2.46,N
37.59302,61.52737,322.91,0.57,0.43,2026-08-24,2127,N20,nominal,2.0NRT,296,2.46,N
37.58175,61.55817,313.76,0.57,0.43,2026-08-24,2127,N20,nominal,2.0NRT,294.96,2.49,N
37.58334,61.55821,314.83,0.57,0.43,2026-08-24,2127,N20,nominal,2.0NRT,295.41,2.55,N
24.50551,56.60838,332.55,0.5,0.49,2026-08-24,2131,N20,nominal,2.0NRT,301.41,3.08,N
37.50364,61.98991,305.65,0.54,0.42,2026-08-24,2127,N20,nominal,2.0NRT,292.56,0.94,N
24.50709,56.59359,311.8,0.5,0.49,2026-08-24,2131,N20,nominal,2.0NRT,301.61,1.18,N
37.49986,61.84531,316.96,0.55,0.42,2026-08-24,2127,N20,nominal,2.0NRT,297.19,3.33,N
24.50604,56.60345,311.67,0.5,0.49,2026-08-24,2131,N20,nominal,2.0NRT,300.55,3.08,N
37.63344,60.33831,308.85,0.43,0.46,2026-08-24,2127,N20,nominal,2.0NRT,294.3,1.12,N
24.50359,56.60567,314.13,0.5,0.49,2026-08-24,2131,N20,nominal,2.0NRT,300.55,1.2,N
37.48944,60.45773,304.6,0.43,0.46,2026-08-24,2127,N20,nominal,2.0NRT,292.35,0.52,N
37.34915,61.36449,314.48,0.38,0.43,2026-08-24,2127,N20,nominal,2.0NRT,294.9,1.01,N
24.45502,56.54956,313.3,0.5,0.49,2026-08-24,2131,N20,nominal,2.0NRT,301.01,1.53,N
36.70095,65.96136,308.08,0.39,0.36,2026-08-24,2127,N20,nominal,2.0NRT,295.73,1.04,N
22.34236,69.87119,331,0.46,0.47,2026-08-24,2131,N20,nominal,2.0NRT,292.96,5.31,N
37.15287,62.50103,313.33,0.51,0.41,2026-08-24,2127,N20,nominal,2.0NRT,294.19,1.68,N
24.50871,54.01724,338.3,0.36,0.58,2026-08-24,2131,N20,nominal,2.0NRT,302.9,3.08,N
37.33071,60.62885,305.29,0.42,0.45,2026-08-24,2127,N20,nominal,2.0NRT,291.78,0.58,N
24.50904,54.01364,318.88,0.36,0.58,2026-08-24,2131,N20,nominal,2.0NRT,303.05,2.39,N
37.32656,60.62819,320.1,0.42,0.45,2026-08-24,2127,N20,nominal,2.0NRT,291.17,1.67,N
37.11931,62.3604,325.05,0.51,0.41,2026-08-24,2127,N20,nominal,2.0NRT,296.04,6.66,N
37.11487,62.36549,317.41,0.51,0.41,2026-08-24,2127,N20,nominal,2.0NRT,295.23,2.96,N
37.22509,60.8897,304.52,0.4,0.44,2026-08-24,2127,N20,nominal,2.0NRT,293.7,0.67,N
37.03622,62.41483,314.5,0.51,0.41,2026-08-24,2127,N20,nominal,2.0NRT,295.38,2.21,N
24.32322,54.46784,322.34,0.34,0.56,2026-08-24,2131,N20,nominal,2.0NRT,305.86,2.18,N
37.17301,61.15679,313.52,0.39,0.44,2026-08-24,2127,N20,nominal,2.0NRT,292.05,1.55,N
21.10818,72.64432,328.48,0.37,0.58,2026-08-24,2131,N20,nominal,2.0NRT,289.54,3.22,N
37.03246,62.41415,316.91,0.51,0.41,2026-08-24,2127,N20,nominal,2.0NRT,295.09,3.36,N
21.10742,72.64774,320.64,0.37,0.58,2026-08-24,2131,N20,nominal,2.0NRT,290.58,3.22,N
37.03179,62.41986,315.03,0.51,0.41,2026-08-24,2127,N20,nominal,2.0NRT,297.09,4,N
37.4555,57.684,304.39,0.6,0.53,2026-08-24,2127,N20,nominal,2.0NRT,291.47,1.43,N
21.1045,72.63617,337.36,0.36,0.58,2026-08-24,2131,N20,nominal,2.0NRT,289.47,5.37,N
37.21865,60.02076,318.54,0.45,0.47,2026-08-24,2127,N20,nominal,2.0NRT,295.6,2.12,N
35.96545,68.6872,304.67,0.4,0.37,2026-08-24,2127,N20,nominal,2.0NRT,293.74,1.46,N
36.99501,56.23019,305.83,0.36,0.57,2026-08-24,2127,N20,nominal,2.0NRT,291.75,0.4,N
36.47238,61.45586,303.64,0.56,0.43,2026-08-24,2127,N20,nominal,2.0NRT,292.61,0.79,N
36.94838,54.88577,315.96,0.43,0.62,2026-08-24,2127,N20,nominal,2.0NRT,294.91,1.68,N
36.37177,61.93691,304.58,0.53,0.42,2026-08-24,2127,N20,nominal,2.0NRT,292.35,0.4,N
36.43911,61.22012,304.51,0.57,0.43,2026-08-24,2127,N20,nominal,2.0NRT,293.81,1.52,N
36.94646,54.88555,315.2,0.43,0.62,2026-08-24,2127,N20,nominal,2.0NRT,294.33,1.89,N
36.27293,59.65016,304.31,0.46,0.47,2026-08-24,2127,N20,nominal,2.0NRT,293.46,0.97,N
36.23868,59.73235,304.88,0.45,0.47,2026-08-24,2127,N20,nominal,2.0NRT,292.6,1.08,N
36.30084,54.78494,301.77,0.43,0.62,2026-08-24,2127,N20,nominal,2.0NRT,291.43,0.8,N
33.90976,71.46368,309.72,0.53,0.42,2026-08-24,2127,N20,nominal,2.0NRT,295.96,1.12,N
23.48566,58.27922,321.55,0.38,0.43,2026-08-24,2131,N20,nominal,2.0NRT,303.14,0.75,N
35.36782,59.30403,304.11,0.47,0.47,2026-08-24,2127,N20,nominal,2.0NRT,291.39,1.1,N
33.54535,71.55087,307.33,0.54,0.42,2026-08-24,2127,N20,nominal,2.0NRT,296.68,0.81,N
33.29638,71.18524,313.1,0.52,0.42,2026-08-24,2127,N20,nominal,2.0NRT,296.96,1.21,N
23.19292,55.45834,327.49,0.57,0.52,2026-08-24,2131,N20,nominal,2.0NRT,301.71,2.38,N
32.89028,71.61712,318.66,0.56,0.43,2026-08-24,2127,N20,nominal,2.0NRT,298.91,4.21,N
23.19233,55.46389,311.32,0.57,0.52,2026-08-24,2131,N20,nominal,2.0NRT,300.49,2.38,N
32.09037,74.16152,307.69,0.53,0.5,2026-08-24,2127,N20,nominal,2.0NRT,295.83,2.44,N
23.31449,54.17683,337.52,0.34,0.56,2026-08-24,2131,N20,nominal,2.0NRT,299.86,1.91,N
23.31482,54.17344,311.01,0.34,0.56,2026-08-24,2131,N20,nominal,2.0NRT,300.59,1.91,N
31.25751,76.92367,302.19,0.4,0.6,2026-08-24,2127,N20,nominal,2.0NRT,288.38,0.81,N
23.28049,54.25742,351.8,0.34,0.56,2026-08-24,2131,N20,nominal,2.0NRT,301.41,4.48,N
32.29299,70.73278,310,0.52,0.41,2026-08-24,2127,N20,nominal,2.0NRT,296.81,2,N
23.27824,54.2267,309.72,0.34,0.56,2026-08-24,2131,N20,nominal,2.0NRT,298.83,0.76,N
32.29195,70.73803,307.89,0.52,0.41,2026-08-24,2127,N20,nominal,2.0NRT,296.41,2,N
23.27534,54.25677,310.1,0.34,0.56,2026-08-24,2131,N20,nominal,2.0NRT,299.51,1.13,N
33.75428,59.14803,309.08,0.46,0.47,2026-08-24,2127,N20,nominal,2.0NRT,292.01,1.45,N
22.64055,59.42896,322.69,0.49,0.4,2026-08-24,2131,N20,nominal,2.0NRT,301.95,1.84,N
33.75267,59.14619,311.49,0.46,0.47,2026-08-24,2127,N20,nominal,2.0NRT,291.16,2.11,N
22.9276,55.80278,321.54,0.53,0.5,2026-08-24,2131,N20,nominal,2.0NRT,299.28,6.96,N
33.63035,59.16727,302.16,0.45,0.47,2026-08-24,2127,N20,nominal,2.0NRT,291.4,1.29,N
33.27151,57.54213,301.26,0.55,0.51,2026-08-24,2127,N20,nominal,2.0NRT,290.58,0.7,N
22.87481,55.61113,310.52,0.55,0.51,2026-08-24,2131,N20,nominal,2.0NRT,296.98,1.01,N
33.04072,56.85086,310.21,0.6,0.53,2026-08-24,2127,N20,nominal,2.0NRT,294.88,1.69,N
22.87422,55.61649,312.86,0.55,0.51,2026-08-24,2131,N20,nominal,2.0NRT,297.27,1.01,N
22.40719,56.98885,327.06,0.44,0.46,2026-08-24,2131,N20,nominal,2.0NRT,300.17,8.16,N
22.53011,54.05109,311.11,0.34,0.56,2026-08-24,2131,N20,nominal,2.0NRT,296.6,2.53,N
32.33411,54.08636,303.24,0.43,0.62,2026-08-24,2127,N20,nominal,2.0NRT,291.91,0.79,N
22.52859,54.051,310.64,0.34,0.56,2026-08-24,2131,N20,nominal,2.0NRT,296.29,4.22,N
21.00502,56.53048,315.05,0.45,0.47,2026-08-24,2131,N20,nominal,2.0NRT,285.78,1.83,N
20.55837,56.41774,310.12,0.46,0.47,2026-08-24,2131,N20,nominal,2.0NRT,295.49,4.01,N
20.38815,55.66319,323.73,0.51,0.49,2026-08-24,2131,N20,nominal,2.0NRT,296.28,7.49,N
20.38534,55.6479,316.58,0.51,0.49,2026-08-24,2131,N20,nominal,2.0NRT,296.29,5.65,N
20.21576,55.71069,311.57,0.5,0.49,2026-08-24,2131,N20,nominal,2.0NRT,295.54,4.25,N
20.21357,55.71329,313.63,0.5,0.49,2026-08-24,2131,N20,nominal,2.0NRT,296.13,5.35,N
19.27061,56.17643,308.4,0.45,0.47,2026-08-24,2131,N20,nominal,2.0NRT,295.8,1.71,N
18.32473,55.10478,324.92,0.52,0.5,2026-08-24,2131,N20,nominal,2.0NRT,297.51,2.49,N
18.01508,54.56963,340.89,0.56,0.51,2026-08-24,2133,N20,nominal,2.0NRT,301.62,17.27,N
18.01447,54.57487,312.23,0.55,0.51,2026-08-24,2133,N20,nominal,2.0NRT,297.61,17.27,N
17.97678,54.52719,320.73,0.56,0.51,2026-08-24,2133,N20,nominal,2.0NRT,295.79,2.77,N
17.9757,54.52578,309.42,0.56,0.51,2026-08-24,2133,N20,nominal,2.0NRT,295.66,1.3,N
30.75424,56.65436,304.68,0.59,0.53,2026-08-24,2129,N20,nominal,2.0NRT,291.38,2.97,N
30.66931,56.61882,300.82,0.59,0.53,2026-08-24,2129,N20,nominal,2.0NRT,289.69,1.34,N
30.66578,56.61733,300.64,0.59,0.53,2026-08-24,2129,N20,nominal,2.0NRT,289.52,0.74,N
30.36852,57.11376,305.19,0.55,0.51,2026-08-24,2129,N20,nominal,2.0NRT,290.39,0.71,N
30.37101,56.12477,303.72,0.63,0.54,2026-08-24,2129,N20,nominal,2.0NRT,290.1,1.7,N
30.39068,55.77571,302.03,0.33,0.55,2026-08-24,2129,N20,nominal,2.0NRT,291.29,0.44,N
30.37816,55.8638,302.38,0.32,0.55,2026-08-24,2129,N20,nominal,2.0NRT,290.32,0.94,N
30.32349,55.97087,305.09,0.32,0.55,2026-08-24,2129,N20,nominal,2.0NRT,289.84,0.64,N
30.32322,55.97417,304.14,0.32,0.55,2026-08-24,2129,N20,nominal,2.0NRT,291.61,0.64,N
30.23802,56.90888,302.14,0.56,0.51,2026-08-24,2129,N20,nominal,2.0NRT,291.03,1.58,N
30.23329,56.90829,313.16,0.56,0.51,2026-08-24,2129,N20,nominal,2.0NRT,292.42,2.89,N
30.23688,56.90733,317.23,0.56,0.51,2026-08-24,2129,N20,nominal,2.0NRT,293.72,3.4,N
30.21641,55.98175,303.9,0.32,0.54,2026-08-24,2129,N20,nominal,2.0NRT,289.47,0.56,N
30.21614,55.98507,303.77,0.32,0.54,2026-08-24,2129,N20,nominal,2.0NRT,289.99,0.56,N
30.21639,55.98378,304.28,0.64,0.54,2026-08-24,2129,N20,nominal,2.0NRT,289.82,1.53,N
28.20507,69.49628,307.9,0.52,0.42,2026-08-24,2129,N20,nominal,2.0NRT,295.53,1.02,N
30.08299,55.39672,367,0.34,0.56,2026-08-24,2129,N20,high,2.0NRT,294.17,10.13,N
30.0784,55.38887,303.42,0.34,0.56,2026-08-24,2129,N20,nominal,2.0NRT,290.81,2.91,N
30.07811,55.39246,310.56,0.34,0.56,2026-08-24,2129,N20,nominal,2.0NRT,292.65,2.91,N
29.92986,56.72981,299.8,0.57,0.52,2026-08-24,2129,N20,nominal,2.0NRT,288.41,2.61,N
29.92901,56.73511,303.44,0.57,0.52,2026-08-24,2129,N20,nominal,2.0NRT,290.8,1.72,N
29.99527,55.85264,347.11,0.32,0.55,2026-08-24,2129,N20,nominal,2.0NRT,289.37,3.67,N
29.99025,55.85196,306.79,0.32,0.55,2026-08-24,2129,N20,nominal,2.0NRT,286.1,1.2,N
29.98998,55.85503,307.76,0.32,0.55,2026-08-24,2129,N20,nominal,2.0NRT,287.91,1.2,N
29.99845,55.19685,301.9,0.35,0.57,2026-08-24,2129,N20,nominal,2.0NRT,290.86,0.81,N
29.51443,55.79642,302.85,0.32,0.55,2026-08-24,2129,N20,nominal,2.0NRT,291.08,0.37,N
39.26414,56.01344,327.53,0.43,0.62,2026-08-24,2307,N20,nominal,2.0NRT,293.69,3.25,N
39.26565,56.01629,304.93,0.43,0.62,2026-08-24,2307,N20,nominal,2.0NRT,292.32,1.09,N
39.26161,56.009,310.28,0.43,0.62,2026-08-24,2307,N20,nominal,2.0NRT,292.15,1.09,N
39.26028,56.01374,304.75,0.43,0.62,2026-08-24,2307,N20,nominal,2.0NRT,292.07,1.09,N
39.51019,54.3296,307.25,0.35,0.57,2026-08-24,2307,N20,nominal,2.0NRT,294.71,1.21,N
39.50811,54.32904,307.72,0.35,0.57,2026-08-24,2307,N20,nominal,2.0NRT,294.17,0.98,N
37.94321,58.56393,304.29,0.63,0.72,2026-08-24,2307,N20,nominal,2.0NRT,293.58,1.16,N
37.94394,58.56502,304.11,0.63,0.72,2026-08-24,2307,N20,nominal,2.0NRT,293.81,1.33,N
38.68001,54.31398,329.62,0.37,0.58,2026-08-24,2307,N20,nominal,2.0NRT,296.07,2.08,N
38.6489,54.28265,345.68,0.36,0.58,2026-08-24,2307,N20,nominal,2.0NRT,297.85,3.54,N
36.99045,56.23032,300.04,0.51,0.66,2026-08-24,2307,N20,nominal,2.0NRT,289.23,0.46,N
36.9443,54.88862,314.23,0.44,0.62,2026-08-24,2307,N20,nominal,2.0NRT,295.29,1.81,N
36.47974,54.89877,296.33,0.45,0.63,2026-08-24,2307,N20,nominal,2.0NRT,285.99,0.68,N
32.33441,54.08347,301.24,0.52,0.67,2026-08-24,2309,N20,nominal,2.0NRT,289.33,1.27,N
31.62043,54.72398,303.03,0.59,0.7,2026-08-24,2309,N20,nominal,2.0NRT,288.62,1.39,N
30.32246,55.97209,300.16,0.75,0.77,2026-08-24,2309,N20,nominal,2.0NRT,288.6,1.27,N
30.32331,55.97142,299.55,0.75,0.77,2026-08-24,2309,N20,nominal,2.0NRT,288.32,1.91,N
29.99522,55.8479,295.24,0.76,0.77,2026-08-24,2309,N20,nominal,2.0NRT,283.11,3.02,N
29.99265,55.85664,305.79,0.76,0.77,2026-08-24,2309,N20,nominal,2.0NRT,284.8,3.02,N
29.98594,55.85403,322.67,0.76,0.77,2026-08-24,2309,N20,nominal,2.0NRT,285.45,3.02,N
29.98863,55.84492,303.33,0.76,0.77,2026-08-24,2309,N20,nominal,2.0NRT,283.47,3.02,N
29.99479,55.85352,300.11,0.76,0.77,2026-08-24,2309,N20,nominal,2.0NRT,284.29,1.25,N
29.98808,55.85089,338.04,0.76,0.77,2026-08-24,2309,N20,nominal,2.0NRT,284.84,8.46,N
30.08226,55.39532,343.47,0.71,0.75,2026-08-24,2309,N20,nominal,2.0NRT,290.71,8.41,N
23.76661,101.81042,350.28,0.32,0.55,2026-08-25,0701,N20,nominal,2.0NRT,294.23,4.81,D
29.45627,76.8924,327.41,0.63,0.72,2026-08-25,0705,N20,nominal,2.0NRT,281.67,4.73,D
15.38928,75.22285,331.45,0.42,0.45,2026-08-25,0841,N20,nominal,2.0NRT,297.05,3.57,D
6.70725,81.22833,367,0.4,0.6,2026-08-25,0839,N20,high,2.0NRT,291.9,27.48,D
17.08532,79.68513,332.03,0.43,0.62,2026-08-25,0841,N20,nominal,2.0NRT,288.06,4.27,D
6.70673,81.22464,351.13,0.4,0.6,2026-08-25,0839,N20,nominal,2.0NRT,290.6,27.48,D
18.70882,74.45466,336.09,0.41,0.45,2026-08-25,0841,N20,nominal,2.0NRT,295.12,3.57,D
6.70572,81.2174,350.03,0.4,0.6,2026-08-25,0839,N20,nominal,2.0NRT,289.79,9.83,D
19.36854,71.35598,339.9,0.44,0.38,2026-08-25,0843,N20,nominal,2.0NRT,292.71,5.54,D
6.71277,81.22758,367,0.4,0.6,2026-08-25,0839,N20,high,2.0NRT,290.2,27.48,D
21.10028,72.63832,336.63,0.52,0.42,2026-08-25,0843,N20,nominal,2.0NRT,288.5,6.64,D
6.70749,81.23083,337.35,0.4,0.6,2026-08-25,0839,N20,nominal,2.0NRT,289.74,23.03,D
21.10536,72.64783,332.66,0.52,0.42,2026-08-25,0843,N20,nominal,2.0NRT,289.06,6.03,D
18.01315,54.5747,356.51,0.77,0.77,2026-08-25,0843,N20,nominal,2.0NRT,301.9,17.84,D
6.707,81.22719,353.82,0.4,0.6,2026-08-25,0839,N20,nominal,2.0NRT,293.86,28.12,D
18.01038,54.57103,348.34,0.76,0.77,2026-08-25,0843,N20,nominal,2.0NRT,301.89,14.53,D
6.70652,81.22351,339.24,0.4,0.6,2026-08-25,0839,N20,nominal,2.0NRT,290.03,28.12,D
18.31896,55.10493,339.33,0.7,0.75,2026-08-25,0843,N20,nominal,2.0NRT,303.61,7.38,D
20.22507,55.73996,337.35,0.58,0.69,2026-08-25,0843,N20,nominal,2.0NRT,300.07,8.06,D
6.70604,81.21987,336.95,0.4,0.6,2026-08-25,0839,N20,nominal,2.0NRT,289.29,5.43,D
20.37545,55.93537,351.01,0.56,0.69,2026-08-25,0843,N20,nominal,2.0NRT,300.39,15.3,D
38.08282,65.46835,349.41,0.4,0.37,2026-08-25,0848,N20,nominal,2.0NRT,319.12,8.13,D
20.37436,55.93697,344.02,0.56,0.68,2026-08-25,0843,N20,nominal,2.0NRT,299.9,24.83,D
6.70556,81.21626,343,0.4,0.6,2026-08-25,0839,N20,nominal,2.0NRT,289.34,5.43,D
22.93576,69.1861,331.31,0.4,0.37,2026-08-25,0843,N20,nominal,2.0NRT,298.51,0.9,D
36.94371,54.88903,330.43,0.54,0.51,2026-08-25,0848,N20,low,2.0NRT,304.09,7.4,D
6.71252,81.2264,367,0.4,0.6,2026-08-25,0839,N20,high,2.0NRT,290.28,15.06,D
21.00118,56.53594,339.62,0.49,0.65,2026-08-25,0843,N20,nominal,2.0NRT,307.23,3.38,D
21.00012,56.53132,356.09,0.49,0.65,2026-08-25,0843,N20,low,2.0NRT,307.95,5.37,D
39.71148,73.96886,330.21,0.34,0.56,2026-08-25,0848,N20,low,2.0NRT,304.54,0.86,D
6.8396,81.49413,340.52,0.42,0.61,2026-08-25,0839,N20,nominal,2.0NRT,290.44,6.04,D
39.71126,73.96506,330.11,0.34,0.56,2026-08-25,0848,N20,low,2.0NRT,303.16,0.86,D
6.85277,81.46524,339.61,0.42,0.61,2026-08-25,0839,N20,nominal,2.0NRT,288.8,3.11,D
21.64706,55.99733,342.81,0.52,0.67,2026-08-25,0843,N20,nominal,2.0NRT,307.63,2.42,D
37.20344,55.22003,336.2,0.51,0.49,2026-08-25,0848,N20,low,2.0NRT,307.24,2.18,D
6.85099,81.46588,339.8,0.42,0.61,2026-08-25,0839,N20,nominal,2.0NRT,288.92,5.59,D
22.29252,56.52767,345.6,0.46,0.64,2026-08-25,0843,N20,nominal,2.0NRT,312.92,2.11,D
22.40482,56.99002,343,0.43,0.62,2026-08-25,0843,N20,nominal,2.0NRT,311.33,1.96,D
6.90525,81.48623,352.64,0.42,0.61,2026-08-25,0839,N20,nominal,2.0NRT,286.01,5.48,D
38.00174,58.54454,346.76,0.51,0.41,2026-08-25,0848,N20,low,2.0NRT,320,10.14,D
22.32634,56.49031,346.91,0.47,0.64,2026-08-25,0843,N20,nominal,2.0NRT,310.66,2.48,D
38.00063,58.53892,346.15,0.51,0.41,2026-08-25,0848,N20,low,2.0NRT,320.31,9.26,D
7.06184,81.81427,335.51,0.44,0.63,2026-08-25,0839,N20,nominal,2.0NRT,289.14,4.85,D
22.33278,56.46546,342.58,0.47,0.64,2026-08-25,0843,N20,nominal,2.0NRT,310.56,2.21,D
38.07553,58.08443,341.54,0.53,0.42,2026-08-25,0848,N20,low,2.0NRT,316.18,4.91,D
22.4414,56.69899,348.63,0.45,0.63,2026-08-25,0843,N20,nominal,2.0NRT,313.66,19.03,D
7.36444,81.26173,338.15,0.41,0.61,2026-08-25,0839,N20,nominal,2.0NRT,282.74,4.81,D
38.07927,58.08321,344.43,0.53,0.42,2026-08-25,0848,N20,low,2.0NRT,316.3,4.91,D
24.96003,68.29343,346.04,0.39,0.36,2026-08-25,0843,N20,nominal,2.0NRT,303.42,11.94,D
7.36859,81.26053,336.67,0.41,0.61,2026-08-25,0839,N20,nominal,2.0NRT,282.85,4.53,D
24.89885,67.87708,346.93,0.39,0.36,2026-08-25,0843,N20,nominal,2.0NRT,306.5,5.31,D
38.08182,58.07614,342.09,0.53,0.42,2026-08-25,0848,N20,low,2.0NRT,315.26,6.8,D
7.44606,81.71892,337.68,0.44,0.63,2026-08-25,0839,N20,nominal,2.0NRT,283.33,3.94,D
22.87771,55.93071,367,0.49,0.65,2026-08-25,0843,N20,high,2.0NRT,310.78,5.56,D
7.57693,81.39883,340.38,0.42,0.61,2026-08-25,0839,N20,nominal,2.0NRT,282.45,10.74,D
22.87663,55.92606,354,0.49,0.65,2026-08-25,0843,N20,nominal,2.0NRT,311.68,5.56,D
22.88057,55.92692,367,0.49,0.65,2026-08-25,0843,N20,high,2.0NRT,311.48,7.23,D
7.57743,81.40275,356.17,0.42,0.61,2026-08-25,0839,N20,low,2.0NRT,281.32,11.65,D
22.9264,55.80498,352.35,0.5,0.66,2026-08-25,0843,N20,nominal,2.0NRT,313.75,2.87,D
8.33277,81.0308,326.93,0.41,0.61,2026-08-25,0839,N20,nominal,2.0NRT,273.5,1.13,D
25.38883,68.58194,333.09,0.4,0.37,2026-08-25,0843,N20,nominal,2.0NRT,302.22,1.93,D
8.35643,80.23595,341.37,0.36,0.57,2026-08-25,0839,N20,nominal,2.0NRT,273.67,5.31,D
22.77891,54.72998,343.43,0.59,0.7,2026-08-25,0843,N20,nominal,2.0NRT,311.31,1.08,D
8.35598,80.23265,349.37,0.36,0.57,2026-08-25,0839,N20,nominal,2.0NRT,275.31,5.31,D
23.27748,54.25743,349.99,0.61,0.71,2026-08-25,0845,N20,nominal,2.0NRT,314.34,1.67,D
8.4222,80.56379,333.08,0.38,0.59,2026-08-25,0839,N20,nominal,2.0NRT,273.02,3.84,D
26.09337,68.87978,331.86,0.41,0.37,2026-08-25,0845,N20,low,2.0NRT,304.79,3.11,D
8.66442,80.46942,330.26,0.38,0.59,2026-08-25,0839,N20,nominal,2.0NRT,273.41,3.42,D
8.66043,80.43851,332.98,0.38,0.58,2026-08-25,0839,N20,nominal,2.0NRT,272.7,3.8,D
23.27905,54.25964,367,0.61,0.71,2026-08-25,0845,N20,high,2.0NRT,313.26,1.36,D
38.648,54.28481,347.83,0.53,0.5,2026-08-25,0850,N20,nominal,2.0NRT,318.39,5.09,D
14.86755,79.73705,337.02,0.41,0.61,2026-08-25,0841,N20,nominal,2.0NRT,291.31,3.45,D
38.64793,54.28294,348.82,0.52,0.5,2026-08-25,0850,N20,nominal,2.0NRT,317.04,4.11,D
38.67975,54.31497,346.5,0.52,0.5,2026-08-25,0850,N20,nominal,2.0NRT,315.71,2.67,D
39.24366,56.4788,345.63,0.4,0.44,2026-08-25,0850,N20,nominal,2.0NRT,312.04,3.09,D
24.47324,56.62933,367,0.41,0.61,2026-08-25,0845,N20,high,2.0NRT,306.6,5.36,D
39.44283,54.38637,347.22,0.5,0.49,2026-08-25,0850,N20,nominal,2.0NRT,316.2,16.26,D
39.44715,54.38471,350.77,0.5,0.49,2026-08-25,0850,N20,nominal,2.0NRT,313.14,16.26,D
24.47381,56.63026,367,0.41,0.61,2026-08-25,0845,N20,high,2.0NRT,305.06,4.12,D
24.47289,56.62635,343.62,0.41,0.61,2026-08-25,0845,N20,nominal,2.0NRT,305.95,4.12,D
24.50361,56.60963,345.11,0.41,0.61,2026-08-25,0845,N20,nominal,2.0NRT,305.48,2.99,D
26.83839,68.12151,331.51,0.4,0.37,2026-08-25,0845,N20,low,2.0NRT,306.09,3.38,D
24.51204,54.02164,333.67,0.59,0.7,2026-08-25,0845,N20,nominal,2.0NRT,301.23,5.53,D
24.51065,54.016,341.43,0.59,0.7,2026-08-25,0845,N20,nominal,2.0NRT,301.57,5.53,D
24.50788,54.02216,336.28,0.59,0.7,2026-08-25,0845,N20,nominal,2.0NRT,300.94,7.71,D
24.50645,54.01653,342.07,0.59,0.7,2026-08-25,0845,N20,nominal,2.0NRT,301.49,8.26,D
27.41735,67.59908,344.29,0.39,0.36,2026-08-25,0845,N20,nominal,2.0NRT,307.25,7.62,D
27.32534,66.93049,340.02,0.38,0.36,2026-08-25,0845,N20,low,2.0NRT,310.28,5.08,D
28.42337,69.70033,334.43,0.45,0.39,2026-08-25,0845,N20,low,2.0NRT,306.78,4.54,D
28.3161,67.7836,336.58,0.4,0.37,2026-08-25,0845,N20,nominal,2.0NRT,306.33,3.88,D
29.82046,72.60643,332.85,0.44,0.46,2026-08-25,0845,N20,low,2.0NRT,303.36,3.52,D
27.16747,56.05488,346,0.39,0.59,2026-08-25,0845,N20,nominal,2.0NRT,306.35,3.88,D
27.16659,56.05109,344,0.39,0.59,2026-08-25,0845,N20,nominal,2.0NRT,307.43,3.88,D
29.94383,72.05908,331.82,0.41,0.45,2026-08-25,0845,N20,low,2.0NRT,302.77,2.03,D
30.1649,72.4173,342.06,0.43,0.46,2026-08-25,0845,N20,nominal,2.0NRT,300.61,5.26,D
30.89147,73.20195,332.29,0.49,0.49,2026-08-25,0845,N20,low,2.0NRT,305.26,14.19,D
30.89391,73.18082,333.16,0.49,0.49,2026-08-25,0845,N20,low,2.0NRT,307.22,11.6,D
31.02832,73.36803,330.66,0.5,0.49,2026-08-25,0845,N20,low,2.0NRT,304.52,4.72,D
31.02979,73.37043,330.64,0.5,0.49,2026-08-25,0845,N20,low,2.0NRT,303.71,9.86,D
31.0935,72.58533,332.53,0.46,0.47,2026-08-25,0845,N20,nominal,2.0NRT,299.98,3.13,D
32.57404,72.56461,330.26,0.47,0.48,2026-08-25,0845,N20,low,2.0NRT,303.87,2.85,D
29.98761,55.85739,367,0.34,0.56,2026-08-25,0845,N20,high,2.0NRT,314.47,8.54,D
29.98686,55.85423,354.19,0.35,0.56,2026-08-25,0845,N20,nominal,2.0NRT,314.22,8.54,D
30.07872,55.40153,367,0.36,0.58,2026-08-25,0845,N20,high,2.0NRT,320.14,14.26,D
32.88762,71.61745,336.07,0.42,0.45,2026-08-25,0845,N20,low,2.0NRT,308.69,4.11,D
38.64686,54.28578,345.43,0.67,0.74,2026-08-25,1030,N20,nominal,2.0NRT,308,5.79,D
38.68156,54.31689,338.86,0.68,0.74,2026-08-25,1030,N20,nominal,2.0NRT,308.21,8.24,D
18.01379,54.57215,337.86,0.46,0.64,2026-08-25,1024,N20,nominal,2.0NRT,307.33,8.56,D
18.01423,54.57657,356.43,0.46,0.64,2026-08-25,1024,N20,low,2.0NRT,306.15,8.56,D
18.01967,54.57159,339.43,0.46,0.64,2026-08-25,1024,N20,nominal,2.0NRT,306.35,4.6,D
18.32033,55.1076,352.09,0.51,0.66,2026-08-25,1024,N20,nominal,2.0NRT,307.39,2.29,D
18.32155,55.11016,342.73,0.51,0.66,2026-08-25,1024,N20,nominal,2.0NRT,306.66,2.61,D
18.3211,55.10529,341.58,0.51,0.66,2026-08-25,1024,N20,nominal,2.0NRT,307.17,2.61,D
21.6467,55.99879,336.05,0.63,0.72,2026-08-25,1026,N20,low,2.0NRT,306.59,2.26,D
22.29321,56.52849,343.81,0.69,0.74,2026-08-25,1026,N20,nominal,2.0NRT,307.94,3.13,D
22.43756,56.70083,343.67,0.71,0.75,2026-08-25,1026,N20,nominal,2.0NRT,308.14,24.3,D
22.43691,56.7013,337.99,0.71,0.75,2026-08-25,1026,N20,low,2.0NRT,308.41,11.43,D
22.44388,56.70074,338.04,0.71,0.75,2026-08-25,1026,N20,nominal,2.0NRT,307.96,11.43,D
22.87739,55.93206,346.07,0.64,0.72,2026-08-25,1026,N20,nominal,2.0NRT,308.47,3.19,D
22.9287,55.80853,342.64,0.63,0.72,2026-08-25,1026,N20,nominal,2.0NRT,308.9,31.19,D
22.92592,55.80617,350.03,0.63,0.72,2026-08-25,1026,N20,nominal,2.0NRT,309.24,33.55,D
23.18972,55.45871,340.29,0.6,0.71,2026-08-25,1026,N20,nominal,2.0NRT,307.47,1.09,D
23.27449,54.25873,353.27,0.51,0.66,2026-08-25,1026,N20,nominal,2.0NRT,313.9,4.76,D
24.47426,56.63519,334.34,0.74,0.76,2026-08-25,1026,N20,nominal,2.0NRT,299.81,3.96,D
24.50664,54.0242,337.66,0.5,0.66,2026-08-25,1026,N20,nominal,2.0NRT,302.19,5.21,D
24.50626,54.01918,336.34,0.5,0.66,2026-08-25,1026,N20,nominal,2.0NRT,302.4,5.65,D
27.16682,56.05681,337.48,0.71,0.75,2026-08-25,1026,N20,nominal,2.0NRT,305.22,6.01,D
29.98699,55.85385,336.04,0.74,0.76,2026-08-25,1028,N20,low,2.0NRT,310.47,4.95,D
30.08011,55.40234,341.67,0.69,0.74,2026-08-25,1028,N20,low,2.0NRT,313.85,8.52,D
38.64618,54.28279,342.25,0.67,0.74,2026-08-25,1030,N20,nominal,2.0NRT,308.19,8.32,D
26.75963,83.19836,301.32,0.44,0.62,2026-08-25,1930,N20,nominal,2.0NRT,278.65,1.23,N
23.66496,87.15575,310.24,0.46,0.47,2026-08-25,1932,N20,nominal,2.0NRT,276.63,1.93,N
23.61165,87.14617,298.73,0.46,0.47,2026-08-25,1932,N20,nominal,2.0NRT,274.79,0.41,N
23.56146,87.23864,298.85,0.45,0.47,2026-08-25,1932,N20,nominal,2.0NRT,276.18,0.59,N
21.59307,96.22826,309.07,0.45,0.39,2026-08-25,1932,N20,nominal,2.0NRT,289.52,2.57,N
22.80134,86.09074,308.76,0.52,0.5,2026-08-25,1932,N20,nominal,2.0NRT,281.25,2.73,N
22.78985,86.19658,299.79,0.51,0.49,2026-08-25,1932,N20,nominal,2.0NRT,278.86,1.59,N
22.7893,86.20161,298.23,0.51,0.49,2026-08-25,1932,N20,nominal,2.0NRT,279.01,0.92,N
22.78875,86.20664,298.14,0.51,0.49,2026-08-25,1932,N20,nominal,2.0NRT,276.01,0.92,N
22.3689,87.30096,305.95,0.43,0.46,2026-08-25,1932,N20,nominal,2.0NRT,288.76,2.38,N
22.36469,87.30035,317.29,0.43,0.46,2026-08-25,1932,N20,nominal,2.0NRT,288.75,3.38,N
22.35725,87.29079,305.1,0.43,0.46,2026-08-25,1932,N20,nominal,2.0NRT,287.79,1.92,N
21.74762,83.84057,298.87,0.35,0.57,2026-08-25,1932,N20,nominal,2.0NRT,279.45,0.68,N
21.39248,81.64462,301.02,0.48,0.65,2026-08-25,1932,N20,nominal,2.0NRT,277.24,0.73,N
21.37752,81.67648,303.65,0.48,0.65,2026-08-25,1932,N20,nominal,2.0NRT,277.68,1.85,N
21.19596,81.41667,327.82,0.5,0.66,2026-08-25,1932,N20,nominal,2.0NRT,281.6,2.93,N
21.19639,81.41189,307.28,0.5,0.66,2026-08-25,1932,N20,nominal,2.0NRT,281.28,2.93,N
21.3352,78.96751,301.03,0.72,0.76,2026-08-25,1932,N20,nominal,2.0NRT,280.3,2.37,N
17.6105,83.20296,318.58,0.34,0.56,2026-08-25,1932,N20,nominal,2.0NRT,287.06,1.83,N
17.60567,83.19904,306.36,0.34,0.56,2026-08-25,1932,N20,nominal,2.0NRT,285.52,1.83,N
39.86266,98.25459,326.13,0.38,0.36,2026-08-25,1925,N20,nominal,2.0NRT,290.86,2.88,N
39.84544,98.27769,309.97,0.38,0.36,2026-08-25,1925,N20,nominal,2.0NRT,284.16,0.71,N
29.74849,98.71642,296.9,0.45,0.39,2026-08-25,1928,N20,nominal,2.0NRT,279.92,0.56,N
26.96573,100.35683,305.7,0.4,0.44,2026-08-25,1930,N20,nominal,2.0NRT,286.5,0.8,N
26.34848,100.63306,302.67,0.43,0.46,2026-08-25,1930,N20,nominal,2.0NRT,289.13,0.52,N
39.85456,66.2009,307.24,0.41,0.45,2026-08-25,2108,N20,nominal,2.0NRT,292.8,0.77,N
39.50432,67.00775,302.97,0.55,0.43,2026-08-25,2108,N20,nominal,2.0NRT,287.57,0.68,N
39.97668,58.93361,304.12,0.49,0.65,2026-08-25,2108,N20,nominal,2.0NRT,291.52,0.64,N
39.17659,68.6143,296.11,0.47,0.4,2026-08-25,2108,N20,nominal,2.0NRT,284.85,0.65,N
39.1846,65.31091,305.12,0.44,0.46,2026-08-25,2108,N20,nominal,2.0NRT,291.77,0.9,N
39.2826,63.04728,302.64,0.58,0.52,2026-08-25,2108,N20,nominal,2.0NRT,290,0.82,N
39.25164,63.21293,300.37,0.57,0.52,2026-08-25,2108,N20,nominal,2.0NRT,290.13,0.67,N
39.17114,63.25623,309.36,0.57,0.52,2026-08-25,2108,N20,nominal,2.0NRT,291.63,3.05,N
39.16589,63.26221,302.52,0.57,0.52,2026-08-25,2108,N20,nominal,2.0NRT,290.58,0.87,N
39.12875,63.30591,301.31,0.56,0.52,2026-08-25,2108,N20,nominal,2.0NRT,290.65,0.96,N
39.1167,63.33739,302.86,0.56,0.51,2026-08-25,2108,N20,nominal,2.0NRT,291.51,1.11,N
39.01717,63.70365,300.09,0.53,0.5,2026-08-25,2108,N20,nominal,2.0NRT,290,0.67,N
39.00617,63.53724,302.09,0.54,0.51,2026-08-25,2108,N20,nominal,2.0NRT,290.2,0.93,N
39.00426,63.53596,300.12,0.54,0.51,2026-08-25,2108,N20,nominal,2.0NRT,289.5,0.84,N
38.97639,63.46809,304.72,0.55,0.51,2026-08-25,2108,N20,nominal,2.0NRT,291.44,1.32,N
38.68184,65.95217,307.29,0.4,0.45,2026-08-25,2108,N20,nominal,2.0NRT,292.01,2.28,N
38.83748,63.82074,302.13,0.52,0.5,2026-08-25,2108,N20,nominal,2.0NRT,290.91,1.16,N
38.65302,63.98154,302.03,0.51,0.49,2026-08-25,2108,N20,nominal,2.0NRT,290,0.53,N
38.46432,65.77867,309.85,0.41,0.45,2026-08-25,2108,N20,nominal,2.0NRT,292.83,2.39,N
38.05201,67.2635,336.95,0.52,0.41,2026-08-25,2108,N20,nominal,2.0NRT,295.43,20.71,N
38.20799,64.74026,301.99,0.46,0.47,2026-08-25,2108,N20,nominal,2.0NRT,291.85,0.61,N
38.05759,64.88583,308.7,0.45,0.47,2026-08-25,2108,N20,nominal,2.0NRT,293.1,1.26,N
38.05189,64.90065,303.55,0.45,0.47,2026-08-25,2108,N20,nominal,2.0NRT,292.76,0.89,N
37.93046,65.63766,306.69,0.41,0.45,2026-08-25,2108,N20,nominal,2.0NRT,290.73,1.11,N
37.90557,65.1073,305.56,0.44,0.46,2026-08-25,2108,N20,nominal,2.0NRT,293.16,0.52,N
37.83025,65.17619,307.34,0.43,0.46,2026-08-25,2108,N20,nominal,2.0NRT,292.58,0.88,N
38.25852,58.38478,304.46,0.51,0.66,2026-08-25,2108,N20,nominal,2.0NRT,292.73,1.45,N
37.82649,65.17061,304.69,0.43,0.46,2026-08-25,2108,N20,nominal,2.0NRT,293.61,0.86,N
38.26176,57.65476,305.92,0.56,0.69,2026-08-25,2108,N20,nominal,2.0NRT,294.27,1.1,N
38.25519,57.66143,304.13,0.56,0.69,2026-08-25,2108,N20,nominal,2.0NRT,292.59,1.1,N
37.9859,61.88354,308.78,0.33,0.55,2026-08-25,2108,N20,nominal,2.0NRT,291.76,0.92,N
37.79759,62.55229,303.05,0.6,0.53,2026-08-25,2108,N20,nominal,2.0NRT,290.43,1.09,N
37.78883,62.5374,307.7,0.6,0.53,2026-08-25,2108,N20,nominal,2.0NRT,290.17,1.43,N
37.72496,62.09539,300.88,0.63,0.54,2026-08-25,2108,N20,nominal,2.0NRT,290.23,1.7,N
37.94455,58.56182,304.67,0.5,0.66,2026-08-25,2108,N20,nominal,2.0NRT,292.25,1.1,N
37.74869,61.8405,306.81,0.33,0.55,2026-08-25,2108,N20,nominal,2.0NRT,291.77,0.64,N
37.67019,62.23481,301.93,0.62,0.54,2026-08-25,2108,N20,nominal,2.0NRT,289.58,1.12,N
37.65974,62.24075,299.78,0.62,0.54,2026-08-25,2108,N20,nominal,2.0NRT,288.78,0.84,N
37.65726,61.90541,313.42,0.32,0.55,2026-08-25,2108,N20,nominal,2.0NRT,291.33,1.13,N
37.62171,62.13533,308.47,0.63,0.54,2026-08-25,2108,N20,nominal,2.0NRT,291.83,2.07,N
37.62939,62.16703,301.33,0.63,0.54,2026-08-25,2108,N20,nominal,2.0NRT,288.48,1.06,N
37.62151,62.13715,313.36,0.63,0.54,2026-08-25,2108,N20,nominal,2.0NRT,293.11,2.83,N
37.63038,61.72309,302.49,0.33,0.55,2026-08-25,2108,N20,nominal,2.0NRT,291.71,0.55,N
37.61444,61.5746,304.31,0.34,0.56,2026-08-25,2108,N20,nominal,2.0NRT,293.36,0.75,N
37.61343,61.59009,305.88,0.34,0.56,2026-08-25,2108,N20,nominal,2.0NRT,292.45,0.78,N
37.61241,61.60553,318.27,0.34,0.56,2026-08-25,2108,N20,nominal,2.0NRT,295.01,1.74,N
37.60928,61.57402,306.32,0.34,0.56,2026-08-25,2108,N20,nominal,2.0NRT,293.44,0.75,N
37.5968,61.52573,314.18,0.34,0.56,2026-08-25,2108,N20,nominal,2.0NRT,292.36,1.11,N
37.59162,61.52515,306.52,0.34,0.56,2026-08-25,2108,N20,nominal,2.0NRT,291.72,1.11,N
37.58422,61.55953,321.56,0.34,0.56,2026-08-25,2108,N20,nominal,2.0NRT,294.53,1.61,N
37.63345,60.33705,306.72,0.4,0.6,2026-08-25,2108,N20,nominal,2.0NRT,291.79,0.87,N
37.50122,61.98728,305.83,0.32,0.55,2026-08-25,2108,N20,nominal,2.0NRT,290.8,0.67,N
37.45375,57.68519,307.39,0.56,0.68,2026-08-25,2108,N20,nominal,2.0NRT,291.06,0.76,N
37.45755,57.68448,302.33,0.55,0.68,2026-08-25,2108,N20,nominal,2.0NRT,290.06,1.38,N
37.12135,62.36235,326.89,0.6,0.53,2026-08-25,2108,N20,nominal,2.0NRT,292.49,6.14,N
37.11644,62.36177,317.13,0.6,0.53,2026-08-25,2108,N20,nominal,2.0NRT,293.22,3.4,N
37.22016,60.01909,301.46,0.41,0.61,2026-08-25,2108,N20,nominal,2.0NRT,289.47,0.96,N
37.03617,62.41639,325.87,0.6,0.53,2026-08-25,2108,N20,nominal,2.0NRT,294.25,4.21,N
37.03128,62.41579,314.84,0.6,0.53,2026-08-25,2108,N20,nominal,2.0NRT,294.03,4.21,N
36.47927,61.62195,307.3,0.33,0.55,2026-08-25,2108,N20,nominal,2.0NRT,293.7,2.73,N
36.47556,61.45588,307.64,0.33,0.56,2026-08-25,2108,N20,nominal,2.0NRT,292.02,0.83,N
36.43952,61.21672,303.17,0.34,0.56,2026-08-25,2108,N20,nominal,2.0NRT,292.42,0.67,N
36.37064,61.93613,300.86,0.63,0.54,2026-08-25,2108,N20,nominal,2.0NRT,289.49,0.49,N
36.37038,61.93583,301.44,0.63,0.54,2026-08-25,2108,N20,nominal,2.0NRT,289.29,0.21,N
36.41697,61.2265,301.32,0.34,0.56,2026-08-25,2108,N20,nominal,2.0NRT,291.03,0.22,N
36.3585,59.67935,308.24,0.42,0.61,2026-08-25,2108,N20,nominal,2.0NRT,289.84,0.84,N
34.47789,73.86224,296.97,0.42,0.38,2026-08-25,2108,N20,nominal,2.0NRT,286.25,6.61,N
34.47523,73.85731,331.54,0.42,0.38,2026-08-25,2108,N20,nominal,2.0NRT,291.71,6.61,N
34.47445,73.86165,303.5,0.42,0.38,2026-08-25,2108,N20,nominal,2.0NRT,288.2,6.61,N
34.47186,73.85632,298.24,0.42,0.38,2026-08-25,2108,N20,nominal,2.0NRT,287.8,1.3,N
35.37016,59.30235,299.59,0.43,0.62,2026-08-25,2110,N20,nominal,2.0NRT,288.48,0.42,N
33.90315,71.91451,310.74,0.39,0.36,2026-08-25,2110,N20,nominal,2.0NRT,296.21,0.9,N
33.69022,72.71217,308.47,0.4,0.37,2026-08-25,2110,N20,nominal,2.0NRT,296.46,0.82,N
34.83378,60.82168,304,0.35,0.57,2026-08-25,2110,N20,nominal,2.0NRT,293.37,0.51,N
33.54626,71.55049,315.2,0.39,0.36,2026-08-25,2110,N20,nominal,2.0NRT,297.89,1.21,N
33.29754,71.1881,312.97,0.38,0.36,2026-08-25,2110,N20,nominal,2.0NRT,297.12,0.7,N
33.26807,71.3083,315.95,0.38,0.36,2026-08-25,2110,N20,nominal,2.0NRT,296.66,0.87,N
32.89065,71.61553,315.82,0.39,0.36,2026-08-25,2110,N20,nominal,2.0NRT,298.96,3.14,N
32.88736,71.61475,311.4,0.39,0.36,2026-08-25,2110,N20,nominal,2.0NRT,298.59,2.4,N
32.64478,72.97533,310.23,0.41,0.37,2026-08-25,2110,N20,nominal,2.0NRT,297.78,2.12,N
32.57477,72.56184,313.48,0.4,0.37,2026-08-25,2110,N20,nominal,2.0NRT,298.32,3.51,N
32.10382,74.17498,314.39,0.46,0.39,2026-08-25,2110,N20,nominal,2.0NRT,296.52,3.64,N
33.75553,59.14414,309.89,0.43,0.62,2026-08-25,2110,N20,nominal,2.0NRT,289.84,1.2,N
32.29352,70.72925,310.17,0.38,0.36,2026-08-25,2110,N20,nominal,2.0NRT,296.71,2.11,N
30.75562,56.65376,315.85,0.57,0.69,2026-08-25,2110,N20,nominal,2.0NRT,293.32,2.96,N
30.36831,57.1114,300.86,0.53,0.67,2026-08-25,2110,N20,nominal,2.0NRT,287.3,1.23,N
30.37165,56.12366,300.03,0.61,0.71,2026-08-25,2110,N20,nominal,2.0NRT,288.55,0.64,N
30.32615,55.97128,300.48,0.62,0.71,2026-08-25,2110,N20,nominal,2.0NRT,289.46,0.8,N
30.2382,56.90582,320.07,0.54,0.68,2026-08-25,2110,N20,nominal,2.0NRT,291.43,2.92,N
30.08071,55.39317,301.78,0.67,0.74,2026-08-25,2110,N20,nominal,2.0NRT,291.29,2.13,N
29.99258,55.85483,328.86,0.63,0.72,2026-08-25,2110,N20,nominal,2.0NRT,286.25,4.51,N
29.99284,55.84907,315.71,0.63,0.72,2026-08-25,2110,N20,nominal,2.0NRT,284.36,4.51,N
29.98813,55.85346,342.75,0.63,0.72,2026-08-25,2110,N20,nominal,2.0NRT,287.72,9.81,N
29.98842,55.84779,295.83,0.63,0.72,2026-08-25,2110,N20,nominal,2.0NRT,285.03,5.51,N
28.42387,69.70198,325.04,0.38,0.36,2026-08-25,2110,N20,nominal,2.0NRT,298.93,1.37,N
25.9438,72.19157,304.35,0.45,0.39,2026-08-25,2112,N20,nominal,2.0NRT,280.35,0.77,N
27.17114,56.04628,325.26,0.57,0.69,2026-08-25,2112,N20,nominal,2.0NRT,297.07,4.15,N
27.1708,56.0521,311.82,0.57,0.69,2026-08-25,2112,N20,nominal,2.0NRT,296.74,3.53,N
27.16164,56.09802,312.6,0.57,0.69,2026-08-25,2112,N20,nominal,2.0NRT,296.45,3.55,N
27.1697,56.04926,328.87,0.57,0.69,2026-08-25,2112,N20,nominal,2.0NRT,297.6,4.85,N
27.15989,56.10093,310.65,0.57,0.69,2026-08-25,2112,N20,nominal,2.0NRT,296.2,4.01,N
25.38767,68.58335,322.1,0.38,0.36,2026-08-25,2112,N20,nominal,2.0NRT,296.81,1.44,N
24.52873,67.9386,311.28,0.39,0.36,2026-08-25,2112,N20,nominal,2.0NRT,295.35,1.33,N
21.18221,81.38339,302.23,0.65,0.73,2026-08-25,2112,N20,nominal,2.0NRT,282.69,3.38,N
24.99398,55.62355,322.08,0.58,0.7,2026-08-25,2112,N20,nominal,2.0NRT,299.54,1.65,N
23.49973,68.57806,299.67,0.38,0.36,2026-08-25,2112,N20,nominal,2.0NRT,289.53,0.72,N
24.99316,55.6213,311.28,0.58,0.7,2026-08-25,2112,N20,nominal,2.0NRT,298.68,1.22,N
22.92767,70.10764,315.24,0.41,0.37,2026-08-25,2112,N20,nominal,2.0NRT,293.46,1.1,N
22.92693,69.82433,307.02,0.4,0.37,2026-08-25,2112,N20,nominal,2.0NRT,294.39,2.03,N
22.93445,69.69788,330.6,0.4,0.37,2026-08-25,2112,N20,nominal,2.0NRT,293.92,3.76,N
22.9338,69.70174,317.05,0.4,0.37,2026-08-25,2112,N20,nominal,2.0NRT,294.03,2.97,N
22.9311,69.69724,306.28,0.4,0.37,2026-08-25,2112,N20,nominal,2.0NRT,294.03,1.76,N
24.50643,56.60315,318.29,0.5,0.66,2026-08-25,2112,N20,nominal,2.0NRT,294.76,4.53,N
24.50506,56.60289,316.42,0.5,0.66,2026-08-25,2112,N20,nominal,2.0NRT,295.25,5.43,N
24.47885,56.62529,330.44,0.5,0.65,2026-08-25,2112,N20,nominal,2.0NRT,296.47,4.09,N
24.47279,56.62471,319.69,0.5,0.65,2026-08-25,2112,N20,nominal,2.0NRT,293.61,4.09,N
22.3412,69.85442,306.8,0.41,0.37,2026-08-25,2112,N20,nominal,2.0NRT,291.97,2.19,N
22.33997,69.85574,308.37,0.41,0.37,2026-08-25,2112,N20,nominal,2.0NRT,292.92,3.06,N
22.42014,69.04203,302.36,0.39,0.36,2026-08-25,2112,N20,nominal,2.0NRT,284.81,0.79,N
22.41745,69.03764,310.21,0.39,0.36,2026-08-25,2112,N20,nominal,2.0NRT,285.03,0.7,N
23.4858,58.2777,310.51,0.38,0.59,2026-08-25,2112,N20,nominal,2.0NRT,297.92,2.4,N
21.10566,72.6433,330.23,0.56,0.43,2026-08-25,2112,N20,nominal,2.0NRT,288.03,9.44,N
21.10278,72.63721,322.81,0.56,0.43,2026-08-25,2112,N20,nominal,2.0NRT,288.84,5.36,N
23.31138,54.17027,312.68,0.69,0.74,2026-08-25,2112,N20,nominal,2.0NRT,300.22,4.32,N
23.31094,54.17719,312.62,0.69,0.74,2026-08-25,2112,N20,nominal,2.0NRT,299.85,2.99,N
23.31121,54.17135,313.28,0.69,0.74,2026-08-25,2112,N20,nominal,2.0NRT,299.46,2.04,N
23.31073,54.17825,310.8,0.69,0.74,2026-08-25,2112,N20,nominal,2.0NRT,299.69,2.04,N
23.27807,54.2507,338.58,0.68,0.74,2026-08-25,2112,N20,nominal,2.0NRT,301.12,6.08,N
23.27761,54.25751,321.98,0.68,0.74,2026-08-25,2112,N20,nominal,2.0NRT,300.12,6.08,N
23.191,55.45673,313.2,0.57,0.69,2026-08-25,2112,N20,nominal,2.0NRT,295.23,5.55,N
20.9112,71.45757,302.1,0.49,0.4,2026-08-25,2112,N20,nominal,2.0NRT,284.29,0.57,N
22.929,55.80152,322.18,0.54,0.68,2026-08-25,2112,N20,nominal,2.0NRT,298,7.14,N
22.8822,55.91922,310.93,0.53,0.67,2026-08-25,2112,N20,nominal,2.0NRT,284.47,4.46,N
22.8818,55.92447,313.1,0.53,0.67,2026-08-25,2112,N20,nominal,2.0NRT,294.45,6.12,N
22.88322,55.92226,303.95,0.53,0.67,2026-08-25,2112,N20,nominal,2.0NRT,289.58,2.22,N
22.87701,55.92163,325.93,0.53,0.67,2026-08-25,2112,N20,nominal,2.0NRT,295.49,6.59,N
22.87664,55.61398,313.09,0.55,0.68,2026-08-25,2112,N20,nominal,2.0NRT,297.85,6.43,N
22.78529,55.81097,309.93,0.54,0.68,2026-08-25,2112,N20,nominal,2.0NRT,298.44,6.67,N
22.40981,56.98646,323.57,0.45,0.63,2026-08-25,2114,N20,nominal,2.0NRT,298,6.85,N
22.33032,56.47068,311.34,0.48,0.65,2026-08-25,2114,N20,nominal,2.0NRT,292.9,5.29,N
22.32916,56.48463,311.99,0.48,0.65,2026-08-25,2114,N20,nominal,2.0NRT,290.87,2.47,N
22.32877,56.48935,311.52,0.48,0.65,2026-08-25,2114,N20,nominal,2.0NRT,296.08,2.47,N
22.332,56.48811,323.94,0.48,0.65,2026-08-25,2114,N20,nominal,2.0NRT,293.89,4.67,N
22.29281,56.52245,307.54,0.48,0.64,2026-08-25,2114,N20,nominal,2.0NRT,292.58,0.83,N
21.93886,57.07341,321.27,0.44,0.62,2026-08-25,2114,N20,nominal,2.0NRT,297.54,6.05,N
21.93923,57.06915,316.52,0.44,0.62,2026-08-25,2114,N20,nominal,2.0NRT,297.25,6.06,N
21.93766,57.06995,325,0.44,0.62,2026-08-25,2114,N20,nominal,2.0NRT,296.99,5.35,N
21.93726,57.0742,311.49,0.44,0.62,2026-08-25,2114,N20,nominal,2.0NRT,297.23,4.79,N
17.95949,80.79189,304.32,0.7,0.75,2026-08-25,2114,N20,nominal,2.0NRT,282.64,2.56,N
17.95897,80.78802,301.14,0.7,0.75,2026-08-25,2114,N20,nominal,2.0NRT,282.43,3.86,N
21.33383,57.7205,309.65,0.39,0.59,2026-08-25,2114,N20,nominal,2.0NRT,293.88,1.12,N
21.3229,57.71914,309.88,0.39,0.59,2026-08-25,2114,N20,nominal,2.0NRT,293.7,1.36,N
21.31483,57.74497,324.96,0.39,0.59,2026-08-25,2114,N20,nominal,2.0NRT,294.75,2.33,N
21.3152,57.74122,319.5,0.39,0.59,2026-08-25,2114,N20,nominal,2.0NRT,294.1,2.21,N
21.30424,57.79667,308.82,0.38,0.59,2026-08-25,2114,N20,nominal,2.0NRT,293.48,0.6,N
19.17601,70.94729,310.13,0.48,0.4,2026-08-25,2114,N20,nominal,2.0NRT,292.68,3.27,N
18.57839,72.23957,315.38,0.39,0.44,2026-08-25,2114,N20,nominal,2.0NRT,290.3,4.86,N
18.57772,72.24317,315.9,0.39,0.44,2026-08-25,2114,N20,nominal,2.0NRT,289.13,3.93,N
20.39106,55.66165,311.22,0.52,0.67,2026-08-25,2114,N20,nominal,2.0NRT,294.86,1.37,N
20.38621,55.64578,310.22,0.52,0.67,2026-08-25,2114,N20,nominal,2.0NRT,294.65,1.32,N
20.39143,55.65889,311.41,0.52,0.67,2026-08-25,2114,N20,nominal,2.0NRT,294.31,3.13,N
20.38667,55.64311,305.32,0.52,0.67,2026-08-25,2114,N20,nominal,2.0NRT,293.95,3.13,N
20.21343,55.70849,309.68,0.51,0.66,2026-08-25,2114,N20,nominal,2.0NRT,295.55,0.94,N
15.34013,76.27901,303.12,0.4,0.6,2026-08-25,2114,N20,nominal,2.0NRT,286.55,1.89,N
15.33927,76.27831,307.71,0.4,0.6,2026-08-25,2114,N20,nominal,2.0NRT,286.95,2,N
15.10937,76.80316,296.23,0.44,0.62,2026-08-25,2114,N20,nominal,2.0NRT,286.09,2.57,N
15.11204,76.8075,300.58,0.44,0.62,2026-08-25,2114,N20,nominal,2.0NRT,287.16,2.02,N
18.32192,55.10052,322.85,0.53,0.67,2026-08-25,2114,N20,nominal,2.0NRT,292.29,3.61,N
18.3231,55.10303,322.4,0.53,0.67,2026-08-25,2114,N20,nominal,2.0NRT,292.51,2.47,N
18.0201,54.56981,343.19,0.57,0.69,2026-08-25,2114,N20,nominal,2.0NRT,291.78,6.33,N
18.01369,54.56916,335.74,0.57,0.69,2026-08-25,2114,N20,nominal,2.0NRT,293.49,10.66,N
17.97925,54.52119,310.64,0.58,0.7,2026-08-25,2114,N20,nominal,2.0NRT,291.56,1.76,N
17.97875,54.52668,311.39,0.58,0.69,2026-08-25,2114,N20,nominal,2.0NRT,291.49,1.76,N
17.97768,54.52149,312.22,0.58,0.69,2026-08-25,2114,N20,nominal,2.0NRT,291.3,2.03,N
17.97714,54.52699,309.39,0.58,0.69,2026-08-25,2114,N20,nominal,2.0NRT,291.13,2.1,N
20.37376,55.93268,304.03,0.67,0.74,2026-08-25,2254,N20,nominal,2.0NRT,293.96,0.78,N
20.38694,55.6607,312.72,0.65,0.73,2026-08-25,2254,N20,nominal,2.0NRT,293.77,1.77,N
20.38331,55.64713,304.08,0.64,0.72,2026-08-25,2254,N20,nominal,2.0NRT,293.84,1.08,N
20.21287,55.70988,307.8,0.66,0.73,2026-08-25,2254,N20,nominal,2.0NRT,293.37,1.14,N
39.8549,66.19717,299.5,0.77,0.77,2026-08-25,2248,N20,nominal,2.0NRT,289.28,1.09,N
18.56118,55.86759,302.2,0.73,0.76,2026-08-25,2254,N20,nominal,2.0NRT,289,0.78,N
18.56128,55.86747,304.52,0.73,0.76,2026-08-25,2254,N20,nominal,2.0NRT,289,0.9,N
18.3228,55.10766,307.98,0.66,0.73,2026-08-25,2254,N20,nominal,2.0NRT,290.71,2.26,N
18.32567,55.10756,305.74,0.66,0.73,2026-08-25,2254,N20,nominal,2.0NRT,290.77,1.16,N
18.02117,54.56911,328.14,0.62,0.71,2026-08-25,2254,N20,nominal,2.0NRT,290.1,5.27,N
18.01346,54.57312,335.16,0.62,0.71,2026-08-25,2254,N20,nominal,2.0NRT,292.62,12.1,N
17.97666,54.52766,305.65,0.61,0.71,2026-08-25,2254,N20,nominal,2.0NRT,290.01,1.65,N
18.01313,54.57479,330.36,0.62,0.71,2026-08-25,2254,N20,nominal,2.0NRT,292.27,10.45,N
17.97742,54.5234,307.6,0.61,0.71,2026-08-25,2254,N20,nominal,2.0NRT,289.78,1.27,N
39.1673,63.25565,302.87,0.58,0.7,2026-08-25,2248,N20,nominal,2.0NRT,290.16,1.54,N
39.97326,58.93736,301.1,0.33,0.55,2026-08-25,2248,N20,nominal,2.0NRT,291.01,0.52,N
37.78998,62.53625,301.62,0.58,0.7,2026-08-25,2248,N20,nominal,2.0NRT,289.39,1.19,N
39.68285,54.30069,307.16,0.4,0.44,2026-08-25,2248,N20,nominal,2.0NRT,296.52,1.5,N
37.61796,62.13901,300.88,0.56,0.69,2026-08-25,2248,N20,nominal,2.0NRT,290.52,1.41,N
39.50919,54.33002,313.02,0.4,0.44,2026-08-25,2248,N20,nominal,2.0NRT,298.35,0.95,N
37.59918,61.52734,300.43,0.52,0.67,2026-08-25,2248,N20,nominal,2.0NRT,288.69,0.92,N
37.59337,61.52464,300.32,0.52,0.67,2026-08-25,2248,N20,nominal,2.0NRT,289.42,0.92,N
37.5834,61.55823,307.31,0.53,0.67,2026-08-25,2248,N20,nominal,2.0NRT,291.29,1.87,N
37.59877,61.52633,301.02,0.52,0.67,2026-08-25,2248,N20,nominal,2.0NRT,288.78,0.59,N
37.59134,61.52923,300.73,0.53,0.67,2026-08-25,2248,N20,nominal,2.0NRT,290.62,1.22,N
37.49769,61.84994,303.01,0.55,0.68,2026-08-25,2248,N20,nominal,2.0NRT,292.05,1.53,N
38.25621,58.39112,312.6,0.35,0.56,2026-08-25,2248,N20,nominal,2.0NRT,295.47,1.63,N
37.12144,62.36213,308.17,0.6,0.7,2026-08-25,2248,N20,nominal,2.0NRT,288.84,5.56,N
37.11951,62.36842,300.69,0.6,0.7,2026-08-25,2248,N20,nominal,2.0NRT,288.73,2.32,N
37.11343,62.36554,307.31,0.6,0.7,2026-08-25,2248,N20,nominal,2.0NRT,289.86,2.32,N
37.11924,62.36425,326.7,0.6,0.7,2026-08-25,2250,N20,nominal,2.0NRT,290.45,7.86,N
37.0334,62.41753,324.78,0.61,0.71,2026-08-25,2250,N20,nominal,2.0NRT,291.24,4.71,N
37.63659,60.33737,300.03,0.45,0.63,2026-08-25,2250,N20,nominal,2.0NRT,289.11,0.56,N
38.19814,58.10135,301.38,0.33,0.56,2026-08-25,2250,N20,nominal,2.0NRT,290.27,0.41,N
38.22258,57.98703,301.08,0.33,0.55,2026-08-25,2250,N20,nominal,2.0NRT,290.1,0.7,N
38.1945,58.09964,304.32,0.34,0.56,2026-08-25,2250,N20,nominal,2.0NRT,290.01,0.63,N
38.2174,57.98854,303.14,0.33,0.55,2026-08-25,2250,N20,nominal,2.0NRT,290.48,0.29,N
38.26336,57.66065,307.62,0.63,0.54,2026-08-25,2250,N20,nominal,2.0NRT,295.79,2.23,N
37.94071,58.56367,309.96,0.36,0.57,2026-08-25,2250,N20,nominal,2.0NRT,292.5,1.22,N
38.85434,54.23441,312.66,0.41,0.45,2026-08-25,2250,N20,nominal,2.0NRT,294.19,0.94,N
37.83089,58.38381,304.22,0.35,0.57,2026-08-25,2250,N20,nominal,2.0NRT,291.61,0.44,N
38.68224,54.31455,336.74,0.42,0.45,2026-08-25,2250,N20,nominal,2.0NRT,297.81,3.39,N
37.2193,60.02123,310.26,0.45,0.63,2026-08-25,2250,N20,nominal,2.0NRT,289.83,1.26,N
38.64782,54.28051,338.13,0.42,0.45,2026-08-25,2250,N20,nominal,2.0NRT,298.56,3.8,N
37.21768,60.01991,304.28,0.45,0.63,2026-08-25,2250,N20,nominal,2.0NRT,288.78,1.2,N
36.48827,61.62154,300.41,0.57,0.69,2026-08-25,2250,N20,nominal,2.0NRT,288.93,1.06,N
36.49459,59.33579,299.58,0.43,0.62,2026-08-25,2250,N20,nominal,2.0NRT,288.79,0.51,N
36.23751,59.72951,299.8,0.46,0.64,2026-08-25,2250,N20,nominal,2.0NRT,289.42,1.07,N
36.99142,56.2324,303.28,0.57,0.52,2026-08-25,2250,N20,nominal,2.0NRT,289.23,0.58,N
36.99054,56.23157,300.28,0.57,0.52,2026-08-25,2250,N20,nominal,2.0NRT,288.58,0.9,N
36.94646,54.88854,319.82,0.49,0.48,2026-08-25,2250,N20,nominal,2.0NRT,296,2.52,N
36.48015,54.90055,303.02,0.5,0.49,2026-08-25,2250,N20,nominal,2.0NRT,290.03,0.94,N
36.29831,54.78578,305.14,0.5,0.49,2026-08-25,2250,N20,nominal,2.0NRT,291.5,0.8,N
33.75229,59.14347,299.33,0.5,0.66,2026-08-25,2250,N20,nominal,2.0NRT,287.43,0.66,N
33.7541,59.14836,303.44,0.5,0.66,2026-08-25,2250,N20,nominal,2.0NRT,288.72,1.48,N
33.04196,56.84713,306.14,0.39,0.59,2026-08-25,2250,N20,nominal,2.0NRT,295.19,1.44,N
33.04432,56.84945,308.56,0.39,0.59,2026-08-25,2250,N20,nominal,2.0NRT,294.99,1.19,N
32.33512,54.08914,301.95,0.56,0.51,2026-08-25,2250,N20,nominal,2.0NRT,289.97,1.89,N
31.43464,56.49134,303.44,0.4,0.6,2026-08-25,2250,N20,nominal,2.0NRT,288.24,0.43,N
31.6223,54.72598,313.5,0.63,0.54,2026-08-25,2250,N20,nominal,2.0NRT,291.59,1.85,N
30.75554,56.65753,310.45,0.43,0.62,2026-08-25,2250,N20,nominal,2.0NRT,290.68,2.05,N
30.75693,56.65876,308.57,0.43,0.62,2026-08-25,2250,N20,nominal,2.0NRT,291.06,1.59,N
30.66627,56.61863,297.62,0.43,0.62,2026-08-25,2252,N20,nominal,2.0NRT,287.5,0.72,N
30.66766,56.62121,304.08,0.43,0.62,2026-08-25,2252,N20,nominal,2.0NRT,288.03,0.84,N
30.5016,56.81692,299.8,0.45,0.63,2026-08-25,2252,N20,nominal,2.0NRT,289.51,1.29,N
30.23472,56.90616,311.94,0.46,0.63,2026-08-25,2252,N20,nominal,2.0NRT,289.18,2.33,N
30.23313,56.90693,316.29,0.46,0.63,2026-08-25,2252,N20,nominal,2.0NRT,289.66,2.38,N
30.371,56.12832,304.67,0.41,0.6,2026-08-25,2252,N20,nominal,2.0NRT,288.21,0.65,N
30.37809,55.86399,299.97,0.39,0.6,2026-08-25,2252,N20,nominal,2.0NRT,288.69,0.77,N
30.32243,55.97295,309.77,0.4,0.6,2026-08-25,2252,N20,nominal,2.0NRT,289.16,1.01,N
30.21444,55.98448,298.53,0.4,0.6,2026-08-25,2252,N20,nominal,2.0NRT,287.48,0.66,N
29.92725,56.73315,307.66,0.45,0.63,2026-08-25,2252,N20,nominal,2.0NRT,289.3,1.61,N
29.99074,55.85474,354.69,0.4,0.6,2026-08-25,2252,N20,nominal,2.0NRT,291.2,20.85,N
29.99186,55.85025,301.56,0.4,0.6,2026-08-25,2252,N20,nominal,2.0NRT,283.3,10.48,N
30.08166,55.39784,309.86,0.38,0.58,2026-08-25,2252,N20,nominal,2.0NRT,291.96,1.19,N
30.07739,55.39249,306.9,0.38,0.58,2026-08-25,2252,N20,nominal,2.0NRT,291.74,1.19,N
30.08282,55.39894,308.25,0.38,0.58,2026-08-25,2252,N20,nominal,2.0NRT,291.87,1.33,N
30.07851,55.39358,305.03,0.38,0.58,2026-08-25,2252,N20,nominal,2.0NRT,292.25,1.33,N
29.1509,55.36405,299.9,0.39,0.6,2026-08-25,2252,N20,nominal,2.0NRT,289.58,0.35,N
29.20326,54.48361,302.99,0.35,0.57,2026-08-25,2252,N20,nominal,2.0NRT,288.11,1.01,N
27.4201,56.50049,307.31,0.5,0.66,2026-08-25,2252,N20,nominal,2.0NRT,297.06,0.64,N
27.17084,56.05549,321.81,0.48,0.65,2026-08-25,2252,N20,nominal,2.0NRT,297.94,5.38,N
27.16014,56.09782,322.48,0.48,0.65,2026-08-25,2252,N20,nominal,2.0NRT,298,3.41,N
27.15895,56.1025,310.78,0.48,0.65,2026-08-25,2252,N20,nominal,2.0NRT,297.86,3.41,N
27.16576,56.05561,311.17,0.48,0.65,2026-08-25,2252,N20,nominal,2.0NRT,298.09,4.29,N
25.56145,55.98481,309.01,0.52,0.67,2026-08-25,2252,N20,nominal,2.0NRT,296.23,1.12,N
25.90508,54.53118,315.43,0.41,0.61,2026-08-25,2252,N20,nominal,2.0NRT,297.82,6.5,N
24.99056,55.62845,312.14,0.51,0.66,2026-08-25,2252,N20,nominal,2.0NRT,298.18,1.92,N
24.50634,56.60336,307.17,0.6,0.7,2026-08-25,2252,N20,nominal,2.0NRT,296.11,4.49,N
24.50444,56.60464,311.79,0.6,0.7,2026-08-25,2252,N20,nominal,2.0NRT,296.34,4.06,N
24.51125,54.01682,319.37,0.41,0.61,2026-08-25,2252,N20,nominal,2.0NRT,302.71,1.08,N
24.51033,54.02078,317.73,0.41,0.61,2026-08-25,2252,N20,nominal,2.0NRT,302.69,1.08,N
23.19448,55.45452,310.72,0.54,0.68,2026-08-25,2252,N20,nominal,2.0NRT,299.33,1.83,N
23.19323,55.45966,316.22,0.54,0.68,2026-08-25,2252,N20,nominal,2.0NRT,300.53,1.83,N
22.92714,55.8016,338.25,0.58,0.7,2026-08-25,2254,N20,nominal,2.0NRT,298.62,4.33,N
22.92578,55.80704,308.29,0.58,0.7,2026-08-25,2254,N20,nominal,2.0NRT,297.89,4.33,N
22.8768,55.92252,321.78,0.59,0.7,2026-08-25,2254,N20,nominal,2.0NRT,298.56,4.29,N
22.92961,55.8067,328.94,0.58,0.7,2026-08-25,2254,N20,nominal,2.0NRT,298.71,4.27,N
22.93092,55.80125,315.17,0.58,0.7,2026-08-25,2254,N20,nominal,2.0NRT,298.04,3.61,N
23.27918,54.25555,321.4,0.46,0.63,2026-08-25,2254,N20,nominal,2.0NRT,301.12,6.63,N
23.27818,54.25985,351.3,0.46,0.63,2026-08-25,2254,N20,nominal,2.0NRT,302.72,7.6,N
22.88142,55.92245,314.21,0.59,0.7,2026-08-25,2254,N20,nominal,2.0NRT,298.28,1.54,N
22.88006,55.92801,308.37,0.59,0.7,2026-08-25,2254,N20,nominal,2.0NRT,298.34,1.54,N
22.87769,55.61357,320.61,0.56,0.69,2026-08-25,2254,N20,nominal,2.0NRT,296.88,1.68,N
22.87154,55.61182,307.86,0.56,0.69,2026-08-25,2254,N20,nominal,2.0NRT,296.75,1.68,N
22.87299,55.61512,322,0.56,0.69,2026-08-25,2254,N20,nominal,2.0NRT,297.6,3.86,N
22.40747,56.98681,314.24,0.7,0.75,2026-08-25,2254,N20,nominal,2.0NRT,296.28,3.82,N
22.4061,56.98637,314.6,0.7,0.75,2026-08-25,2254,N20,nominal,2.0NRT,296.29,4.63,N
22.44264,56.69957,308.48,0.67,0.74,2026-08-25,2254,N20,nominal,2.0NRT,297.12,4.68,N
22.32965,56.4907,319.55,0.66,0.73,2026-08-25,2254,N20,nominal,2.0NRT,298.11,4.9,N
22.32793,56.4699,314.36,0.66,0.73,2026-08-25,2254,N20,nominal,2.0NRT,298.43,4.26,N
22.3297,56.47334,309.19,0.66,0.73,2026-08-25,2254,N20,nominal,2.0NRT,298.3,7.2,N
22.32664,56.48577,307.95,0.66,0.73,2026-08-25,2254,N20,nominal,2.0NRT,297.94,4.37,N
22.32513,56.49189,310.08,0.66,0.73,2026-08-25,2254,N20,nominal,2.0NRT,298.25,4.37,N
21.94048,57.07396,312.16,0.73,0.76,2026-08-25,2254,N20,nominal,2.0NRT,295.17,4.82,N
21.94061,57.07378,316.15,0.73,0.76,2026-08-25,2254,N20,nominal,2.0NRT,295.29,3.6,N
21.89067,56.84373,307.91,0.71,0.75,2026-08-25,2254,N20,nominal,2.0NRT,296.08,3.58,N
21.64855,55.99454,324.32,0.63,0.72,2026-08-25,2254,N20,nominal,2.0NRT,298.79,15.28,N
21.40996,55.74232,307.45,0.62,0.71,2026-08-25,2254,N20,nominal,2.0NRT,295.2,3.54,N
16.57936,100.64649,338.49,0.39,0.37,2026-08-26,0642,N20,nominal,2.0NRT,283.47,2.69,D
25.9761,98.46784,332.93,0.4,0.37,2026-08-26,0644,N20,nominal,2.0NRT,294.06,3.12,D
25.9785,98.46692,331.16,0.4,0.37,2026-08-26,0644,N20,nominal,2.0NRT,294.42,2.91,D
25.99184,98.46468,334.68,0.4,0.37,2026-08-26,0644,N20,nominal,2.0NRT,297.51,6.02,D
28.49703,97.02328,345.19,0.39,0.36,2026-08-26,0646,N20,nominal,2.0NRT,299.07,4.99,D
29.55459,90.96119,328.88,0.55,0.43,2026-08-26,0646,N20,nominal,2.0NRT,298.85,5.28,D
30.94408,99.61243,335.38,0.47,0.4,2026-08-26,0646,N20,nominal,2.0NRT,299.59,4.63,D
5.5969,95.37653,333.36,0.5,0.49,2026-08-26,0640,N20,nominal,2.0NRT,302.31,2.84,D
13.27834,101.19604,335.14,0.39,0.36,2026-08-26,0640,N20,nominal,2.0NRT,291.68,2.56,D
13.7255,100.98538,331.61,0.39,0.36,2026-08-26,0640,N20,nominal,2.0NRT,292.06,3.28,D
13.97668,101.12209,330.6,0.39,0.36,2026-08-26,0640,N20,nominal,2.0NRT,293.03,3.72,D
14.14062,100.8563,333.22,0.39,0.36,2026-08-26,0642,N20,nominal,2.0NRT,292.99,2.72,D
14.14008,100.85273,334.31,0.39,0.36,2026-08-26,0642,N20,nominal,2.0NRT,292.54,2.72,D
14.07343,100.36465,343.28,0.38,0.36,2026-08-26,0642,N20,nominal,2.0NRT,293.08,4.05,D
14.24363,100.63868,332.59,0.39,0.36,2026-08-26,0642,N20,nominal,2.0NRT,294.63,1.76,D
14.24721,100.63791,338.37,0.39,0.36,2026-08-26,0642,N20,nominal,2.0NRT,295,3.12,D
14.30932,100.78165,332.32,0.39,0.36,2026-08-26,0642,N20,nominal,2.0NRT,293.39,2.9,D
14.68309,100.53425,331.04,0.39,0.36,2026-08-26,0642,N20,nominal,2.0NRT,284.83,2.88,D
14.8553,100.18916,338.84,0.38,0.36,2026-08-26,0642,N20,nominal,2.0NRT,286.33,6.33,D
16.02056,100.03659,330.88,0.39,0.36,2026-08-26,0642,N20,nominal,2.0NRT,292.5,1.92,D
16.03323,100.03088,351.15,0.39,0.36,2026-08-26,0642,N20,nominal,2.0NRT,292.21,9,D
16.03707,100.03394,333.04,0.39,0.36,2026-08-26,0642,N20,nominal,2.0NRT,290.51,4.02,D
16.07654,100.07156,336.04,0.39,0.36,2026-08-26,0642,N20,nominal,2.0NRT,292.08,6.28,D
16.10529,100.19547,333.61,0.39,0.36,2026-08-26,0642,N20,nominal,2.0NRT,290.11,2.09,D
16.10881,99.94534,343.38,0.39,0.36,2026-08-26,0642,N20,nominal,2.0NRT,296.39,18.31,D
16.11211,99.9448,332.88,0.39,0.36,2026-08-26,0642,N20,nominal,2.0NRT,293.49,3.01,D
16.17273,100.214,333.63,0.39,0.36,2026-08-26,0642,N20,nominal,2.0NRT,289.82,2.7,D
16.15709,99.97417,338.53,0.39,0.36,2026-08-26,0642,N20,nominal,2.0NRT,291.37,3.2,D
16.20606,99.96262,333.65,0.39,0.36,2026-08-26,0642,N20,nominal,2.0NRT,291.13,1.18,D
8.01057,81.09593,331.49,0.39,0.44,2026-08-26,0820,N20,nominal,2.0NRT,277.6,6.4,D
7.86461,79.9641,335.7,0.5,0.41,2026-08-26,0820,N20,nominal,2.0NRT,289.31,2.47,D
8.20856,81.02636,332.46,0.39,0.44,2026-08-26,0820,N20,nominal,2.0NRT,292.81,4.4,D
8.1289,80.0549,338.64,0.51,0.41,2026-08-26,0820,N20,nominal,2.0NRT,293.7,5.51,D
8.28923,80.15002,330.6,0.52,0.42,2026-08-26,0820,N20,nominal,2.0NRT,291.8,3.92,D
8.36776,80.28935,331.15,0.53,0.42,2026-08-26,0820,N20,nominal,2.0NRT,295.25,4.52,D
8.45122,80.81182,333.38,0.57,0.43,2026-08-26,0820,N20,nominal,2.0NRT,288.36,4.62,D
8.47738,80.69013,330.69,0.56,0.43,2026-08-26,0820,N20,nominal,2.0NRT,288.47,3.52,D
8.57087,80.89142,334.75,0.39,0.44,2026-08-26,0820,N20,nominal,2.0NRT,292.59,4.4,D
8.53845,80.41251,341.52,0.54,0.42,2026-08-26,0820,N20,nominal,2.0NRT,292.04,6.76,D
8.62436,80.88211,339.35,0.39,0.44,2026-08-26,0820,N20,nominal,2.0NRT,293.42,4.69,D
8.69085,80.84747,330.61,0.39,0.44,2026-08-26,0820,N20,nominal,2.0NRT,291.76,1.88,D
8.66584,80.63694,336.35,0.56,0.43,2026-08-26,0820,N20,nominal,2.0NRT,293.19,4.08,D
8.73697,80.79823,343.3,0.38,0.43,2026-08-26,0820,N20,nominal,2.0NRT,296.72,7.13,D
8.74096,80.79766,341.85,0.38,0.43,2026-08-26,0820,N20,nominal,2.0NRT,295.2,5.41,D
8.7949,81.09161,340.56,0.4,0.44,2026-08-26,0820,N20,nominal,2.0NRT,297.21,2.88,D
8.77647,80.87511,343.14,0.39,0.44,2026-08-26,0820,N20,nominal,2.0NRT,294.02,5.23,D
8.74527,80.65717,334.43,0.56,0.43,2026-08-26,0820,N20,nominal,2.0NRT,289.07,10.18,D
8.74453,80.65204,334.42,0.56,0.43,2026-08-26,0820,N20,nominal,2.0NRT,295.26,13.98,D
8.80721,80.58835,349.01,0.56,0.43,2026-08-26,0820,N20,nominal,2.0NRT,296.59,17.72,D
8.80649,80.58329,335.29,0.56,0.43,2026-08-26,0820,N20,nominal,2.0NRT,296,8.83,D
8.81115,80.5878,347.39,0.56,0.43,2026-08-26,0820,N20,nominal,2.0NRT,295.85,11.02,D
8.83608,80.67843,338.57,0.57,0.43,2026-08-26,0820,N20,nominal,2.0NRT,294.82,8.44,D
8.87576,80.67297,351.91,0.57,0.43,2026-08-26,0822,N20,nominal,2.0NRT,297.59,15.06,D
8.87502,80.66782,340.41,0.57,0.43,2026-08-26,0822,N20,nominal,2.0NRT,296.57,10.19,D
8.87436,80.67086,352.69,0.57,0.43,2026-08-26,0822,N20,nominal,2.0NRT,296.61,10.18,D
8.87833,80.67032,336.94,0.57,0.43,2026-08-26,0822,N20,nominal,2.0NRT,296.45,10.18,D
8.89322,80.57399,335.88,0.56,0.43,2026-08-26,0822,N20,nominal,2.0NRT,292.36,4.31,D
8.99573,80.83981,335.46,0.39,0.44,2026-08-26,0822,N20,nominal,2.0NRT,296.9,2.25,D
8.95326,80.37337,331.91,0.55,0.42,2026-08-26,0822,N20,nominal,2.0NRT,293.74,4.33,D
8.95257,80.36842,331.42,0.55,0.42,2026-08-26,0822,N20,nominal,2.0NRT,295.29,4.33,D
9.00394,80.68155,336.08,0.57,0.43,2026-08-26,0822,N20,nominal,2.0NRT,291.79,7.59,D
9.03975,80.67662,336.58,0.57,0.43,2026-08-26,0822,N20,nominal,2.0NRT,297.05,7.94,D
9.07868,80.46973,333.04,0.56,0.43,2026-08-26,0822,N20,nominal,2.0NRT,295.61,4.93,D
9.28148,80.71458,337.78,0.39,0.44,2026-08-26,0822,N20,nominal,2.0NRT,297.12,4.77,D
9.43152,80.36105,335.92,0.55,0.43,2026-08-26,0822,N20,nominal,2.0NRT,296.32,4.04,D
9.45475,80.49753,343.43,0.56,0.43,2026-08-26,0822,N20,nominal,2.0NRT,297.44,10.63,D
9.21554,78.64903,336.71,0.45,0.39,2026-08-26,0822,N20,nominal,2.0NRT,297.98,3.51,D
9.21909,78.64851,335.48,0.45,0.39,2026-08-26,0822,N20,nominal,2.0NRT,295.48,2.52,D
9.48116,80.4004,335.58,0.56,0.43,2026-08-26,0822,N20,nominal,2.0NRT,296.84,3.64,D
9.48141,80.40318,336.22,0.56,0.43,2026-08-26,0822,N20,nominal,2.0NRT,297.1,5.07,D
9.38962,78.88501,347.44,0.46,0.39,2026-08-26,0822,N20,nominal,2.0NRT,301.32,21.77,D
9.61096,80.29897,336.79,0.55,0.43,2026-08-26,0822,N20,nominal,2.0NRT,296.75,1.4,D
9.30177,77.47569,336.04,0.41,0.37,2026-08-26,0822,N20,nominal,2.0NRT,285.33,5.73,D
9.8038,78.17648,340.06,0.43,0.38,2026-08-26,0822,N20,nominal,2.0NRT,300.91,4.38,D
10.05029,77.95355,349.07,0.43,0.38,2026-08-26,0822,N20,nominal,2.0NRT,303.31,7.84,D
10.05376,77.95303,343.77,0.43,0.38,2026-08-26,0822,N20,nominal,2.0NRT,299.95,7.84,D
10.93808,79.54315,336.15,0.52,0.41,2026-08-26,0822,N20,nominal,2.0NRT,294.31,4.04,D
11.55913,79.62791,336.44,0.53,0.42,2026-08-26,0822,N20,nominal,2.0NRT,295.58,4.14,D
11.42405,78.16054,332.79,0.45,0.39,2026-08-26,0822,N20,nominal,2.0NRT,300.25,4.18,D
11.53354,78.71278,341.68,0.48,0.4,2026-08-26,0822,N20,nominal,2.0NRT,303.65,4.61,D
11.35922,77.2625,330.28,0.41,0.37,2026-08-26,0822,N20,nominal,2.0NRT,293.57,1.86,D
11.46199,77.46516,341.29,0.42,0.38,2026-08-26,0822,N20,nominal,2.0NRT,296.66,5.71,D
11.67362,78.43934,330.64,0.46,0.39,2026-08-26,0822,N20,nominal,2.0NRT,300.06,2.19,D
12.13018,79.65379,342.13,0.54,0.42,2026-08-26,0822,N20,nominal,2.0NRT,302.82,13.42,D
12.05793,76.91864,331.26,0.41,0.37,2026-08-26,0822,N20,low,2.0NRT,303.36,1.61,D
12.26599,77.0015,335.46,0.41,0.37,2026-08-26,0822,N20,nominal,2.0NRT,300.16,2.81,D
12.30538,76.84256,330.79,0.41,0.37,2026-08-26,0822,N20,nominal,2.0NRT,297.18,1.44,D
12.83705,79.94056,330.38,0.39,0.44,2026-08-26,0822,N20,low,2.0NRT,301.2,2.86,D
12.95476,79.27879,334.78,0.53,0.42,2026-08-26,0822,N20,nominal,2.0NRT,298.13,3.78,D
13.09371,78.80157,334.78,0.5,0.41,2026-08-26,0822,N20,nominal,2.0NRT,299.14,4.44,D
13.973,78.2289,331.1,0.48,0.4,2026-08-26,0822,N20,nominal,2.0NRT,298.76,3.09,D
14.23911,79.66386,333.76,0.39,0.44,2026-08-26,0822,N20,nominal,2.0NRT,294.68,3.12,D
14.15628,77.23994,339.33,0.43,0.38,2026-08-26,0822,N20,nominal,2.0NRT,298.39,3.71,D
15.01841,79.74989,340.98,0.4,0.44,2026-08-26,0822,N20,nominal,2.0NRT,297.14,5.67,D
15.00306,76.99864,337.96,0.43,0.38,2026-08-26,0822,N20,nominal,2.0NRT,302.29,4.52,D
15.17841,76.68213,338.03,0.42,0.38,2026-08-26,0822,N20,nominal,2.0NRT,301.96,5.5,D
15.17785,76.67822,336.4,0.42,0.38,2026-08-26,0822,N20,nominal,2.0NRT,302.7,4.7,D
15.17506,76.65867,334.39,0.42,0.38,2026-08-26,0822,N20,nominal,2.0NRT,302.05,4.09,D
15.18318,76.64153,337.25,0.42,0.38,2026-08-26,0822,N20,nominal,2.0NRT,299.05,4.17,D
15.44035,76.97665,332.95,0.44,0.38,2026-08-26,0822,N20,nominal,2.0NRT,302.63,1.86,D
15.74739,77.78989,337.15,0.48,0.4,2026-08-26,0822,N20,nominal,2.0NRT,294.81,4.12,D
15.97756,78.4123,330.46,0.52,0.41,2026-08-26,0822,N20,nominal,2.0NRT,294.78,2.89,D
16.0065,77.04945,340.97,0.44,0.39,2026-08-26,0822,N20,nominal,2.0NRT,298.13,3.84,D
16.83671,79.16844,333.57,0.39,0.44,2026-08-26,0824,N20,nominal,2.0NRT,297.69,2.33,D
36.68754,55.12866,333.16,0.48,0.64,2026-08-26,0830,N20,low,2.0NRT,308.14,1.99,D
39.6559,66.99839,338.81,0.39,0.36,2026-08-26,0830,N20,low,2.0NRT,311.56,4.76,D
39.67586,66.99399,341.13,0.39,0.36,2026-08-26,0830,N20,nominal,2.0NRT,310.62,5.27,D
37.41943,55.46715,330.09,0.43,0.62,2026-08-26,0830,N20,low,2.0NRT,302.85,1.89,D
38.64762,54.28669,345.75,0.46,0.64,2026-08-26,0830,N20,nominal,2.0NRT,313.6,4.89,D
38.64775,54.28528,347.54,0.46,0.64,2026-08-26,0830,N20,nominal,2.0NRT,314.09,2.76,D
39.24432,56.36856,339.51,0.35,0.57,2026-08-26,0830,N20,nominal,2.0NRT,308.04,1.78,D
38.68135,54.31526,344.75,0.46,0.64,2026-08-26,0830,N20,low,2.0NRT,315.36,3.99,D
19.99819,74.01125,333.16,0.39,0.36,2026-08-26,0824,N20,nominal,2.0NRT,295.9,3.21,D
21.74298,83.84299,346.9,0.45,0.63,2026-08-26,0824,N20,nominal,2.0NRT,287.63,11.6,D
21.74921,83.84696,326.92,0.45,0.63,2026-08-26,0824,N20,nominal,2.0NRT,286.66,5.28,D
21.74881,83.84253,346.63,0.45,0.63,2026-08-26,0824,N20,nominal,2.0NRT,287.28,5.28,D
21.75503,83.8465,334.17,0.45,0.63,2026-08-26,0824,N20,nominal,2.0NRT,286.35,5.28,D
21.9208,83.35326,326.38,0.42,0.61,2026-08-26,0824,N20,nominal,2.0NRT,277.14,2.84,D
21.10283,72.64758,339.05,0.38,0.36,2026-08-26,0824,N20,nominal,2.0NRT,302.09,11.92,D
21.10113,72.63656,342.14,0.38,0.36,2026-08-26,0824,N20,nominal,2.0NRT,300.87,8.04,D
21.10612,72.647,344.97,0.38,0.36,2026-08-26,0824,N20,nominal,2.0NRT,302.32,11.92,D
22.35542,82.30332,334.63,0.36,0.58,2026-08-26,0824,N20,nominal,2.0NRT,289.53,7.35,D
22.35975,82.30282,333.19,0.36,0.58,2026-08-26,0824,N20,nominal,2.0NRT,286.99,8.21,D
22.92799,70.10835,334.26,0.42,0.38,2026-08-26,0826,N20,low,2.0NRT,302.81,6.26,D
29.75521,72.58524,330.69,0.4,0.37,2026-08-26,0828,N20,low,2.0NRT,303.11,1.43,D
29.76845,72.26132,339.23,0.4,0.37,2026-08-26,0828,N20,nominal,2.0NRT,306.31,4.79,D
29.93687,72.9943,335.83,0.42,0.37,2026-08-26,0828,N20,nominal,2.0NRT,302.18,3.13,D
29.95284,72.59747,331.09,0.41,0.37,2026-08-26,0828,N20,low,2.0NRT,303.47,3.11,D
29.95621,72.59685,338.88,0.41,0.37,2026-08-26,0828,N20,nominal,2.0NRT,302.4,3.11,D
29.75555,71.19326,338.7,0.39,0.36,2026-08-26,0828,N20,nominal,2.0NRT,306.07,3.2,D
29.90841,72.08109,343.34,0.4,0.37,2026-08-26,0828,N20,nominal,2.0NRT,306.37,12.85,D
30.07844,71.96696,339.62,0.39,0.37,2026-08-26,0828,N20,nominal,2.0NRT,305.7,6.61,D
30.08177,71.96634,336,0.39,0.37,2026-08-26,0828,N20,nominal,2.0NRT,304.73,2.14,D
30.35612,73.65794,334.6,0.44,0.38,2026-08-26,0828,N20,nominal,2.0NRT,302.11,3.06,D
30.33941,73.0291,337.17,0.42,0.38,2026-08-26,0828,N20,nominal,2.0NRT,304.08,2.54,D
27.16436,56.05214,331.47,0.75,0.77,2026-08-26,0828,N20,nominal,2.0NRT,299.4,5.39,D
30.51083,72.14,336.55,0.4,0.37,2026-08-26,0828,N20,nominal,2.0NRT,301.57,1.28,D
30.53793,71.68966,330.55,0.39,0.36,2026-08-26,0828,N20,low,2.0NRT,303.08,2.47,D
30.70773,71.90141,332.47,0.4,0.37,2026-08-26,0828,N20,nominal,2.0NRT,301.47,2.38,D
31.30204,72.22087,334.75,0.41,0.37,2026-08-26,0828,N20,nominal,2.0NRT,301.27,3.08,D
31.76711,74.16125,332.21,0.48,0.4,2026-08-26,0828,N20,low,2.0NRT,303.39,3.52,D
31.98062,70.32509,343.51,0.38,0.36,2026-08-26,0828,N20,nominal,2.0NRT,308.31,10.89,D
32.57503,72.56444,333.78,0.42,0.38,2026-08-26,0828,N20,low,2.0NRT,305.54,4.69,D
32.79342,72.26131,338.9,0.42,0.37,2026-08-26,0828,N20,nominal,2.0NRT,308.17,6,D
32.88766,71.61832,336.39,0.4,0.37,2026-08-26,0828,N20,low,2.0NRT,306.81,2.91,D
29.98982,55.8561,367,0.65,0.73,2026-08-26,0828,N20,high,2.0NRT,313.9,13.32,D
33.62799,73.01943,333.58,0.45,0.39,2026-08-26,0828,N20,nominal,2.0NRT,302.86,2.76,D
34.71388,59.97689,342.72,0.58,0.52,2026-08-26,0828,N20,low,2.0NRT,316.14,6.98,D
37.0312,62.41867,352.27,0.39,0.44,2026-08-26,0830,N20,nominal,2.0NRT,321.65,13.4,D
37.11438,62.36607,345.94,0.39,0.44,2026-08-26,0830,N20,low,2.0NRT,320.89,7.81,D
37.61122,62.01587,350.92,0.39,0.44,2026-08-26,0830,N20,nominal,2.0NRT,318.06,8.42,D
37.41159,60.08902,353.99,0.5,0.49,2026-08-26,0830,N20,nominal,2.0NRT,320.93,22,D
37.41035,60.08362,350.49,0.5,0.49,2026-08-26,0830,N20,low,2.0NRT,320.62,15.21,D
21.00224,56.53443,354.65,0.33,0.55,2026-08-26,1006,N20,nominal,2.0NRT,315.56,2.52,D
21.00191,56.53125,343.68,0.33,0.55,2026-08-26,1006,N20,low,2.0NRT,316.47,2.02,D
21.30444,57.79965,341.84,0.4,0.6,2026-08-26,1006,N20,low,2.0NRT,313.51,0.74,D
21.31054,57.74802,340.99,0.4,0.6,2026-08-26,1006,N20,low,2.0NRT,312.78,2.81,D
21.30421,57.80032,343.07,0.4,0.6,2026-08-26,1006,N20,low,2.0NRT,313.31,1.06,D
21.31956,57.72429,340.55,0.4,0.6,2026-08-26,1006,N20,low,2.0NRT,312.13,1.44,D
21.333,56.70206,347.04,0.34,0.56,2026-08-26,1006,N20,nominal,2.0NRT,314.5,8.11,D
21.83516,56.68206,345.96,0.34,0.56,2026-08-26,1006,N20,low,2.0NRT,316.74,0.69,D
21.83133,56.68189,345.95,0.34,0.56,2026-08-26,1006,N20,low,2.0NRT,317.3,1.33,D
22.28882,56.52762,341.54,0.34,0.56,2026-08-26,1006,N20,low,2.0NRT,315.42,0.79,D
22.32693,56.49058,348.4,0.34,0.56,2026-08-26,1006,N20,nominal,2.0NRT,318.17,1.6,D
22.32973,56.46668,342.87,0.34,0.56,2026-08-26,1006,N20,low,2.0NRT,316.45,2.1,D
22.40328,56.98928,340.92,0.37,0.58,2026-08-26,1006,N20,low,2.0NRT,315.03,1.21,D
22.34733,56.43509,347.85,0.34,0.56,2026-08-26,1006,N20,nominal,2.0NRT,316.83,1.16,D
22.34428,56.43357,343.76,0.34,0.56,2026-08-26,1006,N20,low,2.0NRT,316.89,1.25,D
22.43835,56.70161,356.09,0.35,0.57,2026-08-26,1006,N20,low,2.0NRT,319,16.69,D
22.44359,56.70103,345.47,0.35,0.57,2026-08-26,1006,N20,low,2.0NRT,317.4,14.91,D
22.67185,56.25175,345.28,0.33,0.55,2026-08-26,1006,N20,low,2.0NRT,315.58,0.51,D
22.87896,55.93314,345.94,0.64,0.54,2026-08-26,1006,N20,nominal,2.0NRT,313.21,2.91,D
22.87834,55.92694,355.7,0.63,0.54,2026-08-26,1006,N20,nominal,2.0NRT,315.29,9.06,D
22.92753,55.80752,343.67,0.62,0.54,2026-08-26,1006,N20,low,2.0NRT,314.28,1.06,D
23.19026,55.45903,350.24,0.6,0.53,2026-08-26,1006,N20,nominal,2.0NRT,316.62,4.95,D
18.01173,54.57677,344.52,0.45,0.47,2026-08-26,1004,N20,nominal,2.0NRT,314.2,10.11,D
23.18829,55.45786,348.23,0.6,0.53,2026-08-26,1006,N20,nominal,2.0NRT,316.17,3.4,D
18.01121,54.57251,344.55,0.45,0.47,2026-08-26,1004,N20,low,2.0NRT,318.44,13.57,D
23.30951,54.1809,353.08,0.5,0.49,2026-08-26,1006,N20,nominal,2.0NRT,323.04,15.89,D
18.32183,55.10802,347.04,0.49,0.49,2026-08-26,1006,N20,low,2.0NRT,317.44,4.02,D
20.3741,55.93802,346.42,0.59,0.53,2026-08-26,1006,N20,nominal,2.0NRT,312.86,3.9,D
24.0089,57.05873,341.9,0.39,0.59,2026-08-26,1006,N20,nominal,2.0NRT,305.05,2.71,D
20.37235,55.93579,353.25,0.59,0.53,2026-08-26,1006,N20,nominal,2.0NRT,313.08,2.96,D
20.38716,55.66345,343.05,0.57,0.52,2026-08-26,1006,N20,low,2.0NRT,313.43,2.62,D
24.50497,56.6101,353.78,0.37,0.58,2026-08-26,1006,N20,nominal,2.0NRT,306.49,6.28,D
24.50465,56.60647,355.81,0.37,0.58,2026-08-26,1006,N20,nominal,2.0NRT,307.2,7.96,D
24.51019,54.02003,352.3,0.5,0.49,2026-08-26,1009,N20,nominal,2.0NRT,305.31,8.38,D
24.60835,54.15349,330.33,0.51,0.5,2026-08-26,1009,N20,nominal,2.0NRT,304.24,2.75,D
24.98823,55.62874,346.87,0.32,0.55,2026-08-26,1009,N20,low,2.0NRT,317.58,1.69,D
27.1595,56.10321,337.76,0.36,0.58,2026-08-26,1009,N20,nominal,2.0NRT,307.03,4.4,D
27.16983,56.09842,341.03,0.36,0.58,2026-08-26,1009,N20,nominal,2.0NRT,307.12,10.85,D
27.16636,56.05777,336.69,0.36,0.58,2026-08-26,1009,N20,nominal,2.0NRT,306.48,4.93,D
27.16604,56.05404,337.83,0.36,0.58,2026-08-26,1009,N20,nominal,2.0NRT,306.84,4.93,D
27.17167,56.05723,335.52,0.36,0.58,2026-08-26,1009,N20,low,2.0NRT,306.44,9,D
29.98625,55.85559,367,0.38,0.59,2026-08-26,1009,N20,high,2.0NRT,315.83,6.57,D
37.40931,60.08498,343.62,0.76,0.77,2026-08-26,1011,N20,nominal,2.0NRT,312.37,8.33,D
38.6464,54.28294,367,0.37,0.58,2026-08-26,1011,N20,high,2.0NRT,318.56,3.64,D
38.68089,54.31909,346.48,0.37,0.58,2026-08-26,1011,N20,low,2.0NRT,317.63,3.91,D
38.67769,54.31554,345.03,0.37,0.58,2026-08-26,1011,N20,low,2.0NRT,318.89,2.43,D
38.91431,56.61208,367,0.5,0.66,2026-08-26,1011,N20,high,2.0NRT,307.73,7.11,D
38.91517,56.61108,367,0.5,0.66,2026-08-26,1011,N20,high,2.0NRT,308.75,6.01,D
39.35458,55.75027,345.46,0.45,0.63,2026-08-26,1011,N20,nominal,2.0NRT,310.92,5.94,D
22.47517,91.73435,305.85,0.45,0.47,2026-08-26,1913,N20,nominal,2.0NRT,288.92,2.17,N
21.57795,96.23352,306.36,0.4,0.37,2026-08-26,1913,N20,nominal,2.0NRT,290.4,2.12,N
20.86702,96.39068,307.67,0.4,0.37,2026-08-26,1913,N20,nominal,2.0NRT,290.05,1.76,N
19.67047,98.632,300.47,0.39,0.36,2026-08-26,1913,N20,nominal,2.0NRT,285.24,0.85,N
20.96951,85.17609,305.91,0.58,0.69,2026-08-26,1913,N20,nominal,2.0NRT,274.26,3.1,N
20.96356,85.1699,297.9,0.58,0.69,2026-08-26,1913,N20,nominal,2.0NRT,270.6,2.19,N
20.79373,85.25214,303.88,0.57,0.69,2026-08-26,1913,N20,nominal,2.0NRT,271.84,1.95,N
20.76468,85.29327,303.89,0.56,0.69,2026-08-26,1915,N20,nominal,2.0NRT,272.33,2.11,N
20.79809,85.25024,301.94,0.57,0.69,2026-08-26,1915,N20,nominal,2.0NRT,271.59,2.09,N
20.76239,85.29076,299.33,0.56,0.69,2026-08-26,1915,N20,nominal,2.0NRT,273.13,1.44,N
20.76191,85.29632,305.1,0.56,0.69,2026-08-26,1915,N20,nominal,2.0NRT,273.38,1.85,N
14.55672,100.61672,323.3,0.53,0.42,2026-08-26,1915,N20,nominal,2.0NRT,276.78,2.86,N
14.43895,100.29069,312.44,0.51,0.41,2026-08-26,1915,N20,nominal,2.0NRT,287.14,1.58,N
7.81501,99.80186,314.38,0.4,0.44,2026-08-26,1917,N20,nominal,2.0NRT,291.42,2.41,N
7.81441,99.80531,315.3,0.4,0.44,2026-08-26,1917,N20,nominal,2.0NRT,291.6,2.47,N
7.56832,99.62642,306.1,0.39,0.44,2026-08-26,1917,N20,nominal,2.0NRT,287.51,0.27,N
7.23239,100.24904,304.88,0.43,0.46,2026-08-26,1917,N20,nominal,2.0NRT,291.83,1.07,N
30.06887,96.97642,304.58,0.45,0.39,2026-08-26,1910,N20,nominal,2.0NRT,287.2,0.89,N
26.62052,101.59639,338.87,0.42,0.38,2026-08-26,1910,N20,nominal,2.0NRT,292.15,14.36,N
39.88649,66.30994,323.4,0.36,0.57,2026-08-26,2046,N20,nominal,2.0NRT,290.48,1.53,N
39.88749,66.3082,304.7,0.36,0.57,2026-08-26,2046,N20,nominal,2.0NRT,289.83,1.17,N
39.88724,66.31242,310.14,0.36,0.57,2026-08-26,2046,N20,nominal,2.0NRT,290.48,1.21,N
39.85667,66.19812,307.78,0.36,0.57,2026-08-26,2046,N20,nominal,2.0NRT,290.54,1.17,N
39.56271,66.80642,302.85,0.33,0.55,2026-08-26,2049,N20,nominal,2.0NRT,292.56,0.29,N
39.50208,64.69173,304.02,0.43,0.62,2026-08-26,2049,N20,nominal,2.0NRT,293.02,0.86,N
39.17132,63.25217,307.6,0.51,0.66,2026-08-26,2049,N20,nominal,2.0NRT,291.22,1.29,N
38.68849,65.98506,318.59,0.36,0.57,2026-08-26,2049,N20,nominal,2.0NRT,289.94,1.76,N
38.68317,65.98451,334.63,0.36,0.57,2026-08-26,2049,N20,nominal,2.0NRT,290.33,1.76,N
38.67979,65.95029,300.96,0.36,0.58,2026-08-26,2049,N20,nominal,2.0NRT,290.57,0.66,N
38.55336,65.94672,308.97,0.36,0.58,2026-08-26,2049,N20,nominal,2.0NRT,292.89,0.93,N
38.46827,65.77615,302.35,0.37,0.58,2026-08-26,2049,N20,nominal,2.0NRT,290.39,1.67,N
38.4561,65.80098,318.71,0.37,0.58,2026-08-26,2049,N20,nominal,2.0NRT,290.58,1.43,N
38.45842,65.80346,307.25,0.37,0.58,2026-08-26,2049,N20,nominal,2.0NRT,292.39,1.46,N
38.05272,67.2633,352.59,0.61,0.53,2026-08-26,2049,N20,nominal,2.0NRT,293.61,22.5,N
38.05075,67.26443,340,0.61,0.53,2026-08-26,2049,N20,nominal,2.0NRT,294.78,19.16,N
38.05087,64.90184,301.3,0.41,0.61,2026-08-26,2049,N20,nominal,2.0NRT,290.74,0.86,N
37.9334,65.63726,303.61,0.37,0.58,2026-08-26,2049,N20,nominal,2.0NRT,290.41,0.79,N
37.93067,65.63827,304.79,0.37,0.58,2026-08-26,2049,N20,nominal,2.0NRT,290.4,0.68,N
37.73004,65.50741,300.96,0.38,0.58,2026-08-26,2049,N20,nominal,2.0NRT,290.86,0.67,N
37.72538,62.09216,302.04,0.58,0.7,2026-08-26,2049,N20,nominal,2.0NRT,289.5,0.81,N
37.65528,62.24026,298.01,0.57,0.69,2026-08-26,2049,N20,nominal,2.0NRT,287.95,0.68,N
37.62547,62.16582,302.48,0.57,0.69,2026-08-26,2049,N20,nominal,2.0NRT,292.34,1.3,N
37.59698,61.52624,303.38,0.62,0.72,2026-08-26,2049,N20,nominal,2.0NRT,291.66,1.62,N
37.58303,61.55442,302.06,0.62,0.71,2026-08-26,2049,N20,nominal,2.0NRT,290.83,1.42,N
37.58564,61.55627,307.51,0.62,0.71,2026-08-26,2049,N20,nominal,2.0NRT,291.24,1.77,N
37.49854,61.8409,306.79,0.6,0.7,2026-08-26,2049,N20,nominal,2.0NRT,293.7,2.61,N
37.11998,62.35414,310.66,0.56,0.69,2026-08-26,2049,N20,nominal,2.0NRT,291.31,3.57,N
37.11979,62.36056,309.63,0.56,0.69,2026-08-26,2049,N20,nominal,2.0NRT,292.55,3.57,N
37.11766,62.36142,325.83,0.56,0.69,2026-08-26,2049,N20,nominal,2.0NRT,293.22,6.27,N
37.11789,62.355,314.26,0.56,0.69,2026-08-26,2049,N20,nominal,2.0NRT,292.84,6.36,N
37.03319,62.41373,320.76,0.55,0.68,2026-08-26,2049,N20,nominal,2.0NRT,292.42,3.25,N
37.03339,62.40741,302.04,0.55,0.68,2026-08-26,2049,N20,nominal,2.0NRT,289.92,3.25,N
37.03689,62.41272,317.52,0.55,0.68,2026-08-26,2049,N20,nominal,2.0NRT,291.49,3.57,N
37.03056,62.41237,307.17,0.55,0.68,2026-08-26,2049,N20,nominal,2.0NRT,291.1,4.03,N
36.47898,61.6159,301.86,0.61,0.71,2026-08-26,2049,N20,nominal,2.0NRT,289.81,2.49,N
35.96973,68.68405,306.16,0.48,0.48,2026-08-26,2049,N20,nominal,2.0NRT,294.8,1.62,N
33.90435,71.91553,308.79,0.47,0.4,2026-08-26,2049,N20,nominal,2.0NRT,296.9,1.12,N
33.29755,71.18687,309.27,0.5,0.41,2026-08-26,2049,N20,nominal,2.0NRT,295.79,0.9,N
32.88863,71.6162,316.27,0.47,0.4,2026-08-26,2049,N20,nominal,2.0NRT,299.52,4.12,N
32.64449,72.97614,308.74,0.42,0.38,2026-08-26,2049,N20,nominal,2.0NRT,298.14,2.02,N
32.57768,72.56239,312.81,0.43,0.38,2026-08-26,2049,N20,nominal,2.0NRT,299.58,2.45,N
32.65508,70.47259,311.74,0.53,0.42,2026-08-26,2049,N20,nominal,2.0NRT,298.18,1.73,N
32.13151,74.1764,320.32,0.39,0.36,2026-08-26,2049,N20,nominal,2.0NRT,298.27,1.58,N
32.08615,74.16393,315.28,0.39,0.36,2026-08-26,2049,N20,nominal,2.0NRT,298.08,1.57,N
29.47616,76.85736,306.91,0.41,0.37,2026-08-26,2051,N20,nominal,2.0NRT,287.88,1.89,N
26.76138,83.19917,301.41,0.32,0.55,2026-08-26,2051,N20,nominal,2.0NRT,278.05,0.93,N
28.42557,69.69781,313.35,0.52,0.42,2026-08-26,2051,N20,nominal,2.0NRT,298.26,1.67,N
28.0541,69.37069,311.29,0.54,0.42,2026-08-26,2051,N20,nominal,2.0NRT,297.98,0.64,N
28.7656,58.87473,306.55,0.78,0.78,2026-08-26,2051,N20,nominal,2.0NRT,292.35,1.9,N
26.92686,73.4677,305.99,0.39,0.36,2026-08-26,2051,N20,nominal,2.0NRT,287.44,1.1,N
26.87866,73.51471,303.59,0.39,0.36,2026-08-26,2051,N20,nominal,2.0NRT,282.78,1.11,N
23.61789,86.78893,305.36,0.63,0.72,2026-08-26,2051,N20,nominal,2.0NRT,283.23,1.9,N
23.93222,72.36194,322.77,0.39,0.36,2026-08-26,2051,N20,nominal,2.0NRT,280,1.69,N
20.81066,85.25798,303.54,0.58,0.7,2026-08-26,2053,N20,nominal,2.0NRT,284.2,2.64,N
20.80444,85.25613,301.92,0.58,0.7,2026-08-26,2053,N20,nominal,2.0NRT,284.07,1.25,N
20.79822,85.25431,308.68,0.58,0.7,2026-08-26,2053,N20,nominal,2.0NRT,283.63,1.25,N
20.78934,85.26369,304.73,0.59,0.7,2026-08-26,2053,N20,nominal,2.0NRT,284.02,1.07,N
20.78438,85.25655,302.13,0.58,0.7,2026-08-26,2053,N20,nominal,2.0NRT,283.99,1.07,N
20.78307,85.26205,301.72,0.59,0.7,2026-08-26,2053,N20,nominal,2.0NRT,283.99,1.07,N
23.31667,70.48634,308.92,0.43,0.38,2026-08-26,2053,N20,nominal,2.0NRT,294.09,1.21,N
23.31464,70.48708,307.11,0.43,0.38,2026-08-26,2053,N20,nominal,2.0NRT,293.75,1.62,N
22.32132,69.88142,317.54,0.44,0.38,2026-08-26,2053,N20,nominal,2.0NRT,287.39,1.49,N
22.32085,69.8827,311.16,0.44,0.38,2026-08-26,2053,N20,nominal,2.0NRT,286.86,1.41,N
22.41633,69.0387,309,0.48,0.4,2026-08-26,2053,N20,nominal,2.0NRT,292.91,2.63,N
21.1065,72.64651,300.89,0.38,0.36,2026-08-26,2053,N20,nominal,2.0NRT,270.92,0.55,N
20.91049,71.45941,312.46,0.39,0.36,2026-08-26,2053,N20,nominal,2.0NRT,289.09,1.26,N
21.3144,57.7362,306.47,0.79,0.78,2026-08-26,2053,N20,nominal,2.0NRT,290.41,1.26,N
21.31389,57.74396,303.37,0.79,0.78,2026-08-26,2053,N20,nominal,2.0NRT,290.23,1.26,N
21.31236,57.73803,307.82,0.79,0.78,2026-08-26,2053,N20,nominal,2.0NRT,289.99,2.23,N
18.95677,73.94353,329.4,0.41,0.37,2026-08-26,2053,N20,nominal,2.0NRT,290.9,2.58,N
18.68589,73.02978,301.74,0.39,0.36,2026-08-26,2053,N20,nominal,2.0NRT,287.39,0.74,N
18.68196,73.03288,302.89,0.39,0.36,2026-08-26,2053,N20,nominal,2.0NRT,289.13,1.56,N
18.68135,73.03658,308.6,0.39,0.36,2026-08-26,2053,N20,nominal,2.0NRT,290.54,1.56,N
15.33449,76.28466,307.06,0.39,0.44,2026-08-26,2055,N20,nominal,2.0NRT,290.93,1.15,N
15.33309,76.24698,309.09,0.39,0.44,2026-08-26,2055,N20,nominal,2.0NRT,290.15,0.78,N
15.17542,77.10057,302.32,0.45,0.47,2026-08-26,2055,N20,nominal,2.0NRT,285.01,1.32,N
15.30119,76.21846,301.59,0.39,0.44,2026-08-26,2055,N20,nominal,2.0NRT,288.41,0.8,N
15.18496,76.66879,312.05,0.42,0.45,2026-08-26,2055,N20,nominal,2.0NRT,285.84,2.38,N
15.18357,76.67648,309.53,0.42,0.45,2026-08-26,2055,N20,nominal,2.0NRT,286.52,1.65,N
15.17946,76.67565,307.05,0.42,0.45,2026-08-26,2055,N20,nominal,2.0NRT,285.67,1.65,N
15.17886,76.65562,312.26,0.42,0.45,2026-08-26,2055,N20,nominal,2.0NRT,286.36,1.55,N
15.17816,76.65945,310.09,0.42,0.45,2026-08-26,2055,N20,nominal,2.0NRT,285.4,1.55,N
15.17477,76.65479,318.72,0.42,0.45,2026-08-26,2055,N20,nominal,2.0NRT,284.95,1.55,N
15.17336,76.66246,301.82,0.42,0.45,2026-08-26,2055,N20,nominal,2.0NRT,285.19,1.14,N
15.17025,76.38171,304.26,0.4,0.44,2026-08-26,2055,N20,nominal,2.0NRT,286.12,0.89,N
13.84619,79.25174,311.52,0.33,0.55,2026-08-26,2055,N20,nominal,2.0NRT,279.9,1.27,N
13.84566,79.25454,303.89,0.33,0.55,2026-08-26,2055,N20,nominal,2.0NRT,283.38,1.01,N
13.71613,79.62455,302.5,0.35,0.56,2026-08-26,2055,N20,nominal,2.0NRT,282.05,0.91,N
13.71163,79.62034,301.42,0.35,0.56,2026-08-26,2055,N20,nominal,2.0NRT,282.07,1.07,N
11.80962,77.92208,298.71,0.58,0.52,2026-08-26,2055,N20,nominal,2.0NRT,276.25,0.74,N
37.8005,62.55163,301.33,0.33,0.55,2026-08-26,2229,N20,nominal,2.0NRT,289.1,0.44,N
37.79563,62.54968,307.42,0.33,0.55,2026-08-26,2229,N20,nominal,2.0NRT,289.63,0.71,N
37.78865,62.53492,301.49,0.33,0.55,2026-08-26,2229,N20,nominal,2.0NRT,288.57,0.62,N
37.78773,62.53851,306.45,0.33,0.55,2026-08-26,2229,N20,nominal,2.0NRT,290.06,0.62,N
37.78563,62.52576,298.95,0.33,0.55,2026-08-26,2229,N20,nominal,2.0NRT,288.81,0.35,N
39.51062,54.32684,319.74,0.4,0.37,2026-08-26,2229,N20,nominal,2.0NRT,300.8,3.45,N
37.74355,62.1269,300.18,0.63,0.54,2026-08-26,2229,N20,nominal,2.0NRT,289.12,0.73,N
37.72822,62.09722,307.03,0.63,0.54,2026-08-26,2229,N20,nominal,2.0NRT,290.6,1.91,N
37.67243,62.23614,301.26,0.32,0.55,2026-08-26,2229,N20,nominal,2.0NRT,288.34,0.47,N
37.66106,62.23922,301.92,0.32,0.55,2026-08-26,2229,N20,nominal,2.0NRT,290.22,0.39,N
37.63837,62.20329,305.31,0.32,0.55,2026-08-26,2229,N20,nominal,2.0NRT,288.76,0.69,N
37.63005,62.21519,304.13,0.32,0.55,2026-08-26,2229,N20,nominal,2.0NRT,291.29,0.66,N
37.62621,62.1678,309.08,0.32,0.54,2026-08-26,2229,N20,nominal,2.0NRT,291.2,1.18,N
37.62321,62.13813,302.7,0.64,0.54,2026-08-26,2229,N20,nominal,2.0NRT,291.35,2.46,N
37.6563,61.905,304.89,0.62,0.54,2026-08-26,2229,N20,nominal,2.0NRT,290.41,0.67,N
37.60992,61.60506,314.78,0.6,0.53,2026-08-26,2229,N20,nominal,2.0NRT,294.54,2.95,N
37.61084,61.60427,315.92,0.6,0.53,2026-08-26,2229,N20,nominal,2.0NRT,294.02,3.01,N
37.4246,62.31059,308.69,0.33,0.55,2026-08-26,2229,N20,nominal,2.0NRT,289.02,0.73,N
37.59871,61.52887,302.89,0.59,0.53,2026-08-26,2229,N20,nominal,2.0NRT,289.39,0.6,N
37.59405,61.52705,312.2,0.59,0.53,2026-08-26,2229,N20,nominal,2.0NRT,292.81,2.61,N
37.58612,61.5592,302.16,0.59,0.53,2026-08-26,2229,N20,nominal,2.0NRT,292.1,1.02,N
37.58146,61.55737,311.07,0.59,0.53,2026-08-26,2229,N20,nominal,2.0NRT,291.87,1.02,N
37.49852,61.84914,311.51,0.62,0.54,2026-08-26,2229,N20,nominal,2.0NRT,293.12,1.75,N
38.2557,58.38873,310.09,0.39,0.44,2026-08-26,2229,N20,nominal,2.0NRT,295.19,2.65,N
38.21971,57.99012,304.7,0.57,0.43,2026-08-26,2229,N20,nominal,2.0NRT,293.12,1.17,N
38.19584,58.10332,305.61,0.38,0.43,2026-08-26,2229,N20,nominal,2.0NRT,292.18,0.59,N
37.63275,60.34034,306.45,0.51,0.49,2026-08-26,2229,N20,nominal,2.0NRT,291.34,1.06,N
37.11737,62.36284,342.17,0.34,0.56,2026-08-26,2229,N20,nominal,2.0NRT,293.78,4.03,N
37.11644,62.36645,321.92,0.34,0.56,2026-08-26,2229,N20,nominal,2.0NRT,291.24,4.03,N
37.35004,61.36243,301.41,0.59,0.53,2026-08-26,2229,N20,nominal,2.0NRT,289.77,1.12,N
38.85379,54.23333,315.28,0.41,0.37,2026-08-26,2229,N20,nominal,2.0NRT,296.46,0.88,N
38.85336,54.23091,311.63,0.41,0.37,2026-08-26,2229,N20,nominal,2.0NRT,295.98,0.93,N
37.35035,61.36218,301.85,0.59,0.53,2026-08-26,2229,N20,nominal,2.0NRT,289.45,0.99,N
38.05888,58.16774,305.1,0.39,0.44,2026-08-26,2229,N20,nominal,2.0NRT,294.24,0.76,N
37.03463,62.41834,324.87,0.34,0.56,2026-08-26,2229,N20,nominal,2.0NRT,292.76,2.91,N
37.03369,62.42201,308.68,0.34,0.56,2026-08-26,2229,N20,nominal,2.0NRT,292.66,2.91,N
37.94383,58.56361,308.49,0.41,0.45,2026-08-26,2229,N20,nominal,2.0NRT,293.73,1.14,N
38.67949,54.31364,324.86,0.41,0.37,2026-08-26,2229,N20,nominal,2.0NRT,296.27,1.11,N
38.65009,54.28083,330.04,0.41,0.37,2026-08-26,2229,N20,nominal,2.0NRT,299.04,3.77,N
37.82929,58.38349,311.49,0.4,0.44,2026-08-26,2229,N20,nominal,2.0NRT,293.55,0.97,N
37.2187,60.02391,312.27,0.5,0.49,2026-08-26,2229,N20,nominal,2.0NRT,291.96,1.14,N
37.21635,60.02311,310.13,0.5,0.49,2026-08-26,2229,N20,nominal,2.0NRT,290.41,2.02,N
37.33919,58.04692,298.67,0.4,0.44,2026-08-26,2229,N20,nominal,2.0NRT,288.2,1.46,N
36.47837,61.62624,305.62,0.32,0.54,2026-08-26,2229,N20,nominal,2.0NRT,291.28,2,N
36.47784,59.74625,300.7,0.51,0.49,2026-08-26,2229,N20,nominal,2.0NRT,290.05,0.68,N
36.49411,59.33253,300.51,0.48,0.48,2026-08-26,2229,N20,nominal,2.0NRT,288.33,0.76,N
36.99155,56.2304,301.55,0.5,0.41,2026-08-26,2229,N20,nominal,2.0NRT,289.93,0.75,N
36.9465,54.88851,314.73,0.44,0.39,2026-08-26,2229,N20,nominal,2.0NRT,294.77,2.31,N
35.90191,59.02394,298.8,0.48,0.48,2026-08-26,2229,N20,nominal,2.0NRT,288.39,0.2,N
35.36633,59.30655,301.89,0.51,0.49,2026-08-26,2231,N20,nominal,2.0NRT,287.54,0.48,N
36.29816,54.78569,312.51,0.45,0.39,2026-08-26,2231,N20,nominal,2.0NRT,293.35,0.88,N
33.75327,59.14541,309.72,0.54,0.51,2026-08-26,2231,N20,nominal,2.0NRT,287.79,1.57,N
33.75299,59.1495,303.25,0.54,0.51,2026-08-26,2231,N20,nominal,2.0NRT,287.79,1.36,N
32.9243,60.23375,302.2,0.33,0.55,2026-08-26,2231,N20,nominal,2.0NRT,291.93,0.81,N
33.04128,56.84856,316.38,0.42,0.45,2026-08-26,2231,N20,nominal,2.0NRT,296.74,1.94,N
32.33516,54.08753,309.91,0.48,0.4,2026-08-26,2231,N20,nominal,2.0NRT,292.91,1.6,N
31.62273,54.74233,306.44,0.52,0.42,2026-08-26,2231,N20,nominal,2.0NRT,294.37,1.37,N
31.62218,54.72534,311.37,0.52,0.42,2026-08-26,2231,N20,nominal,2.0NRT,293.73,1.94,N
39.88691,66.31161,304.01,0.45,0.63,2026-08-26,2231,N20,nominal,2.0NRT,286.45,0.79,N
39.85586,66.19913,303.5,0.45,0.63,2026-08-26,2231,N20,nominal,2.0NRT,289.91,0.97,N
39.18344,65.3113,300.71,0.42,0.61,2026-08-26,2231,N20,nominal,2.0NRT,290.61,0.83,N
38.68299,65.98733,311.13,0.47,0.64,2026-08-26,2231,N20,nominal,2.0NRT,290.36,1.54,N
38.68415,65.98489,303.4,0.47,0.64,2026-08-26,2231,N20,nominal,2.0NRT,288.43,1.72,N
39.33958,63.23746,302.48,0.33,0.55,2026-08-26,2231,N20,nominal,2.0NRT,291.7,0.52,N
30.76063,56.66064,311.83,0.46,0.47,2026-08-26,2231,N20,nominal,2.0NRT,291.57,1.44,N
39.33988,63.23828,303.22,0.33,0.55,2026-08-26,2231,N20,nominal,2.0NRT,291.59,0.57,N
30.75737,56.65497,302.1,0.46,0.47,2026-08-26,2231,N20,nominal,2.0NRT,292.07,1.44,N
38.55012,65.94826,302.11,0.47,0.64,2026-08-26,2231,N20,nominal,2.0NRT,291.27,0.84,N
30.7564,56.65954,317.18,0.46,0.47,2026-08-26,2231,N20,nominal,2.0NRT,292.64,1.44,N
39.30665,62.97409,301.56,0.32,0.54,2026-08-26,2231,N20,nominal,2.0NRT,291.28,1.32,N
39.28256,63.04621,310.37,0.32,0.55,2026-08-26,2231,N20,nominal,2.0NRT,290.43,0.76,N
39.28197,63.04569,310.21,0.32,0.55,2026-08-26,2231,N20,nominal,2.0NRT,290.28,0.8,N
30.66685,56.61928,307.71,0.45,0.47,2026-08-26,2231,N20,nominal,2.0NRT,289.6,1.51,N
39.1581,63.31837,306.56,0.33,0.56,2026-08-26,2231,N20,nominal,2.0NRT,289.2,0.76,N
30.66766,56.62209,306.4,0.46,0.47,2026-08-26,2231,N20,nominal,2.0NRT,290,1.12,N
39.16949,63.2538,316.19,0.33,0.55,2026-08-26,2231,N20,nominal,2.0NRT,290.94,1.42,N
39.16854,63.25745,302.98,0.33,0.55,2026-08-26,2231,N20,nominal,2.0NRT,291.3,1.29,N
39.16272,63.25904,302.56,0.33,0.55,2026-08-26,2231,N20,nominal,2.0NRT,290.14,0.61,N
38.45347,65.80276,308.1,0.47,0.64,2026-08-26,2231,N20,nominal,2.0NRT,289.6,0.98,N
39.12885,63.30579,302.38,0.33,0.56,2026-08-26,2231,N20,nominal,2.0NRT,289.15,0.83,N
39.01796,63.7042,307.59,0.35,0.57,2026-08-26,2231,N20,nominal,2.0NRT,291.65,0.63,N
39.05431,63.44347,307.45,0.34,0.56,2026-08-26,2231,N20,nominal,2.0NRT,289.07,0.62,N
39.05691,63.44341,303.25,0.34,0.56,2026-08-26,2231,N20,nominal,2.0NRT,288.35,0.72,N
38.95372,63.75347,302.16,0.36,0.57,2026-08-26,2231,N20,nominal,2.0NRT,291.95,0.41,N
39.00561,63.53499,298.14,0.35,0.56,2026-08-26,2231,N20,nominal,2.0NRT,287.71,0.4,N
38.97437,63.65399,301.45,0.35,0.57,2026-08-26,2231,N20,nominal,2.0NRT,291.03,0.34,N
38.96416,63.69275,305.21,0.35,0.57,2026-08-26,2231,N20,nominal,2.0NRT,290.48,0.69,N
29.4781,60.80698,305.33,0.42,0.61,2026-08-26,2231,N20,nominal,2.0NRT,289.84,0.82,N
38.98662,63.58636,301.86,0.35,0.57,2026-08-26,2231,N20,nominal,2.0NRT,290.5,0.34,N
38.97416,63.46638,301.85,0.34,0.56,2026-08-26,2231,N20,nominal,2.0NRT,290.95,0.81,N
39.97453,58.93584,309.16,0.39,0.44,2026-08-26,2231,N20,nominal,2.0NRT,291.53,0.94,N
38.6515,63.98013,303.29,0.37,0.58,2026-08-26,2231,N20,nominal,2.0NRT,290.65,0.57,N
30.23511,56.90833,314.36,0.48,0.48,2026-08-26,2231,N20,nominal,2.0NRT,291.6,2.39,N
30.37118,56.12625,308.28,0.43,0.46,2026-08-26,2231,N20,nominal,2.0NRT,289.85,1.87,N
30.38105,55.86242,303.46,0.42,0.45,2026-08-26,2231,N20,nominal,2.0NRT,290.06,0.56,N
30.32387,55.97224,313.32,0.43,0.46,2026-08-26,2231,N20,nominal,2.0NRT,290.82,1.01,N
29.92875,56.73256,312.65,0.48,0.48,2026-08-26,2231,N20,nominal,2.0NRT,291.16,2.88,N
30.08221,55.39978,332.74,0.4,0.44,2026-08-26,2231,N20,nominal,2.0NRT,292.84,2.79,N
29.98823,55.85174,337.84,0.43,0.46,2026-08-26,2231,N20,nominal,2.0NRT,286.88,9.4,N
29.98728,55.85629,332.57,0.43,0.46,2026-08-26,2231,N20,nominal,2.0NRT,287.64,9.4,N
30.00885,55.2011,303.78,0.39,0.44,2026-08-26,2231,N20,nominal,2.0NRT,288.23,0.79,N
29.99703,55.1979,299.97,0.39,0.44,2026-08-26,2231,N20,nominal,2.0NRT,289.19,0.8,N
29.81021,55.75261,301.63,0.42,0.45,2026-08-26,2231,N20,nominal,2.0NRT,288.72,0.59,N
29.15371,55.36746,310.74,0.41,0.45,2026-08-26,2231,N20,nominal,2.0NRT,292.27,1.35,N
29.20035,54.48324,297.72,0.56,0.43,2026-08-26,2231,N20,nominal,2.0NRT,285.93,0.73,N
27.42201,56.49908,312.03,0.52,0.5,2026-08-26,2233,N20,nominal,2.0NRT,299.05,1.77,N
27.30123,56.30098,314.08,0.51,0.49,2026-08-26,2233,N20,nominal,2.0NRT,299.16,2.22,N
27.1698,56.09635,320.23,0.5,0.49,2026-08-26,2233,N20,nominal,2.0NRT,300.61,2.03,N
27.16945,56.05489,343.75,0.49,0.49,2026-08-26,2233,N20,nominal,2.0NRT,301.4,5.62,N
27.15994,56.09896,338.32,0.5,0.49,2026-08-26,2233,N20,nominal,2.0NRT,301.16,3.84,N
27.15888,56.10386,311.86,0.5,0.49,2026-08-26,2233,N20,nominal,2.0NRT,299.97,3.84,N
27.14353,56.11029,312.56,0.5,0.49,2026-08-26,2233,N20,nominal,2.0NRT,300.14,1.34,N
27.16642,56.0526,319.47,0.5,0.49,2026-08-26,2233,N20,nominal,2.0NRT,300.78,2.16,N
25.97466,56.07061,318.41,0.52,0.5,2026-08-26,2233,N20,nominal,2.0NRT,303.35,1.96,N
25.96566,56.06828,317.88,0.52,0.5,2026-08-26,2233,N20,nominal,2.0NRT,303.17,1.44,N
25.55812,55.98532,315.22,0.53,0.5,2026-08-26,2233,N20,nominal,2.0NRT,302.48,2.1,N
25.30904,56.37104,316.67,0.56,0.52,2026-08-26,2233,N20,nominal,2.0NRT,299.81,1.94,N
24.99003,55.62481,328.36,0.52,0.5,2026-08-26,2233,N20,nominal,2.0NRT,301.66,2.42,N
24.50422,56.60549,328.95,0.61,0.53,2026-08-26,2233,N20,nominal,2.0NRT,301.2,5.43,N
24.50611,56.60485,327.45,0.61,0.53,2026-08-26,2233,N20,nominal,2.0NRT,300.43,4.38,N
24.00381,55.43839,311.17,0.52,0.5,2026-08-26,2233,N20,nominal,2.0NRT,300.92,2.16,N
24.00267,55.44073,313.5,0.53,0.5,2026-08-26,2233,N20,nominal,2.0NRT,301.84,2.52,N
23.19276,55.46496,310.12,0.55,0.51,2026-08-26,2233,N20,nominal,2.0NRT,299.4,3.66,N
23.18926,55.45861,321.2,0.55,0.51,2026-08-26,2233,N20,nominal,2.0NRT,300.28,5.03,N
23.31395,54.17883,324.23,0.45,0.47,2026-08-26,2233,N20,nominal,2.0NRT,301.37,2.05,N
23.30972,54.17783,316.91,0.45,0.47,2026-08-26,2233,N20,nominal,2.0NRT,301.21,1.47,N
23.28016,54.25788,322.8,0.46,0.47,2026-08-26,2233,N20,nominal,2.0NRT,302.02,1.71,N
22.92787,55.80405,321.93,0.58,0.52,2026-08-26,2233,N20,nominal,2.0NRT,298.91,2.89,N
22.92761,55.80398,321.29,0.58,0.52,2026-08-26,2233,N20,nominal,2.0NRT,298.8,3.21,N
22.87695,55.92673,326.19,0.59,0.53,2026-08-26,2233,N20,nominal,2.0NRT,299.57,4.83,N
22.87422,55.6128,332.45,0.57,0.52,2026-08-26,2233,N20,nominal,2.0NRT,298.69,3.12,N
22.87189,55.6156,322,0.57,0.52,2026-08-26,2233,N20,nominal,2.0NRT,298.26,2.26,N
22.78138,55.81263,310.16,0.59,0.53,2026-08-26,2233,N20,nominal,2.0NRT,299.29,1.47,N
22.40841,56.98915,330.53,0.35,0.57,2026-08-26,2233,N20,nominal,2.0NRT,297.31,1.97,N
22.32958,56.49022,310.94,0.33,0.55,2026-08-26,2233,N20,nominal,2.0NRT,291.45,1.86,N
22.29032,56.52617,309.38,0.33,0.55,2026-08-26,2233,N20,nominal,2.0NRT,295.29,2.71,N
21.93609,57.07094,326.34,0.37,0.58,2026-08-26,2233,N20,nominal,2.0NRT,295.43,1.55,N
21.93533,57.07441,308.08,0.37,0.58,2026-08-26,2233,N20,nominal,2.0NRT,295.63,1.55,N
21.89196,56.84724,319.32,0.36,0.57,2026-08-26,2233,N20,nominal,2.0NRT,297.07,1.57,N
21.83532,56.67935,317.43,0.35,0.57,2026-08-26,2233,N20,nominal,2.0NRT,296.59,0.98,N
21.33557,57.72317,304.44,0.41,0.61,2026-08-26,2233,N20,nominal,2.0NRT,292.68,0.74,N
21.3068,57.79886,305.76,0.42,0.61,2026-08-26,2233,N20,nominal,2.0NRT,292.29,0.63,N
21.31913,57.71909,303.09,0.41,0.61,2026-08-26,2233,N20,nominal,2.0NRT,292.12,0.96,N
21.31383,57.74239,313.54,0.42,0.61,2026-08-26,2233,N20,nominal,2.0NRT,292.33,1.75,N
21.31294,57.74631,314.79,0.42,0.61,2026-08-26,2233,N20,nominal,2.0NRT,292.28,1.4,N
21.31441,57.74257,314.43,0.42,0.61,2026-08-26,2233,N20,nominal,2.0NRT,292.31,1.88,N
21.31354,57.7465,317.1,0.42,0.61,2026-08-26,2233,N20,nominal,2.0NRT,292.28,1.77,N
21.30224,57.7978,310.39,0.42,0.61,2026-08-26,2233,N20,nominal,2.0NRT,292.6,0.87,N
21.33445,56.69679,367,0.36,0.57,2026-08-26,2233,N20,high,2.0NRT,297.63,4.69,N
21.33372,56.70014,319.52,0.36,0.57,2026-08-26,2233,N20,nominal,2.0NRT,296.98,4.69,N
21.41103,55.74382,311.02,0.62,0.54,2026-08-26,2233,N20,nominal,2.0NRT,297.73,10.01,N
21.40901,55.74218,310.66,0.62,0.54,2026-08-26,2233,N20,nominal,2.0NRT,297.8,8.57,N
21.0035,56.52979,321.82,0.35,0.57,2026-08-26,2233,N20,nominal,2.0NRT,296.59,2.13,N
21.00279,56.53312,327.74,0.35,0.57,2026-08-26,2233,N20,nominal,2.0NRT,297.43,2.13,N
20.37501,55.93539,328.02,0.33,0.56,2026-08-26,2233,N20,nominal,2.0NRT,296.81,1.39,N
20.37566,55.93227,313.08,0.33,0.56,2026-08-26,2233,N20,nominal,2.0NRT,296.49,1.39,N
20.39043,55.66283,330.51,0.32,0.55,2026-08-26,2233,N20,nominal,2.0NRT,297.22,2.4,N
20.38372,55.64561,320.6,0.32,0.55,2026-08-26,2235,N20,nominal,2.0NRT,296.27,1.77,N
20.21373,55.71213,317.89,0.32,0.55,2026-08-26,2235,N20,nominal,2.0NRT,296.08,0.97,N
20.21353,55.71204,322.1,0.32,0.55,2026-08-26,2235,N20,nominal,2.0NRT,296.2,1.19,N
20.02584,56.15018,307.46,0.35,0.57,2026-08-26,2235,N20,nominal,2.0NRT,295.04,0.45,N
18.56251,55.86691,310.33,0.36,0.57,2026-08-26,2235,N20,nominal,2.0NRT,294.08,1.09,N
18.32211,55.10593,345.31,0.32,0.55,2026-08-26,2235,N20,nominal,2.0NRT,298.29,2.03,N
18.32273,55.10293,307.52,0.32,0.55,2026-08-26,2235,N20,nominal,2.0NRT,296.09,2.03,N
18.0198,54.57121,351.65,0.6,0.53,2026-08-26,2235,N20,nominal,2.0NRT,297.54,10.4,N
18.01386,54.57572,338.26,0.61,0.53,2026-08-26,2235,N20,nominal,2.0NRT,299.99,13.13,N
18.01499,54.57011,315.46,0.6,0.53,2026-08-26,2235,N20,nominal,2.0NRT,296.88,10.4,N
19.35905,97.98763,328.39,0.41,0.45,2026-08-27,0622,N20,nominal,2.0NRT,291.04,3.68,D
24.00065,90.30868,333.25,0.5,0.66,2026-08-27,0625,N20,nominal,2.0NRT,286.68,4.91,D
26.38243,101.97488,330.42,0.38,0.36,2026-08-27,0625,N20,low,2.0NRT,305.05,3.51,D
26.56158,101.67825,334.4,0.38,0.36,2026-08-27,0625,N20,low,2.0NRT,309.16,7.55,D
26.56428,101.67381,336.01,0.38,0.36,2026-08-27,0625,N20,low,2.0NRT,309.7,4.18,D
26.56756,101.67319,337.18,0.38,0.36,2026-08-27,0625,N20,nominal,2.0NRT,306.46,4.18,D
26.62058,101.59635,334.2,0.38,0.36,2026-08-27,0625,N20,nominal,2.0NRT,303.58,5.19,D
28.49947,97.02498,328.87,0.49,0.4,2026-08-27,0625,N20,nominal,2.0NRT,293.15,4.28,D
28.51055,97.02303,332.8,0.49,0.4,2026-08-27,0625,N20,nominal,2.0NRT,293.99,5.7,D
6.63081,100.51948,339.76,0.45,0.47,2026-08-27,0620,N20,nominal,2.0NRT,296.22,11.89,D
8.07246,100.08889,367,0.46,0.47,2026-08-27,0620,N20,high,2.0NRT,297.62,13.26,D
8.07747,100.09227,340.34,0.46,0.47,2026-08-27,0620,N20,nominal,2.0NRT,297.15,8.57,D
8.07676,100.08817,332.97,0.46,0.47,2026-08-27,0620,N20,nominal,2.0NRT,296.78,7.97,D
9.48576,99.02519,341.56,0.51,0.5,2026-08-27,0622,N20,nominal,2.0NRT,289.55,8.75,D
14.27466,100.54334,331.69,0.52,0.41,2026-08-27,0622,N20,nominal,2.0NRT,290.27,4.72,D
14.28489,100.51203,332.39,0.52,0.42,2026-08-27,0622,N20,nominal,2.0NRT,287.74,4.61,D
14.32462,100.15456,330.54,0.55,0.42,2026-08-27,0622,N20,nominal,2.0NRT,295.38,18.46,D
14.43693,100.28934,333.42,0.53,0.42,2026-08-27,0622,N20,nominal,2.0NRT,291.17,7.01,D
14.43822,100.22837,342.11,0.54,0.42,2026-08-27,0622,N20,nominal,2.0NRT,294.97,6.42,D
14.46453,100.28935,336.8,0.53,0.42,2026-08-27,0622,N20,nominal,2.0NRT,293.37,5.67,D
14.49593,100.28867,333.13,0.53,0.42,2026-08-27,0622,N20,nominal,2.0NRT,291.21,4.58,D
14.49811,100.28592,335.7,0.53,0.42,2026-08-27,0622,N20,nominal,2.0NRT,290.94,7.84,D
14.51425,100.28803,331.8,0.53,0.42,2026-08-27,0622,N20,nominal,2.0NRT,289.65,5.42,D
14.50605,100.05983,333.03,0.55,0.43,2026-08-27,0622,N20,nominal,2.0NRT,295.17,4.41,D
14.66177,100.19279,336.02,0.54,0.42,2026-08-27,0622,N20,nominal,2.0NRT,293.71,3.37,D
14.86263,100.5252,337.72,0.51,0.41,2026-08-27,0622,N20,nominal,2.0NRT,291.23,13.97,D
15.0196,100.08597,336.33,0.54,0.42,2026-08-27,0622,N20,nominal,2.0NRT,286.19,3.63,D
15.05597,100.22546,335.93,0.53,0.42,2026-08-27,0622,N20,nominal,2.0NRT,292.03,4.44,D
15.11581,100.09368,335.16,0.54,0.42,2026-08-27,0622,N20,nominal,2.0NRT,281.29,4.97,D
15.11777,100.09103,338.58,0.54,0.42,2026-08-27,0622,N20,nominal,2.0NRT,281.79,5.3,D
15.19759,100.18716,333.04,0.53,0.42,2026-08-27,0622,N20,nominal,2.0NRT,288.82,3.65,D
15.25132,100.15725,332.79,0.53,0.42,2026-08-27,0622,N20,nominal,2.0NRT,288.71,1.87,D
15.23579,100.14229,330.28,0.53,0.42,2026-08-27,0622,N20,nominal,2.0NRT,290.09,2.89,D
15.25359,100.15408,338.73,0.53,0.42,2026-08-27,0622,N20,nominal,2.0NRT,288.77,5.54,D
15.26409,100.10188,335.09,0.53,0.42,2026-08-27,0622,N20,nominal,2.0NRT,289.07,9.25,D
16.04121,100.36806,345.47,0.5,0.41,2026-08-27,0622,N20,nominal,2.0NRT,291.98,13,D
16.03954,100.37054,332.8,0.5,0.41,2026-08-27,0622,N20,low,2.0NRT,290.15,8.18,D
16.04244,100.36522,332.24,0.5,0.41,2026-08-27,0622,N20,low,2.0NRT,290.68,7.21,D
16.19253,100.02286,332.6,0.52,0.42,2026-08-27,0622,N20,nominal,2.0NRT,290.92,3.69,D
16.20638,99.90292,332.7,0.53,0.42,2026-08-27,0622,N20,nominal,2.0NRT,287.54,2.94,D
16.40704,100.07149,340.45,0.51,0.41,2026-08-27,0622,N20,nominal,2.0NRT,292.16,5,D
16.55736,100.19275,329.7,0.5,0.41,2026-08-27,0622,N20,nominal,2.0NRT,286.73,4.18,D
17.11569,100.06911,335.19,0.5,0.41,2026-08-27,0625,N20,low,2.0NRT,292.26,10.94,D
17.20669,100.01046,331.33,0.51,0.41,2026-08-27,0625,N20,low,2.0NRT,291.78,10.92,D
7.69086,81.6126,330.97,0.39,0.36,2026-08-27,0803,N20,nominal,2.0NRT,294.26,2.22,D
7.58183,80.84846,335.67,0.38,0.36,2026-08-27,0803,N20,nominal,2.0NRT,297.44,4.66,D
7.79438,81.55692,340.14,0.39,0.36,2026-08-27,0803,N20,nominal,2.0NRT,302.9,7.89,D
7.77998,81.41646,336.76,0.39,0.36,2026-08-27,0803,N20,nominal,2.0NRT,301.29,2.58,D
7.77945,81.41298,336.78,0.39,0.36,2026-08-27,0803,N20,nominal,2.0NRT,303.68,2.58,D
7.78276,81.41248,346.07,0.39,0.36,2026-08-27,0803,N20,nominal,2.0NRT,302.62,10.06,D
7.7792,80.71798,331.68,0.38,0.36,2026-08-27,0803,N20,nominal,2.0NRT,295.7,4.18,D
7.89037,81.42777,338.27,0.39,0.36,2026-08-27,0803,N20,nominal,2.0NRT,304.56,3.48,D
7.90572,81.4397,347.99,0.39,0.36,2026-08-27,0803,N20,nominal,2.0NRT,305.63,9.96,D
7.92814,81.38641,339.35,0.39,0.36,2026-08-27,0803,N20,nominal,2.0NRT,303.75,3.44,D
7.93423,81.38191,335.39,0.39,0.36,2026-08-27,0803,N20,nominal,2.0NRT,304.3,3.47,D
7.99497,81.44678,336.87,0.39,0.36,2026-08-27,0803,N20,nominal,2.0NRT,303.65,2.31,D
8.07855,81.34753,347.57,0.39,0.36,2026-08-27,0803,N20,nominal,2.0NRT,304.24,5.76,D
8.1266,81.32954,332.51,0.39,0.36,2026-08-27,0803,N20,low,2.0NRT,303.55,2.35,D
7.99843,80.3773,333.38,0.39,0.36,2026-08-27,0803,N20,nominal,2.0NRT,290.04,2.58,D
8.00174,80.37679,330.92,0.39,0.36,2026-08-27,0803,N20,nominal,2.0NRT,287.19,2.58,D
8.15307,81.32552,336.44,0.39,0.36,2026-08-27,0803,N20,nominal,2.0NRT,301.16,5.7,D
8.16075,81.33147,332.99,0.39,0.36,2026-08-27,0803,N20,nominal,2.0NRT,301.94,2.18,D
8.15969,81.32451,338.73,0.39,0.36,2026-08-27,0803,N20,nominal,2.0NRT,301.58,5.72,D
8.18756,81.21635,338.58,0.39,0.36,2026-08-27,0803,N20,nominal,2.0NRT,302.12,3.74,D
8.37496,80.5052,334.35,0.38,0.36,2026-08-27,0803,N20,nominal,2.0NRT,299.22,3.16,D
8.89727,80.48201,340.98,0.38,0.36,2026-08-27,0803,N20,nominal,2.0NRT,301.5,9.27,D
8.95087,77.90591,336.68,0.44,0.38,2026-08-27,0803,N20,low,2.0NRT,302.71,2.82,D
9.45227,80.48818,340.55,0.38,0.36,2026-08-27,0803,N20,nominal,2.0NRT,301.48,3.08,D
9.46229,80.46529,332.31,0.38,0.36,2026-08-27,0803,N20,low,2.0NRT,302.43,0.91,D
9.12931,77.84509,337.52,0.44,0.39,2026-08-27,0803,N20,low,2.0NRT,305.71,5.56,D
9.23964,77.81049,339.38,0.44,0.39,2026-08-27,0803,N20,low,2.0NRT,303.83,8.89,D
9.27336,77.94791,337.78,0.44,0.38,2026-08-27,0803,N20,low,2.0NRT,304.71,10.83,D
9.9415,78.59012,334.4,0.41,0.37,2026-08-27,0803,N20,nominal,2.0NRT,301.16,2.2,D
9.82798,77.77052,338.56,0.44,0.38,2026-08-27,0803,N20,low,2.0NRT,302.91,6.26,D
11.03126,77.58949,337.59,0.43,0.38,2026-08-27,0803,N20,nominal,2.0NRT,302.98,4.28,D
11.03474,77.58891,337.28,0.43,0.38,2026-08-27,0803,N20,nominal,2.0NRT,302.23,4.86,D
11.70355,78.596,334.69,0.4,0.37,2026-08-27,0805,N20,low,2.0NRT,301.31,6.34,D
12.05728,79.84831,333.91,0.38,0.36,2026-08-27,0805,N20,nominal,2.0NRT,298.98,2.33,D
12.1972,79.71706,332.4,0.38,0.36,2026-08-27,0805,N20,nominal,2.0NRT,296.25,2.8,D
12.09427,77.76483,335.49,0.42,0.38,2026-08-27,0805,N20,low,2.0NRT,302.06,9.48,D
12.29649,78.82146,334.91,0.39,0.36,2026-08-27,0805,N20,nominal,2.0NRT,300.14,3.56,D
15.81279,79.73833,335.02,0.39,0.36,2026-08-27,0805,N20,nominal,2.0NRT,289.59,3.1,D
17.36462,75.19918,335.39,0.47,0.4,2026-08-27,0805,N20,low,2.0NRT,305.04,8.72,D
20.79426,85.25369,341.39,0.53,0.5,2026-08-27,0807,N20,nominal,2.0NRT,289.95,9.18,D
20.79344,85.25465,352.45,0.53,0.5,2026-08-27,0807,N20,nominal,2.0NRT,289.7,11.97,D
20.96367,85.19029,330.49,0.53,0.5,2026-08-27,0807,N20,nominal,2.0NRT,291.14,6.6,D
20.96309,85.18516,332.56,0.53,0.5,2026-08-27,0807,N20,nominal,2.0NRT,291.41,9.71,D
22.7993,86.09131,332.6,0.32,0.54,2026-08-27,0805,N20,nominal,2.0NRT,290.28,2.85,D
26.6315,70.38902,341.86,0.41,0.45,2026-08-27,0807,N20,nominal,2.0NRT,300.88,6.8,D
27.72701,68.73575,339.62,0.49,0.48,2026-08-27,0807,N20,nominal,2.0NRT,304.63,5,D
27.73136,68.7346,343.99,0.49,0.48,2026-08-27,0807,N20,nominal,2.0NRT,302.44,5,D
28.05137,69.36835,332.37,0.44,0.46,2026-08-27,0807,N20,low,2.0NRT,305.93,4.2,D
31.07058,74.00562,334.77,0.39,0.36,2026-08-27,0807,N20,nominal,2.0NRT,303.73,7.28,D
31.58428,75.88541,336.5,0.39,0.36,2026-08-27,0807,N20,nominal,2.0NRT,299.75,7.07,D
35.52793,68.23533,335.11,0.55,0.43,2026-08-27,0809,N20,low,2.0NRT,308.17,1.68,D
34.40522,62.15175,343.28,0.41,0.61,2026-08-27,0809,N20,nominal,2.0NRT,315.05,3.91,D
39.18051,83.71693,342.26,0.34,0.56,2026-08-27,0809,N20,low,2.0NRT,313.18,0.76,D
39.42707,76.07413,333.86,0.44,0.39,2026-08-27,0809,N20,low,2.0NRT,308.23,2.43,D
37.03021,62.41973,354.12,0.34,0.56,2026-08-27,0809,N20,nominal,2.0NRT,318.57,13.08,D
37.05717,60.93596,344.67,0.41,0.6,2026-08-27,0809,N20,nominal,2.0NRT,312.51,5.69,D
37.09534,60.66145,348.51,0.42,0.61,2026-08-27,0809,N20,nominal,2.0NRT,315.37,13.64,D
37.10209,60.59823,341.95,0.42,0.61,2026-08-27,0809,N20,nominal,2.0NRT,313.58,2.11,D
37.44687,59.87453,367,0.45,0.63,2026-08-27,0809,N20,high,2.0NRT,312.69,12.2,D
37.43365,59.71598,367,0.46,0.64,2026-08-27,0809,N20,high,2.0NRT,322.32,23.17,D
37.43228,59.71105,352.36,0.46,0.64,2026-08-27,0809,N20,nominal,2.0NRT,313.48,23.17,D
38.26178,61.34846,367,0.36,0.57,2026-08-27,0811,N20,high,2.0NRT,320.69,22,D
38.26076,61.34453,367,0.36,0.57,2026-08-27,0811,N20,low,2.0NRT,330.06,22,D
38.26172,61.34686,367,0.36,0.57,2026-08-27,0811,N20,high,2.0NRT,326.69,58.91,D
38.26572,61.34082,354.07,0.36,0.57,2026-08-27,0811,N20,nominal,2.0NRT,322.84,17.03,D
39.79936,64.96303,351.79,0.43,0.46,2026-08-27,0811,N20,nominal,2.0NRT,320.14,14.64,D
38.69073,57.00125,336.14,0.59,0.7,2026-08-27,0811,N20,nominal,2.0NRT,304.03,3.99,D
38.96357,56.40823,351.84,0.62,0.71,2026-08-27,0811,N20,nominal,2.0NRT,303.32,7.42,D
38.96344,56.40551,352.81,0.62,0.71,2026-08-27,0811,N20,nominal,2.0NRT,302.71,4.4,D
24.50421,56.61052,342.74,0.56,0.43,2026-08-27,0947,N20,low,2.0NRT,314.09,21.44,D
24.50341,56.60886,349.07,0.56,0.43,2026-08-27,0947,N20,nominal,2.0NRT,314.88,28.05,D
24.51068,54.01973,335.52,0.43,0.38,2026-08-27,0947,N20,nominal,2.0NRT,305.9,2.77,D
27.16013,56.09834,339.59,0.57,0.43,2026-08-27,0947,N20,low,2.0NRT,313.14,20.1,D
27.16744,56.05674,347.09,0.56,0.43,2026-08-27,0947,N20,nominal,2.0NRT,314.73,23.04,D
27.23891,56.18624,346.38,0.57,0.43,2026-08-27,0947,N20,nominal,2.0NRT,315.48,18.34,D
29.98659,55.85558,355.64,0.4,0.44,2026-08-27,0949,N20,nominal,2.0NRT,318.63,11.62,D
37.18941,59.84451,347.25,0.4,0.6,2026-08-27,0952,N20,nominal,2.0NRT,316.16,3.99,D
36.97791,54.45495,339.34,0.4,0.44,2026-08-27,0952,N20,nominal,2.0NRT,299.36,3.35,D
37.4628,60.40835,367,0.43,0.62,2026-08-27,0952,N20,high,2.0NRT,313.63,12.69,D
37.43152,59.71484,355.81,0.39,0.6,2026-08-27,0952,N20,nominal,2.0NRT,323.47,30.26,D
37.20479,55.08329,345.8,0.44,0.46,2026-08-27,0952,N20,nominal,2.0NRT,301.49,2.98,D
37.911,59.08887,344.93,0.37,0.58,2026-08-27,0952,N20,low,2.0NRT,317.17,4.93,D
38.26227,61.34643,367,0.49,0.65,2026-08-27,0952,N20,high,2.0NRT,320.34,13.04,D
38.26273,61.35784,348.15,0.49,0.65,2026-08-27,0952,N20,nominal,2.0NRT,317.33,8.62,D
38.2625,61.35214,346.91,0.49,0.65,2026-08-27,0952,N20,nominal,2.0NRT,318.02,8.62,D
38.26204,61.34073,356.12,0.49,0.65,2026-08-27,0952,N20,nominal,2.0NRT,322.58,13.04,D
38.2577,61.34546,346.2,0.49,0.65,2026-08-27,0952,N20,nominal,2.0NRT,320.43,14.03,D
38.26376,61.34513,367,0.49,0.65,2026-08-27,0952,N20,high,2.0NRT,319.43,14.03,D
38.26416,61.35657,356.19,0.49,0.65,2026-08-27,0952,N20,nominal,2.0NRT,318.02,12.89,D
38.26356,61.33944,355.6,0.49,0.65,2026-08-27,0952,N20,nominal,2.0NRT,320.42,15.96,D
38.64827,54.28271,349.68,0.41,0.45,2026-08-27,0952,N20,nominal,2.0NRT,313.38,3.71,D
38.68076,54.31637,348.57,0.41,0.45,2026-08-27,0952,N20,nominal,2.0NRT,314.58,3.71,D
38.96431,56.39914,367,0.54,0.5,2026-08-27,0952,N20,high,2.0NRT,312.8,9.52,D
18.02029,54.5745,340.84,0.4,0.37,2026-08-27,0945,N20,low,2.0NRT,315.49,11.66,D
18.32024,55.10525,347.07,0.41,0.37,2026-08-27,0945,N20,low,2.0NRT,321.67,3.66,D
19.26679,56.17623,344.68,0.47,0.39,2026-08-27,0945,N20,low,2.0NRT,318.3,0.55,D
20.22339,55.74119,345.7,0.45,0.39,2026-08-27,0945,N20,low,2.0NRT,318.6,0.99,D
20.37574,55.93465,349.22,0.47,0.39,2026-08-27,0945,N20,nominal,2.0NRT,318.15,2.73,D
20.38452,55.64766,346.43,0.45,0.39,2026-08-27,0945,N20,low,2.0NRT,319.68,1.4,D
21.00145,56.531,347.46,0.51,0.41,2026-08-27,0945,N20,low,2.0NRT,320.72,6.71,D
21.30133,57.80089,344.48,0.4,0.44,2026-08-27,0945,N20,low,2.0NRT,317.29,0.72,D
21.31091,57.745,349.42,0.4,0.44,2026-08-27,0945,N20,low,2.0NRT,320.66,3.89,D
21.31156,57.74754,347.43,0.4,0.44,2026-08-27,0945,N20,low,2.0NRT,319.95,1.95,D
21.31111,57.7437,345.72,0.4,0.44,2026-08-27,0945,N20,low,2.0NRT,320.29,1.95,D
21.31696,57.72354,343.82,0.4,0.44,2026-08-27,0945,N20,low,2.0NRT,318.61,1.97,D
21.33361,57.72511,346.94,0.4,0.44,2026-08-27,0945,N20,low,2.0NRT,320.87,1.73,D
21.40903,55.74334,348.01,0.47,0.4,2026-08-27,0945,N20,low,2.0NRT,319.27,3.34,D
21.93678,57.07541,345.08,0.55,0.43,2026-08-27,0947,N20,low,2.0NRT,319.97,3.88,D
22.32583,56.49162,346.26,0.52,0.42,2026-08-27,0947,N20,low,2.0NRT,321.18,3.04,D
22.40481,56.98887,344.11,0.56,0.43,2026-08-27,0947,N20,low,2.0NRT,319.1,2.1,D
22.3453,56.43528,347.64,0.52,0.41,2026-08-27,0947,N20,low,2.0NRT,321.9,8.22,D
22.44092,56.70209,348.04,0.54,0.42,2026-08-27,0947,N20,low,2.0NRT,321.37,20.98,D
22.87795,55.92826,352.31,0.49,0.41,2026-08-27,0947,N20,nominal,2.0NRT,320.18,8.26,D
23.18941,55.45736,350.46,0.47,0.4,2026-08-27,0947,N20,low,2.0NRT,323.93,4.7,D
12.70711,101.14141,300.49,0.39,0.36,2026-08-27,1856,N20,nominal,2.0NRT,274.28,0.52,N
39.80992,98.29697,303.54,0.57,0.52,2026-08-27,1847,N20,nominal,2.0NRT,283.69,1.55,N
39.80958,98.29634,301.63,0.57,0.52,2026-08-27,1847,N20,nominal,2.0NRT,283.77,1.41,N
7.86289,100.08949,308.71,0.39,0.36,2026-08-27,1858,N20,nominal,2.0NRT,291.15,0.66,N
26.60693,101.60481,308.77,0.42,0.38,2026-08-27,1851,N20,nominal,2.0NRT,291.72,1.47,N
26.57759,101.66364,340.66,0.42,0.38,2026-08-27,1851,N20,nominal,2.0NRT,291.99,7.49,N
26.57639,101.67229,307.51,0.42,0.38,2026-08-27,1851,N20,nominal,2.0NRT,290.59,2.65,N
26.56956,101.67086,316.51,0.42,0.38,2026-08-27,1851,N20,nominal,2.0NRT,291.56,2.72,N
26.56555,101.67442,313.83,0.42,0.38,2026-08-27,1851,N20,nominal,2.0NRT,293.08,1.6,N
26.56496,101.67866,310.94,0.42,0.38,2026-08-27,1851,N20,nominal,2.0NRT,292.03,1.6,N
26.56155,101.67796,303.93,0.42,0.38,2026-08-27,1851,N20,nominal,2.0NRT,288.84,1.6,N
25.53228,100.57476,299.76,0.45,0.39,2026-08-27,1851,N20,nominal,2.0NRT,288.4,0.76,N
25.06669,101.56809,305.73,0.41,0.37,2026-08-27,1851,N20,nominal,2.0NRT,287.08,1.16,N
17.37144,77.44598,308.66,0.39,0.36,2026-08-27,2036,N20,nominal,2.0NRT,292.75,0.9,N
17.14186,77.1844,313.21,0.39,0.36,2026-08-27,2036,N20,nominal,2.0NRT,292.77,1.4,N
38.39864,69.11177,304.11,0.44,0.62,2026-08-27,2029,N20,nominal,2.0NRT,292.5,0.75,N
17.13972,77.17654,308.27,0.39,0.36,2026-08-27,2036,N20,nominal,2.0NRT,292.26,1.22,N
37.30505,77.71818,299.09,0.46,0.39,2026-08-27,2029,N20,nominal,2.0NRT,282.87,0.92,N
17.06305,76.97786,312.97,0.39,0.36,2026-08-27,2036,N20,nominal,2.0NRT,291.9,1.5,N
15.84508,79.77524,311.52,0.49,0.41,2026-08-27,2036,N20,nominal,2.0NRT,291.09,1.2,N
38.10766,65.47974,300.49,0.69,0.75,2026-08-27,2029,N20,nominal,2.0NRT,288.84,1.06,N
15.84314,79.77197,313.9,0.49,0.41,2026-08-27,2036,N20,nominal,2.0NRT,290.13,1.41,N
38.05554,67.26022,350.53,0.56,0.68,2026-08-27,2029,N20,nominal,2.0NRT,291.25,6.95,N
16.65075,74.31296,303.68,0.41,0.37,2026-08-27,2036,N20,nominal,2.0NRT,289.91,1.22,N
38.04921,67.25947,342.5,0.56,0.68,2026-08-27,2029,N20,nominal,2.0NRT,290.91,6.25,N
15.99172,78.39793,311.61,0.43,0.38,2026-08-27,2036,N20,nominal,2.0NRT,291.91,2.61,N
35.9672,68.68427,307.11,0.45,0.63,2026-08-27,2032,N20,nominal,2.0NRT,293.41,1.08,N
15.93414,78.26305,311.11,0.42,0.38,2026-08-27,2036,N20,nominal,2.0NRT,292.98,2.6,N
35.78201,71.34005,304,0.63,0.54,2026-08-27,2032,N20,nominal,2.0NRT,283.61,1.65,N
15.33814,76.27811,331.25,0.39,0.36,2026-08-27,2036,N20,nominal,2.0NRT,291.87,3.12,N
33.29906,71.18397,306.52,0.6,0.53,2026-08-27,2032,N20,nominal,2.0NRT,295.3,0.86,N
15.3337,76.28465,314.4,0.39,0.36,2026-08-27,2036,N20,nominal,2.0NRT,291.46,0.98,N
32.89027,71.61696,310.28,0.56,0.52,2026-08-27,2032,N20,nominal,2.0NRT,298.13,4.33,N
15.18383,76.66673,310.39,0.39,0.36,2026-08-27,2036,N20,nominal,2.0NRT,272.53,2.11,N
15.17896,76.65481,304.88,0.39,0.36,2026-08-27,2036,N20,nominal,2.0NRT,280.47,1.3,N
15.17837,76.6584,305.75,0.39,0.36,2026-08-27,2036,N20,nominal,2.0NRT,281.15,1.42,N
32.57524,72.56094,309.93,0.49,0.49,2026-08-27,2032,N20,nominal,2.0NRT,296.78,3.78,N
15.17311,76.69072,304.56,0.39,0.36,2026-08-27,2036,N20,nominal,2.0NRT,262.63,1.07,N
32.57745,72.56151,309.4,0.49,0.49,2026-08-27,2032,N20,nominal,2.0NRT,296.91,3.46,N
15.17565,76.65424,313.9,0.39,0.36,2026-08-27,2036,N20,nominal,2.0NRT,276.75,1.3,N
32.10194,74.17519,310.2,0.4,0.44,2026-08-27,2032,N20,nominal,2.0NRT,296.27,1.04,N
15.17506,76.65783,308.19,0.39,0.36,2026-08-27,2036,N20,nominal,2.0NRT,279.7,1.42,N
29.91374,74.95001,317.18,0.51,0.41,2026-08-27,2032,N20,nominal,2.0NRT,296.17,15.45,N
15.16954,76.67191,312.8,0.39,0.36,2026-08-27,2036,N20,nominal,2.0NRT,288.34,2.47,N
29.90996,74.94939,349.11,0.51,0.41,2026-08-27,2032,N20,nominal,2.0NRT,300.01,15.45,N
15.16878,76.38122,305.46,0.39,0.36,2026-08-27,2036,N20,nominal,2.0NRT,285.14,1.21,N
29.91061,74.94411,315.32,0.51,0.41,2026-08-27,2032,N20,nominal,2.0NRT,294.79,15.45,N
13.82722,79.25863,311.67,0.49,0.41,2026-08-27,2036,N20,nominal,2.0NRT,291.84,1.24,N
29.90931,74.95467,310.35,0.51,0.41,2026-08-27,2032,N20,nominal,2.0NRT,296.01,2.55,N
13.39423,80.09978,310.06,0.56,0.43,2026-08-27,2036,N20,nominal,2.0NRT,294.26,1.02,N
29.90619,74.94877,309.91,0.51,0.41,2026-08-27,2032,N20,nominal,2.0NRT,294.78,1.73,N
13.39338,80.10246,309.41,0.56,0.43,2026-08-27,2036,N20,nominal,2.0NRT,294.36,1.67,N
29.45695,76.86645,325,0.42,0.38,2026-08-27,2032,N20,nominal,2.0NRT,294.44,2.18,N
12.91795,77.42487,300.73,0.42,0.38,2026-08-27,2038,N20,nominal,2.0NRT,290.06,0.66,N
25.01756,92.04456,296.28,0.63,0.72,2026-08-27,2032,N20,nominal,2.0NRT,283.92,4.29,N
12.64644,77.78779,297.84,0.44,0.38,2026-08-27,2038,N20,nominal,2.0NRT,285.68,0.22,N
28.42546,69.69883,313.97,0.33,0.55,2026-08-27,2034,N20,nominal,2.0NRT,295.97,0.83,N
12.24076,78.06161,315.57,0.45,0.39,2026-08-27,2038,N20,nominal,2.0NRT,293.7,1.02,N
23.55796,87.23771,309.96,0.34,0.56,2026-08-27,2034,N20,nominal,2.0NRT,268.63,1.5,N
11.81844,77.91795,306.9,0.45,0.39,2026-08-27,2038,N20,nominal,2.0NRT,280.05,0.67,N
23.56014,87.23705,302.58,0.34,0.56,2026-08-27,2034,N20,nominal,2.0NRT,268.41,0.64,N
11.81491,77.91734,307.82,0.45,0.39,2026-08-27,2038,N20,nominal,2.0NRT,281.99,1.2,N
23.55943,87.2403,303.16,0.34,0.56,2026-08-27,2034,N20,nominal,2.0NRT,268.87,0.64,N
11.81067,77.92082,315.05,0.45,0.39,2026-08-27,2038,N20,nominal,2.0NRT,281.52,0.98,N
23.56168,87.08423,296.94,0.33,0.56,2026-08-27,2034,N20,nominal,2.0NRT,264.64,0.31,N
11.80997,77.92491,298.4,0.45,0.39,2026-08-27,2038,N20,nominal,2.0NRT,278.41,0.98,N
25.94402,72.18896,306.37,0.43,0.46,2026-08-27,2034,N20,nominal,2.0NRT,291.48,1.26,N
26.095,68.87718,306.59,0.35,0.56,2026-08-27,2034,N20,nominal,2.0NRT,294.98,0.57,N
11.26873,80.00504,316.33,0.39,0.44,2026-08-27,2038,N20,nominal,2.0NRT,290.58,1.49,N
22.37985,87.27941,320.47,0.36,0.58,2026-08-27,2034,N20,nominal,2.0NRT,279.73,1.3,N
11.1818,79.10095,308.51,0.52,0.42,2026-08-27,2038,N20,nominal,2.0NRT,292.24,2.46,N
22.38062,87.27596,304,0.36,0.58,2026-08-27,2034,N20,nominal,2.0NRT,279.93,1.3,N
11.1106,77.76625,305.12,0.45,0.39,2026-08-27,2038,N20,nominal,2.0NRT,293.15,0.44,N
22.37007,87.29873,302.4,0.36,0.58,2026-08-27,2034,N20,nominal,2.0NRT,277.69,1.6,N
10.61681,77.42193,304.47,0.44,0.38,2026-08-27,2038,N20,nominal,2.0NRT,293.73,0.58,N
22.36412,87.30086,309.14,0.36,0.58,2026-08-27,2034,N20,nominal,2.0NRT,277.95,1.91,N
10.59377,77.43021,304.6,0.44,0.38,2026-08-27,2038,N20,nominal,2.0NRT,293.55,0.34,N
23.11632,70.08329,303.57,0.54,0.5,2026-08-27,2034,N20,nominal,2.0NRT,288.7,1.73,N
21.11086,72.63392,297.67,0.53,0.42,2026-08-27,2034,N20,nominal,2.0NRT,269.91,0.95,N
9.00222,80.67443,299.44,0.47,0.48,2026-08-27,2038,N20,nominal,2.0NRT,283.45,0.24,N
17.95691,80.79494,321.04,0.52,0.42,2026-08-27,2036,N20,nominal,2.0NRT,291.35,3.85,N
9.49392,77.62406,314.42,0.46,0.39,2026-08-27,2038,N20,nominal,2.0NRT,287.72,1.32,N
17.9587,80.7852,305.22,0.52,0.42,2026-08-27,2036,N20,nominal,2.0NRT,290.86,1.44,N
17.95781,80.79008,305.78,0.52,0.42,2026-08-27,2036,N20,nominal,2.0NRT,290.77,1.44,N
8.40881,80.75497,310.77,0.49,0.49,2026-08-27,2038,N20,nominal,2.0NRT,289.8,1.51,N
17.95779,80.79296,325.37,0.52,0.42,2026-08-27,2036,N20,nominal,2.0NRT,291.51,2.27,N
8.30496,77.64027,311.47,0.48,0.4,2026-08-27,2038,N20,nominal,2.0NRT,293.23,2.34,N
17.95866,80.7881,307.84,0.52,0.42,2026-08-27,2036,N20,nominal,2.0NRT,291.04,2.27,N
17.46451,80.65163,306.31,0.52,0.42,2026-08-27,2036,N20,nominal,2.0NRT,291.11,1.53,N
39.86256,98.25156,300.75,0.56,0.69,2026-08-27,2027,N20,nominal,2.0NRT,283.52,0.9,N
39.8433,98.26965,297.37,0.56,0.69,2026-08-27,2027,N20,nominal,2.0NRT,283.73,1.38,N
39.84138,98.27588,297.76,0.56,0.69,2026-08-27,2027,N20,nominal,2.0NRT,284.24,1.61,N
39.80829,98.33836,295.13,0.57,0.69,2026-08-27,2027,N20,nominal,2.0NRT,283.47,0.53,N
39.8161,98.2911,299.43,0.57,0.69,2026-08-27,2027,N20,nominal,2.0NRT,287.47,2.52,N
39.8107,98.29364,297.77,0.57,0.69,2026-08-27,2027,N20,nominal,2.0NRT,286.46,0.95,N
39.80878,98.29996,296.99,0.57,0.69,2026-08-27,2027,N20,nominal,2.0NRT,285.88,0.95,N
39.85269,66.20135,300.96,0.52,0.5,2026-08-27,2210,N20,nominal,2.0NRT,290.92,1.45,N
39.8455,63.16962,313.98,0.55,0.43,2026-08-27,2210,N20,nominal,2.0NRT,292.32,1.58,N
38.39644,69.11235,306.69,0.4,0.6,2026-08-27,2210,N20,nominal,2.0NRT,292.12,0.88,N
38.32428,68.98611,304.84,0.39,0.59,2026-08-27,2210,N20,nominal,2.0NRT,293.87,0.94,N
39.18337,65.31124,305.96,0.48,0.48,2026-08-27,2210,N20,nominal,2.0NRT,291.95,1.41,N
39.07681,65.37015,306.32,0.49,0.48,2026-08-27,2210,N20,nominal,2.0NRT,291.67,0.8,N
39.43431,62.99455,306.8,0.55,0.43,2026-08-27,2210,N20,nominal,2.0NRT,292.09,0.67,N
38.68162,65.95362,310.09,0.53,0.5,2026-08-27,2210,N20,nominal,2.0NRT,291.88,2.89,N
39.17627,63.57606,299.95,0.4,0.44,2026-08-27,2210,N20,nominal,2.0NRT,289.19,0.32,N
39.25116,63.21467,303.32,0.57,0.43,2026-08-27,2210,N20,nominal,2.0NRT,292.41,1.05,N
39.283,63.04847,309.92,0.56,0.43,2026-08-27,2210,N20,nominal,2.0NRT,290.56,1.08,N
39.28317,63.04744,310.8,0.56,0.43,2026-08-27,2210,N20,nominal,2.0NRT,291.52,1.48,N
39.24837,63.21268,303.3,0.57,0.43,2026-08-27,2210,N20,nominal,2.0NRT,291.22,0.83,N
39.17085,63.28331,303.58,0.38,0.43,2026-08-27,2210,N20,nominal,2.0NRT,291.23,1.28,N
39.16867,63.25472,322.57,0.38,0.43,2026-08-27,2210,N20,nominal,2.0NRT,293.01,1.15,N
39.16774,63.25903,302.01,0.38,0.43,2026-08-27,2210,N20,nominal,2.0NRT,291.81,1.15,N
39.15469,63.31943,314.97,0.39,0.44,2026-08-27,2210,N20,nominal,2.0NRT,291.81,1.31,N
39.16294,63.26196,303.35,0.38,0.43,2026-08-27,2210,N20,nominal,2.0NRT,291.79,0.37,N
39.12842,63.30547,301.01,0.39,0.44,2026-08-27,2210,N20,nominal,2.0NRT,290.4,0.97,N
39.10755,63.40106,300.88,0.39,0.44,2026-08-27,2210,N20,nominal,2.0NRT,290.13,0.47,N
39.08732,63.49327,300.2,0.39,0.44,2026-08-27,2210,N20,nominal,2.0NRT,289.76,0.49,N
39.11697,63.33871,301.61,0.39,0.44,2026-08-27,2210,N20,nominal,2.0NRT,290.61,0.63,N
39.095,63.43907,300.55,0.39,0.44,2026-08-27,2210,N20,nominal,2.0NRT,289.83,0.49,N
39.08631,63.47865,302.25,0.39,0.44,2026-08-27,2210,N20,nominal,2.0NRT,288.87,0.61,N
39.97479,58.93525,304.68,0.4,0.37,2026-08-27,2210,N20,nominal,2.0NRT,293.83,0.42,N
39.01485,63.70605,302.3,0.41,0.45,2026-08-27,2210,N20,nominal,2.0NRT,290.38,0.53,N
39.06748,63.3842,303.54,0.39,0.44,2026-08-27,2210,N20,nominal,2.0NRT,290.36,0.37,N
39.05424,63.44565,308.85,0.39,0.44,2026-08-27,2210,N20,nominal,2.0NRT,290.11,1.12,N
38.95719,63.75394,303.09,0.41,0.45,2026-08-27,2210,N20,nominal,2.0NRT,290.32,0.6,N
38.97518,63.65271,300.6,0.4,0.44,2026-08-27,2210,N20,nominal,2.0NRT,289.98,0.72,N
38.98502,63.58842,307.7,0.4,0.44,2026-08-27,2210,N20,nominal,2.0NRT,290.66,0.54,N
38.96226,63.69198,307.59,0.41,0.45,2026-08-27,2210,N20,nominal,2.0NRT,289.71,0.72,N
38.45506,65.80439,304.93,0.53,0.5,2026-08-27,2210,N20,nominal,2.0NRT,291.89,1.52,N
38.91014,63.79128,303.95,0.41,0.45,2026-08-27,2210,N20,nominal,2.0NRT,288.97,0.35,N
38.97305,63.469,311.74,0.4,0.44,2026-08-27,2210,N20,nominal,2.0NRT,292.86,1.17,N
38.05236,67.26331,301.76,0.32,0.55,2026-08-27,2210,N20,nominal,2.0NRT,289.95,1.33,N
38.05143,67.26701,308.12,0.32,0.55,2026-08-27,2210,N20,nominal,2.0NRT,292.1,1.68,N
38.83612,63.81744,306.94,0.41,0.45,2026-08-27,2210,N20,nominal,2.0NRT,289.7,1.11,N
38.78426,63.91401,302.99,0.42,0.45,2026-08-27,2210,N20,nominal,2.0NRT,290.36,0.63,N
38.77269,63.81721,304.12,0.42,0.45,2026-08-27,2210,N20,nominal,2.0NRT,291.84,0.78,N
39.78361,58.49635,305.65,0.39,0.36,2026-08-27,2210,N20,nominal,2.0NRT,293.79,0.42,N
38.65359,63.98117,303.62,0.42,0.46,2026-08-27,2210,N20,nominal,2.0NRT,289.37,0.86,N
38.10904,65.48534,301.32,0.52,0.5,2026-08-27,2210,N20,nominal,2.0NRT,289,1.03,N
38.1321,64.67352,302.64,0.47,0.48,2026-08-27,2210,N20,nominal,2.0NRT,290.28,1.29,N
38.1183,64.71375,300.96,0.48,0.48,2026-08-27,2210,N20,nominal,2.0NRT,290.84,0.5,N
38.05176,64.90191,311.3,0.49,0.48,2026-08-27,2210,N20,nominal,2.0NRT,292.34,1.59,N
39.2351,56.30257,312.87,0.39,0.36,2026-08-27,2212,N20,nominal,2.0NRT,290.53,0.47,N
39.23182,56.30174,328.1,0.39,0.36,2026-08-27,2212,N20,nominal,2.0NRT,291.68,1.9,N
39.51054,54.32617,309.92,0.42,0.38,2026-08-27,2212,N20,nominal,2.0NRT,297.4,2.48,N
37.79901,62.54826,314.24,0.57,0.43,2026-08-27,2212,N20,nominal,2.0NRT,290.36,2.59,N
37.78876,62.53812,315.9,0.57,0.43,2026-08-27,2212,N20,nominal,2.0NRT,290.78,2.6,N
37.77714,62.02609,298.88,0.54,0.42,2026-08-27,2212,N20,nominal,2.0NRT,288.66,0.86,N
37.74349,62.12961,310.07,0.54,0.42,2026-08-27,2212,N20,nominal,2.0NRT,290.7,1.49,N
37.74338,62.0721,299.49,0.54,0.42,2026-08-27,2212,N20,nominal,2.0NRT,288.57,0.45,N
37.72704,62.09223,316.68,0.54,0.42,2026-08-27,2212,N20,nominal,2.0NRT,290,1.33,N
37.6725,62.23509,302.55,0.55,0.43,2026-08-27,2212,N20,nominal,2.0NRT,288.72,0.9,N
37.67071,62.2396,306.09,0.55,0.43,2026-08-27,2212,N20,nominal,2.0NRT,289.62,0.97,N
37.65801,62.24188,299.58,0.55,0.43,2026-08-27,2212,N20,nominal,2.0NRT,288.48,1.21,N
37.79482,61.49476,302.2,0.51,0.41,2026-08-27,2212,N20,nominal,2.0NRT,289.99,1.02,N
37.63765,62.20269,306.17,0.55,0.43,2026-08-27,2212,N20,nominal,2.0NRT,288.57,1.41,N
37.62751,62.21227,307.58,0.55,0.43,2026-08-27,2212,N20,nominal,2.0NRT,291.58,1.83,N
37.62876,62.16739,299.68,0.55,0.43,2026-08-27,2212,N20,nominal,2.0NRT,287.06,0.91,N
37.62494,62.12749,306.36,0.55,0.42,2026-08-27,2212,N20,nominal,2.0NRT,290.56,1.07,N
37.61861,62.13827,307.1,0.55,0.42,2026-08-27,2212,N20,nominal,2.0NRT,292.05,1.3,N
37.6545,61.90877,311.9,0.53,0.42,2026-08-27,2212,N20,nominal,2.0NRT,292.33,1.9,N
37.62839,61.95683,301.76,0.54,0.42,2026-08-27,2212,N20,nominal,2.0NRT,290.11,1.13,N
37.63026,61.95754,303.24,0.54,0.42,2026-08-27,2212,N20,nominal,2.0NRT,290.57,1.01,N
38.2559,58.38939,312.83,0.4,0.37,2026-08-27,2212,N20,nominal,2.0NRT,297.14,1.4,N
35.96931,68.68378,303.52,0.44,0.62,2026-08-27,2212,N20,nominal,2.0NRT,291.33,0.77,N
37.55868,61.93414,300.82,0.54,0.42,2026-08-27,2212,N20,nominal,2.0NRT,290.08,0.84,N
37.61086,61.60437,329.53,0.52,0.41,2026-08-27,2212,N20,nominal,2.0NRT,296.01,3.69,N
37.6132,61.59296,305.64,0.52,0.41,2026-08-27,2212,N20,nominal,2.0NRT,291.75,1.63,N
38.37907,57.43823,311.54,0.39,0.36,2026-08-27,2212,N20,nominal,2.0NRT,295.52,1.16,N
37.613,61.57471,308.59,0.52,0.41,2026-08-27,2212,N20,nominal,2.0NRT,292.74,2.04,N
37.60929,61.57352,313.38,0.52,0.41,2026-08-27,2212,N20,nominal,2.0NRT,291.6,2.03,N
37.59681,61.55742,310.03,0.51,0.41,2026-08-27,2212,N20,nominal,2.0NRT,291.61,1.46,N
37.59688,61.55581,306.13,0.52,0.41,2026-08-27,2212,N20,nominal,2.0NRT,290.82,0.75,N
37.59888,61.52622,300.37,0.51,0.41,2026-08-27,2212,N20,nominal,2.0NRT,289.96,0.66,N
37.59518,61.52503,305.76,0.51,0.41,2026-08-27,2212,N20,nominal,2.0NRT,290.71,1.97,N
37.59404,61.53071,314.9,0.51,0.41,2026-08-27,2212,N20,nominal,2.0NRT,292.48,1.97,N
37.50087,61.98981,303.25,0.54,0.42,2026-08-27,2212,N20,nominal,2.0NRT,290.45,0.88,N
37.58348,61.56362,300.86,0.52,0.41,2026-08-27,2212,N20,nominal,2.0NRT,290.52,2.11,N
37.58092,61.55673,307.28,0.52,0.41,2026-08-27,2212,N20,nominal,2.0NRT,290.35,1.18,N
37.57978,61.56244,303.51,0.52,0.41,2026-08-27,2212,N20,nominal,2.0NRT,290.86,1.18,N
37.80642,60.33001,302.95,0.46,0.39,2026-08-27,2212,N20,nominal,2.0NRT,291.68,0.83,N
37.49861,61.84406,310.92,0.53,0.42,2026-08-27,2212,N20,nominal,2.0NRT,293.83,2.19,N
37.4974,61.84995,308.63,0.53,0.42,2026-08-27,2212,N20,nominal,2.0NRT,294.17,2.15,N
38.21838,57.98893,306.96,0.39,0.36,2026-08-27,2212,N20,nominal,2.0NRT,294.6,1.72,N
38.14871,58.39431,307.73,0.4,0.37,2026-08-27,2212,N20,nominal,2.0NRT,294.69,1.25,N
38.19542,58.10324,318.03,0.39,0.37,2026-08-27,2212,N20,nominal,2.0NRT,294.24,1.65,N
38.26344,57.66034,315.4,0.39,0.36,2026-08-27,2212,N20,nominal,2.0NRT,300.18,2.77,N
38.19386,58.05172,307.83,0.39,0.36,2026-08-27,2212,N20,nominal,2.0NRT,295.56,1.24,N
38.25212,57.66642,312,0.39,0.36,2026-08-27,2212,N20,nominal,2.0NRT,299.33,1.74,N
38.67966,54.31628,322.54,0.41,0.37,2026-08-27,2212,N20,nominal,2.0NRT,296.48,1.74,N
38.05792,58.1652,310.43,0.4,0.37,2026-08-27,2212,N20,nominal,2.0NRT,296.52,1.77,N
38.64949,54.28034,329.42,0.41,0.37,2026-08-27,2212,N20,nominal,2.0NRT,296.26,2.96,N
37.5131,61.01478,307.45,0.49,0.4,2026-08-27,2212,N20,nominal,2.0NRT,291.81,0.77,N
37.6228,60.43972,307.38,0.46,0.39,2026-08-27,2212,N20,nominal,2.0NRT,292.04,0.99,N
37.50368,61.02334,304.56,0.49,0.4,2026-08-27,2212,N20,nominal,2.0NRT,291.92,0.8,N
37.63461,60.34046,317.62,0.46,0.39,2026-08-27,2212,N20,nominal,2.0NRT,292.96,2.04,N
37.94942,58.58664,304.8,0.4,0.37,2026-08-27,2212,N20,nominal,2.0NRT,293.04,0.57,N
37.94181,58.56272,317.36,0.4,0.37,2026-08-27,2212,N20,nominal,2.0NRT,295.26,1.82,N
37.34744,61.36501,309.68,0.51,0.41,2026-08-27,2212,N20,nominal,2.0NRT,291,1.5,N
37.11922,62.36412,321.26,0.57,0.43,2026-08-27,2212,N20,nominal,2.0NRT,291.53,4.05,N
37.11535,62.36283,314.67,0.57,0.43,2026-08-27,2212,N20,nominal,2.0NRT,292.15,4.05,N
37.48837,60.46012,306.73,0.47,0.39,2026-08-27,2212,N20,nominal,2.0NRT,290.79,1.17,N
37.82807,58.38609,312.64,0.4,0.37,2026-08-27,2212,N20,nominal,2.0NRT,294.69,0.9,N
37.30586,61.12022,306.5,0.5,0.41,2026-08-27,2212,N20,nominal,2.0NRT,290.18,0.99,N
37.03415,62.41943,342.52,0.39,0.44,2026-08-27,2212,N20,nominal,2.0NRT,294.56,3.12,N
37.03505,62.41523,310.59,0.38,0.44,2026-08-27,2212,N20,nominal,2.0NRT,291.86,3.12,N
37.26439,60.6945,299.43,0.48,0.4,2026-08-27,2212,N20,nominal,2.0NRT,288.08,0.38,N
37.21843,60.02364,318.97,0.45,0.39,2026-08-27,2212,N20,nominal,2.0NRT,293.1,2.01,N
37.45411,57.68964,303.79,0.39,0.36,2026-08-27,2212,N20,nominal,2.0NRT,292.05,0.45,N
37.34177,58.0478,308.61,0.4,0.37,2026-08-27,2212,N20,nominal,2.0NRT,291.69,1.61,N
36.47555,61.62568,305.53,0.54,0.42,2026-08-27,2212,N20,nominal,2.0NRT,290.96,2.06,N
36.4781,61.62504,304.05,0.54,0.42,2026-08-27,2212,N20,nominal,2.0NRT,291.11,2.86,N
36.47253,61.45525,302.26,0.53,0.42,2026-08-27,2212,N20,nominal,2.0NRT,289.23,0.56,N
36.43816,61.21775,306.26,0.52,0.42,2026-08-27,2212,N20,nominal,2.0NRT,291.98,1.39,N
36.47807,59.7461,302.6,0.45,0.39,2026-08-27,2212,N20,nominal,2.0NRT,290.22,0.93,N
36.99245,56.23178,309.88,0.38,0.36,2026-08-27,2212,N20,nominal,2.0NRT,291.43,0.89,N
36.27211,59.65151,304.12,0.45,0.39,2026-08-27,2212,N20,nominal,2.0NRT,291.91,0.54,N
36.2386,59.73052,305.34,0.46,0.39,2026-08-27,2212,N20,nominal,2.0NRT,289.19,1.49,N
36.34547,58.67889,314.63,0.42,0.38,2026-08-27,2212,N20,nominal,2.0NRT,291.76,2.06,N
33.29565,71.18529,303.8,0.7,0.75,2026-08-27,2212,N20,nominal,2.0NRT,291.61,1.31,N
36.24378,57.38179,305.27,0.39,0.36,2026-08-27,2212,N20,nominal,2.0NRT,294.77,0.75,N
36.48056,54.9034,302.53,0.39,0.36,2026-08-27,2212,N20,nominal,2.0NRT,292.41,0.76,N
36.32561,54.61671,305.27,0.39,0.36,2026-08-27,2212,N20,nominal,2.0NRT,292.88,0.46,N
36.29697,54.78887,313.74,0.39,0.36,2026-08-27,2212,N20,nominal,2.0NRT,293.9,0.9,N
36.35423,54.11868,300.88,0.4,0.37,2026-08-27,2212,N20,nominal,2.0NRT,289.94,0.63,N
35.517,59.20073,300.42,0.45,0.39,2026-08-27,2212,N20,nominal,2.0NRT,284.69,0.6,N
35.36902,59.30594,308.19,0.45,0.39,2026-08-27,2212,N20,nominal,2.0NRT,287.58,1.13,N
35.31628,59.48755,300.17,0.46,0.39,2026-08-27,2212,N20,nominal,2.0NRT,290.02,1.04,N
33.75355,59.14722,319.9,0.47,0.4,2026-08-27,2212,N20,nominal,2.0NRT,288.93,2.28,N
32.92455,60.2331,301.8,0.54,0.42,2026-08-27,2212,N20,nominal,2.0NRT,291.74,1.17,N
33.04351,56.8499,321.56,0.4,0.37,2026-08-27,2214,N20,nominal,2.0NRT,296.39,2.21,N
32.33606,54.08496,303.42,0.39,0.36,2026-08-27,2214,N20,nominal,2.0NRT,290.71,0.7,N
32.33544,54.08904,302,0.39,0.36,2026-08-27,2214,N20,nominal,2.0NRT,291.39,0.7,N
31.94114,54.04407,331.26,0.39,0.36,2026-08-27,2214,N20,nominal,2.0NRT,296.85,4.16,N
31.88217,54.42703,304.13,0.38,0.36,2026-08-27,2214,N20,nominal,2.0NRT,293.39,1.74,N
31.7049,55.44853,309.23,0.39,0.36,2026-08-27,2214,N20,nominal,2.0NRT,298.27,1.28,N
31.89441,54.23846,303.08,0.39,0.36,2026-08-27,2214,N20,nominal,2.0NRT,292.14,0.34,N
31.43276,56.49,302.72,0.41,0.37,2026-08-27,2214,N20,nominal,2.0NRT,289.34,0.42,N
31.62476,54.74248,311.34,0.38,0.36,2026-08-27,2214,N20,nominal,2.0NRT,295.68,1.36,N
31.62403,54.72577,311.51,0.38,0.36,2026-08-27,2214,N20,nominal,2.0NRT,294.09,1.16,N
30.15751,60.73352,306.39,0.43,0.46,2026-08-27,2214,N20,nominal,2.0NRT,295.71,0.71,N
30.75719,56.65695,309.81,0.41,0.37,2026-08-27,2214,N20,nominal,2.0NRT,293.01,2.07,N
30.665,56.61927,314.04,0.41,0.37,2026-08-27,2214,N20,nominal,2.0NRT,288.24,1.04,N
30.49901,56.81773,310.06,0.42,0.38,2026-08-27,2214,N20,nominal,2.0NRT,292.09,1.15,N
30.73545,55.38763,301.54,0.39,0.36,2026-08-27,2214,N20,nominal,2.0NRT,290.92,0.57,N
29.47576,60.80762,307.86,0.45,0.47,2026-08-27,2214,N20,nominal,2.0NRT,290.67,1.08,N
30.23513,56.90828,324.61,0.43,0.38,2026-08-27,2214,N20,nominal,2.0NRT,294.55,2.66,N
30.23595,56.91034,321.87,0.43,0.38,2026-08-27,2214,N20,nominal,2.0NRT,293.23,3.32,N
30.36842,56.12918,307.2,0.4,0.37,2026-08-27,2214,N20,nominal,2.0NRT,290.47,1.16,N
29.47667,60.80532,303.58,0.45,0.47,2026-08-27,2214,N20,nominal,2.0NRT,290.05,1.38,N
30.3793,55.8624,310.82,0.4,0.37,2026-08-27,2214,N20,nominal,2.0NRT,290.83,1.08,N
30.39261,55.76366,302.01,0.4,0.37,2026-08-27,2214,N20,nominal,2.0NRT,289.89,0.72,N
30.39054,55.7759,302.62,0.4,0.37,2026-08-27,2214,N20,nominal,2.0NRT,291.78,0.49,N
30.32237,55.97279,313.88,0.4,0.37,2026-08-27,2214,N20,nominal,2.0NRT,290.59,1.16,N
29.928,56.73361,315.8,0.42,0.38,2026-08-27,2214,N20,nominal,2.0NRT,292.39,1.96,N
30.0815,55.39946,328.58,0.39,0.36,2026-08-27,2214,N20,nominal,2.0NRT,292.93,3.85,N
30.07954,55.39071,304.4,0.39,0.36,2026-08-27,2214,N20,nominal,2.0NRT,291.43,0.98,N
29.98998,55.85676,324.2,0.4,0.37,2026-08-27,2214,N20,nominal,2.0NRT,289.35,3.63,N
29.9907,55.85261,317.77,0.4,0.37,2026-08-27,2214,N20,nominal,2.0NRT,286.8,3.63,N
29.98476,55.84695,295.65,0.4,0.37,2026-08-27,2214,N20,nominal,2.0NRT,285.24,0.45,N
29.98404,55.8511,296.6,0.4,0.37,2026-08-27,2214,N20,nominal,2.0NRT,286.41,1.42,N
29.98185,55.85197,300.52,0.4,0.37,2026-08-27,2214,N20,nominal,2.0NRT,288.06,1.28,N
29.9956,55.19928,305.52,0.39,0.36,2026-08-27,2214,N20,nominal,2.0NRT,291.14,0.92,N
29.81006,55.75177,301.01,0.4,0.37,2026-08-27,2214,N20,nominal,2.0NRT,288.81,0.42,N
29.15242,55.36423,304.13,0.4,0.37,2026-08-27,2214,N20,nominal,2.0NRT,291.85,0.85,N
29.15175,55.36825,305,0.4,0.37,2026-08-27,2214,N20,nominal,2.0NRT,292.25,0.81,N
29.13651,55.35657,306.79,0.4,0.37,2026-08-27,2214,N20,nominal,2.0NRT,296.56,1.92,N
29.13244,55.38067,303.08,0.4,0.37,2026-08-27,2214,N20,nominal,2.0NRT,292.68,0.84,N
27.22946,60.48885,311.99,0.47,0.48,2026-08-27,2214,N20,nominal,2.0NRT,298.94,3.23,N
27.42353,56.50153,319.47,0.44,0.38,2026-08-27,2214,N20,nominal,2.0NRT,301.06,1.6,N
27.21642,57.36535,316.12,0.48,0.4,2026-08-27,2214,N20,nominal,2.0NRT,298.86,1.72,N
27.21279,57.36454,309.74,0.48,0.4,2026-08-27,2214,N20,nominal,2.0NRT,298.07,1.72,N
27.30248,56.30383,323.03,0.44,0.38,2026-08-27,2214,N20,nominal,2.0NRT,301.48,2.15,N
27.11176,57.03294,317.94,0.47,0.4,2026-08-27,2214,N20,nominal,2.0NRT,298.76,1.48,N
27.17059,56.09872,315.16,0.43,0.38,2026-08-27,2214,N20,nominal,2.0NRT,301.93,0.97,N
27.16714,56.09796,312.99,0.43,0.38,2026-08-27,2214,N20,nominal,2.0NRT,302.22,0.97,N
27.17125,56.05447,331.88,0.43,0.38,2026-08-27,2214,N20,nominal,2.0NRT,302.37,2.74,N
27.16293,56.10148,323.25,0.43,0.38,2026-08-27,2214,N20,nominal,2.0NRT,302.56,5.07,N
27.1678,56.05371,327.46,0.43,0.38,2026-08-27,2214,N20,nominal,2.0NRT,302.53,2.74,N
27.15948,56.10072,348.4,0.43,0.38,2026-08-27,2214,N20,nominal,2.0NRT,303.94,5.07,N
27.16326,56.07936,317.69,0.43,0.38,2026-08-27,2214,N20,nominal,2.0NRT,301.99,1.67,N
27.14339,56.11054,316.33,0.43,0.38,2026-08-27,2214,N20,nominal,2.0NRT,301.7,2,N
25.97284,56.06877,324.1,0.44,0.38,2026-08-27,2214,N20,nominal,2.0NRT,304.13,1.71,N
25.96586,56.06725,316.66,0.44,0.38,2026-08-27,2214,N20,nominal,2.0NRT,304.36,1.43,N
25.57151,55.98843,314.99,0.44,0.39,2026-08-27,2214,N20,nominal,2.0NRT,303.03,1.37,N
25.55753,55.98533,316.42,0.44,0.39,2026-08-27,2214,N20,nominal,2.0NRT,302.9,1.67,N
25.15589,55.24069,314.96,0.42,0.38,2026-08-27,2216,N20,nominal,2.0NRT,304.22,1.5,N
25.06393,55.12069,316.97,0.42,0.38,2026-08-27,2216,N20,nominal,2.0NRT,304.29,0.96,N
24.50568,56.60851,332.83,0.48,0.4,2026-08-27,2216,N20,nominal,2.0NRT,303.66,6.24,N
24.47141,56.6326,313.1,0.49,0.4,2026-08-27,2216,N20,nominal,2.0NRT,301.34,1.61,N
24.46603,56.64127,316.14,0.49,0.4,2026-08-27,2216,N20,nominal,2.0NRT,301.7,1.11,N
24.45608,56.55059,315.61,0.48,0.4,2026-08-27,2216,N20,nominal,2.0NRT,302.13,1.97,N
24.60651,54.15152,328.35,0.4,0.37,2026-08-27,2216,N20,nominal,2.0NRT,305.18,0.99,N
24.50975,54.01712,330.52,0.4,0.37,2026-08-27,2216,N20,nominal,2.0NRT,305.29,1.17,N
24.33047,54.47039,314.9,0.41,0.37,2026-08-27,2216,N20,nominal,2.0NRT,304.54,1.67,N
24.3211,54.45725,319.17,0.41,0.37,2026-08-27,2216,N20,nominal,2.0NRT,305.86,1.96,N
24.0031,55.44182,315.59,0.44,0.38,2026-08-27,2216,N20,nominal,2.0NRT,303.93,2.22,N
23.36552,56.28372,312.42,0.49,0.4,2026-08-27,2216,N20,nominal,2.0NRT,299.82,5.92,N
23.66341,54.35064,311.84,0.41,0.37,2026-08-27,2216,N20,nominal,2.0NRT,298.81,0.99,N
23.19168,55.45733,326.28,0.45,0.39,2026-08-27,2216,N20,nominal,2.0NRT,304.09,3.55,N
23.313,54.17776,319.11,0.41,0.37,2026-08-27,2216,N20,nominal,2.0NRT,301.08,1.42,N
23.30963,54.17709,331.86,0.41,0.37,2026-08-27,2216,N20,nominal,2.0NRT,301.44,3.72,N
23.27804,54.26012,312.58,0.41,0.37,2026-08-27,2216,N20,nominal,2.0NRT,299.36,0.6,N
22.87723,55.92402,311.48,0.47,0.4,2026-08-27,2216,N20,nominal,2.0NRT,301.14,1.05,N
22.87593,55.61422,322.19,0.46,0.39,2026-08-27,2216,N20,nominal,2.0NRT,300.71,2.56,N
22.87238,55.61348,331.17,0.46,0.39,2026-08-27,2216,N20,nominal,2.0NRT,300.42,2.56,N
22.40501,56.9909,324.37,0.54,0.42,2026-08-27,2216,N20,nominal,2.0NRT,298.68,7.87,N
22.44328,56.70177,315.38,0.52,0.42,2026-08-27,2216,N20,nominal,2.0NRT,298.05,1.14,N
22.32688,56.48913,335.24,0.51,0.41,2026-08-27,2216,N20,nominal,2.0NRT,299.07,5.65,N
22.32592,56.47352,315.99,0.51,0.41,2026-08-27,2216,N20,nominal,2.0NRT,299.15,1.58,N
22.32592,56.49151,330.68,0.51,0.41,2026-08-27,2216,N20,nominal,2.0NRT,299,3.52,N
22.32578,56.47094,316.86,0.51,0.41,2026-08-27,2216,N20,nominal,2.0NRT,298.63,1.96,N
22.29251,56.52512,312.57,0.52,0.41,2026-08-27,2216,N20,nominal,2.0NRT,298.29,0.88,N
22.67661,54.13021,331.72,0.41,0.37,2026-08-27,2216,N20,nominal,2.0NRT,301.51,13.82,N
22.67324,54.12951,348.54,0.41,0.37,2026-08-27,2216,N20,nominal,2.0NRT,311.65,13.82,N
22.67391,54.12556,314.99,0.41,0.37,2026-08-27,2216,N20,nominal,2.0NRT,301.23,1.74,N
22.67257,54.13341,315.95,0.41,0.37,2026-08-27,2216,N20,nominal,2.0NRT,300.64,13.82,N
22.61467,54.05811,336.13,0.41,0.37,2026-08-27,2216,N20,nominal,2.0NRT,305.19,6.48,N
22.614,54.06206,339.7,0.41,0.37,2026-08-27,2216,N20,nominal,2.0NRT,306.66,9.21,N
22.61334,54.06596,313.39,0.41,0.37,2026-08-27,2216,N20,nominal,2.0NRT,301.99,9.21,N
22.61129,54.05747,347.28,0.41,0.37,2026-08-27,2216,N20,nominal,2.0NRT,310.56,6.48,N
22.61063,54.06142,345.45,0.41,0.37,2026-08-27,2216,N20,nominal,2.0NRT,320.17,9.21,N
22.61196,54.05355,313.86,0.41,0.37,2026-08-27,2216,N20,nominal,2.0NRT,300.01,6.48,N
22.60996,54.06533,313.87,0.41,0.37,2026-08-27,2216,N20,nominal,2.0NRT,303.07,9.21,N
22.60792,54.05681,322.45,0.41,0.37,2026-08-27,2216,N20,nominal,2.0NRT,302.98,3.36,N
22.60726,54.06075,318.87,0.41,0.37,2026-08-27,2216,N20,nominal,2.0NRT,303.39,3.88,N
22.60592,54.06862,317.27,0.41,0.37,2026-08-27,2216,N20,nominal,2.0NRT,305.41,3.81,N
21.93581,57.07302,330.13,0.56,0.43,2026-08-27,2216,N20,nominal,2.0NRT,296.21,10.37,N
21.83459,56.68008,312.48,0.53,0.42,2026-08-27,2216,N20,nominal,2.0NRT,296.57,5.37,N
21.31449,57.74223,313.87,0.42,0.45,2026-08-27,2216,N20,nominal,2.0NRT,292.01,3.84,N
21.30351,57.7978,306.81,0.42,0.45,2026-08-27,2216,N20,nominal,2.0NRT,290.6,1.99,N
21.46101,56.9696,305.51,0.56,0.43,2026-08-27,2216,N20,nominal,2.0NRT,292.08,1.21,N
21.46158,56.96805,305.77,0.56,0.43,2026-08-27,2216,N20,nominal,2.0NRT,290.13,1.88,N
21.31587,57.74357,309.45,0.42,0.45,2026-08-27,2216,N20,nominal,2.0NRT,291.66,3.13,N
21.30527,57.79926,302.86,0.42,0.45,2026-08-27,2216,N20,nominal,2.0NRT,289.28,1.4,N
21.31102,57.74663,308.59,0.42,0.45,2026-08-27,2216,N20,nominal,2.0NRT,286.11,1.26,N
21.39668,56.71376,307.82,0.55,0.42,2026-08-27,2216,N20,nominal,2.0NRT,292.8,2.94,N
21.39552,56.71209,308.43,0.55,0.42,2026-08-27,2216,N20,nominal,2.0NRT,294.02,3.97,N
21.33397,56.69899,341.28,0.55,0.42,2026-08-27,2216,N20,nominal,2.0NRT,303.09,20.87,N
21.40902,55.74503,316.77,0.49,0.4,2026-08-27,2216,N20,nominal,2.0NRT,301.3,2.13,N
21.00153,56.53152,332.15,0.54,0.42,2026-08-27,2216,N20,nominal,2.0NRT,299.83,7.85,N
21.00394,56.52964,329.73,0.54,0.42,2026-08-27,2216,N20,nominal,2.0NRT,298.55,4.44,N
21.00301,56.53477,314.11,0.54,0.42,2026-08-27,2216,N20,nominal,2.0NRT,298.1,4.44,N
20.37546,55.93201,315.12,0.51,0.41,2026-08-27,2216,N20,nominal,2.0NRT,298.11,1.43,N
20.37456,55.93685,313.33,0.51,0.41,2026-08-27,2216,N20,nominal,2.0NRT,297.66,1.43,N
20.39033,55.66335,316.04,0.5,0.41,2026-08-27,2216,N20,nominal,2.0NRT,298.34,1.16,N
20.38883,55.66074,329.4,0.5,0.41,2026-08-27,2216,N20,nominal,2.0NRT,299.19,4.22,N
20.38765,55.64596,323.84,0.5,0.41,2026-08-27,2216,N20,nominal,2.0NRT,298.69,1.64,N
20.21302,55.71021,324.82,0.5,0.41,2026-08-27,2216,N20,nominal,2.0NRT,298.13,1.38,N
18.32218,55.10432,336.05,0.5,0.41,2026-08-27,2216,N20,nominal,2.0NRT,298.57,6.68,N
18.02217,54.57252,331.03,0.47,0.4,2026-08-27,2216,N20,nominal,2.0NRT,298.88,8.41,N
18.01495,54.57112,330.71,0.47,0.4,2026-08-27,2216,N20,nominal,2.0NRT,298.68,7.38,N
18.01417,54.57552,326.29,0.47,0.4,2026-08-27,2216,N20,nominal,2.0NRT,299.73,7.38,N
17.97432,54.52693,341.33,0.47,0.4,2026-08-27,2216,N20,nominal,2.0NRT,296.69,4.68,N
17.97372,54.52486,329.95,0.47,0.4,2026-08-27,2216,N20,nominal,2.0NRT,296.78,4.01,N
