hotspot_id,latitude,longitude,h3_index,brightness,scan,track,acq_date,acq_time,satellite,confidence,bright_t31,frp,daynight,persistence_90d,observed_days_in_90d,landuse_tag,canopy_cover_pct,distance_to_road_km,distance_to_water_km,type,target_label,target_class
FIRMS-IND-10001,22.02488,73.45772,8842ca05e7fffff,312.66,0.4,0.96,2026-08-20,0501,Terra,99.6,279.13,2.9,D,38,79,residential,5.0,0.16,4.25,1,4,Urban/Infrastructure
FIRMS-IND-10002,21.71904,79.97973,883cb41ad7fffff,321.9,1.08,0.93,2026-08-20,0838,NOAA-20,97.4,277.93,47.64,N,3,85,forest,73.4,29.58,10.93,0,0,Wildfire
FIRMS-IND-10003,21.10111,78.06594,88609056b5fffff,388.26,0.79,0.81,2026-08-20,2128,Aqua,92.1,359.76,35.23,D,1,90,forest,69.1,21.56,8.3,0,0,Wildfire
FIRMS-IND-10004,22.48656,72.69546,8842ce2a25fffff,327.5,1.03,0.41,2026-08-20,0608,Terra,69.7,303.7,261.75,D,89,79,industrial,2.8,0.86,1.56,2,2,Industrial/Gas Flare
FIRMS-IND-10005,22.3366,85.753,883caa768dfffff,323.22,0.92,0.92,2026-08-20,1139,NOAA-20,94.4,294.05,94.54,D,37,90,mining,9.0,0.47,6.82,1,3,Mining Activity
FIRMS-IND-10006,21.62895,77.87948,886092a081fffff,379.61,0.78,1.12,2026-08-20,2238,SNPP,77.0,358.51,23.3,N,3,90,forest,61.1,20.91,8.34,0,0,Wildfire
FIRMS-IND-10007,22.55072,73.77909,8842cbd2c3fffff,331.7,0.9,0.35,2026-08-20,1240,Aqua,50.3,301.38,100.92,D,57,85,mining,7.1,2.74,5.54,1,3,Mining Activity
FIRMS-IND-10008,21.60063,72.74651,8842dd2e4dfffff,350.48,1.17,0.56,2026-08-20,0102,SNPP,57.4,305.55,79.63,D,88,90,industrial,7.0,0.61,7.79,2,2,Industrial/Gas Flare
FIRMS-IND-10009,21.68458,85.48093,883c81af49fffff,346.8,1.03,0.75,2026-08-20,0105,NOAA-20,76.8,329.09,26.09,N,33,85,mining,1.6,1.24,5.15,1,3,Mining Activity
FIRMS-IND-10010,30.4941,76.43174,883d16b883fffff,331.47,0.5,0.94,2026-08-20,0617,Terra,56.9,306.24,11.22,D,2,90,farmland,15.2,1.52,6.81,0,1,Agricultural Burn
FIRMS-IND-10011,29.67783,76.39299,883da5b613fffff,325.2,0.89,0.64,2026-08-20,0218,Terra,92.3,284.51,12.56,D,1,90,farmland,6.9,4.54,9.1,0,1,Agricultural Burn
FIRMS-IND-10012,22.02666,85.43577,883caa4c83fffff,356.95,0.76,0.73,2026-08-20,0835,SNPP,50.9,327.13,19.28,D,64,85,mining,19.5,0.99,5.97,1,3,Mining Activity
FIRMS-IND-10013,22.05469,85.86432,883caa6eb5fffff,335.09,0.89,1.03,2026-08-20,0027,Aqua,74.6,314.23,27.33,N,59,85,mining,19.5,1.3,13.6,1,3,Mining Activity
FIRMS-IND-10014,21.92313,73.19421,8842ca1991fffff,380.72,0.84,1.18,2026-08-20,1920,Terra,92.6,356.21,307.98,D,73,90,industrial,9.5,0.56,4.65,2,2,Industrial/Gas Flare
FIRMS-IND-10015,21.72614,73.8948,88609b672bfffff,344.24,1.04,1.04,2026-08-20,1257,Aqua,75.1,305.29,276.59,D,73,90,industrial,7.0,0.6,2.7,2,2,Industrial/Gas Flare
FIRMS-IND-10016,21.09018,85.34101,883c817195fffff,331.81,1.08,0.56,2026-08-20,0905,Aqua,68.0,313.0,59.59,D,54,90,mining,3.1,2.95,12.91,1,3,Mining Activity
FIRMS-IND-10017,21.77141,85.61122,883c81a513fffff,373.28,1.03,0.58,2026-08-20,2225,SNPP,59.2,355.85,20.96,D,45,90,mining,19.5,1.65,6.2,1,3,Mining Activity
FIRMS-IND-10018,21.11292,78.5989,8860963759fffff,352.05,0.98,0.82,2026-08-20,2128,Aqua,52.4,320.07,83.74,D,9,79,forest,83.1,12.0,19.23,0,0,Wildfire
FIRMS-IND-10019,21.71513,81.24641,883cb57a33fffff,280.0,0.39,0.67,2026-08-20,1857,Terra,92.8,270.0,35.22,D,5,79,forest,73.9,20.4,13.8,0,0,Wildfire
FIRMS-IND-10020,21.78781,73.78622,88609b6e93fffff,390.94,0.68,1.17,2026-08-20,0942,Terra,63.7,369.5,152.22,D,65,79,industrial,4.6,0.86,7.56,2,2,Industrial/Gas Flare
FIRMS-IND-10021,30.11085,75.96608,883d16cecdfffff,316.16,0.71,1.17,2026-08-20,0309,SNPP,87.5,276.95,8.14,N,1,85,farmland,12.0,4.71,1.35,0,1,Agricultural Burn
FIRMS-IND-10022,31.17968,76.19371,883d141b67fffff,299.73,1.12,0.78,2026-08-20,1524,NOAA-20,64.9,281.73,6.09,D,37,90,residential,11.3,0.62,1.52,1,4,Urban/Infrastructure
FIRMS-IND-10023,22.16448,72.89345,8842cad69dfffff,378.25,1.15,1.01,2026-08-20,0644,SNPP,74.7,361.52,38.8,D,64,85,mining,12.0,1.75,4.77,1,3,Mining Activity
FIRMS-IND-10024,22.83261,74.10683,8842cb82dbfffff,370.11,0.41,1.05,2026-08-20,0104,SNPP,54.2,325.52,134.67,D,1,85,forest,63.5,7.1,14.92,0,0,Wildfire
FIRMS-IND-10025,21.97393,85.18767,883caa480dfffff,366.53,0.44,0.77,2026-08-20,1249,Terra,78.6,329.3,41.29,N,73,90,mining,11.2,1.39,13.78,1,3,Mining Activity
FIRMS-IND-10026,21.8228,73.45967,8842ca70cbfffff,370.65,1.17,0.39,2026-08-20,2015,NOAA-20,96.2,328.08,28.46,D,62,90,mining,4.5,2.9,2.16,1,3,Mining Activity
FIRMS-IND-10027,24.73091,79.48747,883d9d885dfffff,413.83,1.11,0.74,2026-08-20,2007,NOAA-20,59.4,384.92,90.23,D,7,90,forest,61.6,12.02,19.16,0,0,Wildfire
FIRMS-IND-10028,21.33959,84.50463,883c81db67fffff,324.58,0.49,1.12,2026-08-20,0517,Aqua,86.3,291.17,16.31,D,38,90,mining,6.2,2.48,10.9,1,3,Mining Activity
FIRMS-IND-10029,29.51462,75.95167,883da595a1fffff,323.38,1.07,1.06,2026-08-20,0140,Aqua,56.7,307.97,110.47,D,3,90,farmland,16.9,2.21,9.73,0,1,Agricultural Burn
FIRMS-IND-10030,23.83252,80.81948,883d993b51fffff,329.69,0.87,0.54,2026-08-20,1639,Terra,52.3,306.63,16.86,D,1,85,farmland,14.0,1.08,9.59,0,1,Agricultural Burn
FIRMS-IND-10031,30.59189,77.04101,883d10c015fffff,308.31,0.47,0.36,2026-08-20,0549,NOAA-20,81.8,276.67,4.36,D,0,90,grassland,24.8,14.38,0.22,1,5,False Positive/Noise
FIRMS-IND-10032,23.61051,80.80283,883d997509fffff,361.85,1.07,1.0,2026-08-20,1923,SNPP,99.0,332.07,97.85,D,3,90,forest,84.4,24.91,10.81,0,0,Wildfire
FIRMS-IND-10033,22.09106,84.06248,883c85ce9bfffff,304.72,0.75,0.92,2026-08-20,1757,Aqua,52.0,284.65,62.85,D,33,79,mining,3.6,1.17,13.66,1,3,Mining Activity
FIRMS-IND-10034,23.79987,81.01951,883d992131fffff,419.54,1.03,0.88,2026-08-20,1455,NOAA-20,57.8,393.22,199.71,D,1,90,forest,77.6,22.26,3.67,0,0,Wildfire
FIRMS-IND-10035,21.35815,85.6477,883c812111fffff,334.5,0.48,0.46,2026-08-20,0246,Aqua,75.6,303.54,53.52,D,52,85,mining,10.6,2.22,2.81,1,3,Mining Activity
FIRMS-IND-10036,21.14904,72.76438,8842d9d44bfffff,335.47,1.11,0.85,2026-08-20,0309,Aqua,82.4,306.08,15.81,D,46,90,mining,4.2,1.12,3.56,1,3,Mining Activity
FIRMS-IND-10037,22.07975,73.99102,8842cb5a31fffff,348.73,1.14,0.36,2026-08-20,2005,NOAA-20,62.3,328.91,174.59,D,66,85,industrial,2.4,0.8,2.98,2,2,Industrial/Gas Flare
FIRMS-IND-10038,21.6086,73.28698,8842ca4cc5fffff,312.26,0.84,0.59,2026-08-20,1104,NOAA-20,98.4,275.93,7.83,D,1,90,waterbody,26.7,18.66,0.56,1,5,False Positive/Noise
FIRMS-IND-10039,21.95583,84.75741,883c852835fffff,317.22,0.82,0.82,2026-08-20,0112,Terra,90.5,294.58,41.24,N,72,90,mining,11.9,1.23,7.91,1,3,Mining Activity
FIRMS-IND-10040,22.43387,74.39494,8842cb00a5fffff,344.89,0.5,0.41,2026-08-20,0721,Terra,92.1,325.7,172.16,N,2,85,forest,64.4,23.27,18.95,0,0,Wildfire
FIRMS-IND-10041,30.14605,76.16697,883d161aa9fffff,336.14,0.67,0.74,2026-08-20,0532,Aqua,71.9,303.81,14.5,D,2,85,farmland,12.8,4.17,4.95,0,1,Agricultural Burn
FIRMS-IND-10042,30.69477,76.51393,883d16b46dfffff,326.43,0.49,1.1,2026-08-20,0051,NOAA-20,94.7,287.78,8.11,D,2,85,farmland,11.7,3.79,7.24,0,1,Agricultural Burn
FIRMS-IND-10043,21.40377,79.46541,886096c127fffff,358.71,0.46,0.69,2026-08-20,0704,SNPP,61.5,322.04,132.4,N,6,90,forest,88.7,7.77,17.39,0,0,Wildfire
FIRMS-IND-10044,23.22047,74.05308,8842c95269fffff,390.51,0.59,0.87,2026-08-20,1239,NOAA-20,55.0,367.83,260.4,N,74,90,industrial,3.4,0.42,3.68,2,2,Industrial/Gas Flare
FIRMS-IND-10045,22.8693,85.65416,883caaa343fffff,315.96,0.73,0.45,2026-08-20,2025,NOAA-20,59.3,275.84,6.79,D,3,85,farmland,19.7,4.7,9.33,0,1,Agricultural Burn
FIRMS-IND-10046,22.95092,72.35377,8842ceb113fffff,420.89,0.7,1.08,2026-08-20,0501,Aqua,67.3,383.76,98.99,D,84,85,industrial,7.9,0.95,1.36,2,2,Industrial/Gas Flare
FIRMS-IND-10047,21.68545,85.48778,883c81af49fffff,360.78,1.17,0.48,2026-08-20,2121,Terra,76.8,340.24,28.01,D,55,85,mining,0.3,2.06,4.31,1,3,Mining Activity
FIRMS-IND-10048,29.94143,75.17397,88424b16d7fffff,310.39,0.96,0.8,2026-08-20,2127,SNPP,70.0,278.61,2.33,D,0,79,waterbody,33.5,12.16,0.3,1,5,False Positive/Noise
FIRMS-IND-10049,22.13168,78.77928,886092d929fffff,361.59,0.37,0.54,2026-08-20,2258,Aqua,51.0,343.47,149.06,N,7,79,forest,65.5,22.9,14.2,0,0,Wildfire
FIRMS-IND-10050,23.14182,81.05999,883ca6c0e7fffff,308.53,0.6,1.11,2026-08-20,0609,Aqua,86.8,270.0,5.22,D,1,90,grassland,15.9,13.69,0.21,1,5,False Positive/Noise
FIRMS-IND-10051,23.10883,78.77812,883d9e2267fffff,360.1,0.66,1.08,2026-08-20,0251,NOAA-20,88.2,340.9,33.04,N,41,85,mining,16.6,1.17,12.06,1,3,Mining Activity
FIRMS-IND-10052,30.09405,74.73257,88424b9183fffff,323.18,0.47,1.06,2026-08-20,0325,NOAA-20,95.0,287.44,22.96,N,1,90,farmland,15.8,3.35,3.32,0,1,Agricultural Burn
FIRMS-IND-10053,21.91751,84.71298,883c852907fffff,380.11,0.58,0.97,2026-08-20,0111,SNPP,83.3,359.85,85.82,N,52,85,mining,2.1,0.59,5.43,1,3,Mining Activity
FIRMS-IND-10054,22.23055,85.04878,883caa5307fffff,369.1,0.68,0.6,2026-08-20,0348,Aqua,64.9,337.11,142.41,D,30,90,mining,1.7,1.89,5.19,1,3,Mining Activity
FIRMS-IND-10055,30.46015,74.90471,88424951e1fffff,306.52,1.01,0.44,2026-08-20,0839,SNPP,70.6,270.37,51.05,D,1,85,farmland,14.9,3.19,4.01,0,1,Agricultural Burn
FIRMS-IND-10056,22.37261,73.44987,8842caa043fffff,390.98,1.17,1.02,2026-08-20,2248,Aqua,54.3,347.23,88.12,N,66,90,industrial,1.0,0.54,6.56,2,2,Industrial/Gas Flare
FIRMS-IND-10057,23.54352,80.27465,883d99518bfffff,366.68,1.14,0.5,2026-08-20,2021,NOAA-20,65.6,348.06,114.52,N,9,79,forest,93.0,5.99,14.99,0,0,Wildfire
FIRMS-IND-10058,22.24067,85.97744,883c8c9311fffff,323.79,0.45,0.42,2026-08-20,0442,Terra,72.1,296.66,23.48,D,3,90,farmland,5.7,3.18,3.07,0,1,Agricultural Burn
FIRMS-IND-10059,21.40965,85.92613,883c8c5a57fffff,345.34,0.8,1.15,2026-08-20,0258,Aqua,50.5,328.76,25.61,D,64,79,mining,17.4,0.26,13.37,1,3,Mining Activity
FIRMS-IND-10060,22.33378,85.8519,883caa2b3bfffff,329.71,0.44,0.65,2026-08-20,1703,NOAA-20,61.7,313.45,7.4,D,3,90,farmland,13.4,3.82,3.15,0,1,Agricultural Burn
FIRMS-IND-10061,21.70592,77.94021,886092aaddfffff,374.08,1.19,0.55,2026-08-20,1928,Aqua,61.5,334.16,342.87,D,8,79,forest,76.4,20.34,5.84,0,0,Wildfire
FIRMS-IND-10062,20.16097,78.25223,886094270dfffff,300.56,0.5,0.69,2026-08-20,1717,NOAA-20,99.8,270.0,6.61,D,1,90,grassland,35.4,18.63,0.99,1,5,False Positive/Noise
FIRMS-IND-10063,24.82885,80.12541,883d9dae87fffff,344.68,1.14,0.97,2026-08-20,0123,Terra,68.6,321.89,195.68,N,9,85,forest,89.8,5.89,8.59,0,0,Wildfire
FIRMS-IND-10064,30.18984,76.526,883d160581fffff,325.54,1.03,0.91,2026-08-20,0058,Aqua,58.0,300.52,32.13,D,4,90,farmland,16.3,1.7,8.91,0,1,Agricultural Burn
FIRMS-IND-10065,22.6293,85.68923,883caa06dbfffff,332.59,0.57,0.51,2026-08-20,1245,Aqua,99.1,298.64,69.43,D,60,90,mining,0.0,1.76,11.84,1,3,Mining Activity
FIRMS-IND-10066,21.29986,85.16728,883c810ae9fffff,343.79,1.14,0.44,2026-08-20,0319,Terra,88.5,300.38,15.74,D,70,90,mining,19.3,1.16,10.22,1,3,Mining Activity
FIRMS-IND-10067,19.82805,80.15802,883cb2d8a5fffff,346.03,1.05,0.56,2026-08-20,2225,NOAA-20,63.7,301.11,133.59,D,7,85,forest,62.3,25.54,9.32,0,0,Wildfire
FIRMS-IND-10068,22.48861,73.84933,8842cbd0bbfffff,378.23,1.16,0.48,2026-08-20,2046,Terra,92.9,334.29,269.87,N,79,85,industrial,6.8,1.02,2.55,2,2,Industrial/Gas Flare
FIRMS-IND-10069,22.74894,73.09672,8842c850c5fffff,337.45,0.43,0.48,2026-08-20,1349,Terra,50.9,298.55,289.73,D,80,90,industrial,5.4,0.32,2.03,2,2,Industrial/Gas Flare
FIRMS-IND-10070,31.65501,76.79936,883d14a56bfffff,332.37,0.54,0.49,2026-08-20,2153,SNPP,63.4,293.44,8.12,D,1,85,farmland,17.1,1.61,6.03,0,1,Agricultural Burn
FIRMS-IND-10071,22.97769,85.06896,883caa9343fffff,364.3,0.56,1.19,2026-08-20,1415,NOAA-20,80.9,328.23,137.01,D,70,79,mining,0.8,1.55,3.36,1,3,Mining Activity
FIRMS-IND-10072,22.24525,85.3375,883caa5593fffff,298.76,0.94,1.05,2026-08-20,0954,Terra,55.2,270.0,1.23,N,1,79,waterbody,12.9,19.57,0.21,1,5,False Positive/Noise
FIRMS-IND-10073,31.68068,77.01895,883d15dac7fffff,343.98,1.04,0.73,2026-08-20,0240,Terra,86.6,326.53,28.69,D,3,85,farmland,6.6,4.53,5.93,0,1,Agricultural Burn
FIRMS-IND-10074,22.67123,81.84227,883ca66d91fffff,349.4,0.49,0.37,2026-08-20,1821,SNPP,99.8,305.16,70.82,N,8,79,forest,90.5,15.84,3.74,0,0,Wildfire
FIRMS-IND-10075,22.09384,72.49402,8842ddb4dbfffff,364.9,1.19,0.38,2026-08-20,1650,Terra,79.4,349.02,438.63,D,88,90,industrial,4.3,0.58,3.28,2,2,Industrial/Gas Flare
FIRMS-IND-10076,22.47588,73.11369,8842ca9499fffff,401.51,1.06,0.55,2026-08-20,0735,Terra,80.1,367.53,157.68,D,86,90,industrial,3.6,0.64,3.99,2,2,Industrial/Gas Flare
FIRMS-IND-10077,21.96934,80.40727,883cb4af17fffff,356.08,0.62,0.69,2026-08-20,0236,SNPP,66.3,317.88,77.86,D,9,90,forest,83.2,7.38,14.09,0,0,Wildfire
FIRMS-IND-10078,22.8312,73.41657,8842c80991fffff,366.01,0.85,1.16,2026-08-20,2119,Terra,51.8,328.92,98.22,N,74,85,industrial,6.7,0.3,3.87,2,2,Industrial/Gas Flare
FIRMS-IND-10079,21.43874,81.14937,883cb0a255fffff,302.93,0.54,0.5,2026-08-20,0432,SNPP,79.2,270.0,2.89,D,1,85,waterbody,9.2,1.98,0.64,1,5,False Positive/Noise
FIRMS-IND-10080,22.20183,73.65816,8842ca3747fffff,385.39,0.46,0.47,2026-08-20,1741,Terra,83.7,341.3,136.98,D,82,90,industrial,3.4,0.85,1.44,2,2,Industrial/Gas Flare
FIRMS-IND-10081,22.28312,84.56862,883c85a987fffff,374.07,1.03,1.13,2026-08-20,0018,Aqua,82.9,347.26,165.43,N,72,79,industrial,8.6,1.18,1.35,2,2,Industrial/Gas Flare
FIRMS-IND-10082,23.00204,85.50546,883ca84987fffff,317.77,0.98,1.1,2026-08-20,0545,Terra,83.4,278.53,95.53,N,54,90,mining,17.4,2.39,9.37,1,3,Mining Activity
FIRMS-IND-10083,22.14022,73.67409,8842ca30b3fffff,334.78,0.86,0.81,2026-08-20,0243,NOAA-20,53.7,301.68,169.38,N,71,90,industrial,5.6,0.63,4.61,2,2,Industrial/Gas Flare
FIRMS-IND-10084,31.43155,78.31357,883d119133fffff,325.5,0.8,0.56,2026-08-20,0314,Aqua,88.2,286.11,21.31,N,1,90,farmland,21.3,0.99,2.34,0,1,Agricultural Burn
FIRMS-IND-10085,21.67528,80.51418,883cb42119fffff,312.47,0.49,0.87,2026-08-20,2051,NOAA-20,65.4,273.38,41.27,D,29,85,residential,3.0,0.41,1.97,1,4,Urban/Infrastructure
FIRMS-IND-10086,22.03525,84.86988,883c852f13fffff,348.38,0.51,0.6,2026-08-20,1641,SNPP,62.8,304.49,8.25,D,3,90,farmland,7.5,4.37,8.2,0,1,Agricultural Burn
FIRMS-IND-10087,22.5724,76.2677,883d92bb51fffff,423.65,0.65,0.55,2026-08-20,0403,NOAA-20,86.6,383.12,146.29,N,8,90,forest,74.4,26.0,18.3,0,0,Wildfire
FIRMS-IND-10088,22.50653,72.78233,8842ce2abdfffff,439.35,0.5,0.62,2026-08-20,0227,Aqua,77.3,417.4,72.07,D,67,90,industrial,8.7,0.76,4.52,2,2,Industrial/Gas Flare
FIRMS-IND-10089,30.15214,75.2473,88424bb19bfffff,315.73,0.44,0.97,2026-08-20,0931,Aqua,88.6,292.79,19.76,D,1,90,farmland,18.8,4.96,2.16,0,1,Agricultural Burn
FIRMS-IND-10090,24.27579,77.67906,883d824dcbfffff,342.22,0.89,0.58,2026-08-20,0749,Aqua,76.6,317.49,25.76,D,1,90,forest,89.1,21.74,4.19,0,0,Wildfire
FIRMS-IND-10091,21.55021,72.53518,8842dd382bfffff,311.95,0.43,0.73,2026-08-20,1511,SNPP,65.0,270.0,1.62,D,0,85,waterbody,27.6,4.82,0.54,1,5,False Positive/Noise
FIRMS-IND-10092,21.40199,72.65384,8842dd66c5fffff,333.67,0.99,0.46,2026-08-20,1511,NOAA-20,58.0,316.78,26.17,D,59,85,mining,10.4,1.95,3.16,1,3,Mining Activity
FIRMS-IND-10093,21.15485,78.71334,8860963203fffff,392.75,0.84,0.83,2026-08-20,1941,Terra,96.5,374.26,46.25,N,4,85,forest,90.6,9.04,16.37,0,0,Wildfire
FIRMS-IND-10094,21.8235,86.36453,883c8c0213fffff,345.21,0.94,0.64,2026-08-20,1917,Terra,96.6,312.95,24.53,D,43,85,mining,1.6,1.33,4.26,1,3,Mining Activity
FIRMS-IND-10095,23.53244,73.04993,8842cc2cb9fffff,317.87,0.46,1.17,2026-08-20,1131,Terra,71.6,293.51,28.16,D,27,85,residential,5.5,0.1,1.13,1,4,Urban/Infrastructure
FIRMS-IND-10096,21.73063,85.32943,883c81b8c1fffff,335.39,1.2,0.4,2026-08-20,1408,Aqua,62.0,316.12,34.54,D,34,85,mining,15.6,1.49,2.76,1,3,Mining Activity
FIRMS-IND-10097,22.57426,72.73878,8842ce2157fffff,336.77,0.97,1.02,2026-08-20,0206,Aqua,70.7,296.94,81.78,N,84,90,industrial,1.7,1.02,6.86,2,2,Industrial/Gas Flare
FIRMS-IND-10098,31.00086,75.34625,88424914dbfffff,319.16,0.53,0.36,2026-08-20,1744,SNPP,59.9,302.22,44.06,D,1,85,farmland,20.2,1.12,5.82,0,1,Agricultural Burn
FIRMS-IND-10099,19.64781,81.47267,883c94862bfffff,303.07,1.08,0.68,2026-08-20,0912,SNPP,97.8,270.0,7.89,D,42,90,residential,9.8,0.66,4.07,1,4,Urban/Infrastructure
FIRMS-IND-10100,21.77595,85.18132,883c818589fffff,332.4,0.89,0.87,2026-08-20,2223,SNPP,57.5,295.28,75.78,D,57,90,mining,12.7,2.05,13.64,1,3,Mining Activity
FIRMS-IND-10101,23.31168,79.69044,883d98760dfffff,360.25,0.51,0.5,2026-08-20,0404,NOAA-20,91.5,343.19,59.23,D,4,79,forest,72.2,24.37,14.24,0,0,Wildfire
FIRMS-IND-10102,21.47444,85.66428,883c813527fffff,366.22,0.8,0.39,2026-08-20,1709,SNPP,56.3,336.99,24.21,D,65,85,mining,12.3,2.37,10.37,1,3,Mining Activity
FIRMS-IND-10103,22.24748,85.65606,883caa709bfffff,332.7,0.87,1.15,2026-08-20,1920,Terra,59.9,291.09,120.29,D,38,85,mining,7.4,1.41,7.71,1,3,Mining Activity
FIRMS-IND-10104,21.29647,85.74771,883c812f17fffff,332.8,0.97,1.01,2026-08-20,1131,Aqua,66.0,295.2,46.41,D,50,90,mining,15.1,1.49,12.95,1,3,Mining Activity
FIRMS-IND-10105,21.88675,78.89693,883d9a4b4dfffff,374.6,0.78,0.6,2026-08-20,1822,SNPP,54.7,342.28,69.6,N,76,85,industrial,7.3,0.86,4.93,2,2,Industrial/Gas Flare
FIRMS-IND-10106,22.12185,85.14972,883caa4361fffff,339.61,0.91,0.61,2026-08-20,2045,Aqua,80.7,303.97,66.85,D,30,90,mining,5.6,0.74,13.44,1,3,Mining Activity
FIRMS-IND-10107,20.93009,84.63622,883c802c07fffff,354.45,0.53,0.47,2026-08-20,0520,NOAA-20,84.8,339.35,239.35,D,33,85,mining,7.7,2.0,12.15,1,3,Mining Activity
FIRMS-IND-10108,21.5526,77.26653,8860931169fffff,298.39,0.39,0.76,2026-08-20,1718,Aqua,51.1,273.72,17.42,D,38,79,residential,1.6,0.22,4.51,1,4,Urban/Infrastructure
FIRMS-IND-10109,22.46954,84.91044,883caad8cbfffff,284.53,0.98,1.2,2026-08-20,2144,SNPP,71.1,270.0,21.38,N,62,79,mining,1.8,0.82,9.78,1,3,Mining Activity
FIRMS-IND-10110,31.14075,76.04302,883d14cf0bfffff,333.7,1.14,1.02,2026-08-20,1841,Aqua,71.5,292.52,53.19,N,81,79,industrial,5.9,0.92,5.73,2,2,Industrial/Gas Flare
FIRMS-IND-10111,22.83263,78.8766,883d9a9317fffff,328.09,0.54,0.46,2026-08-20,1923,SNPP,97.8,311.02,22.15,D,1,85,farmland,20.6,0.53,1.52,0,1,Agricultural Burn
FIRMS-IND-10112,21.57293,84.72756,883c81d755fffff,310.7,0.48,1.08,2026-08-20,1019,NOAA-20,95.3,291.52,12.93,D,2,85,farmland,13.6,4.3,3.41,0,1,Agricultural Burn
FIRMS-IND-10113,22.22458,73.0815,8842ca8f6bfffff,377.01,0.77,1.18,2026-08-20,0402,Aqua,59.9,345.05,381.42,D,74,90,industrial,8.3,1.2,5.18,2,2,Industrial/Gas Flare
FIRMS-IND-10114,22.10956,84.80613,883c852037fffff,336.72,0.41,0.95,2026-08-20,1633,NOAA-20,61.3,296.31,46.51,D,53,79,mining,2.3,2.61,11.4,1,3,Mining Activity
FIRMS-IND-10115,30.84925,76.52315,883d147b3bfffff,351.55,1.18,1.02,2026-08-20,1631,Aqua,93.6,320.2,24.71,N,4,90,farmland,20.7,1.0,4.2,0,1,Agricultural Burn
FIRMS-IND-10116,21.78281,73.36154,8842ca733dfffff,334.95,0.82,0.43,2026-08-20,0207,Terra,76.9,305.02,26.8,D,70,90,mining,11.2,2.3,9.25,1,3,Mining Activity
FIRMS-IND-10117,21.02397,78.75366,886096a1a1fffff,346.82,0.69,1.13,2026-08-20,0717,NOAA-20,72.4,315.08,27.9,D,9,90,forest,80.2,20.86,16.56,0,0,Wildfire
FIRMS-IND-10118,21.3852,78.68134,88609639d3fffff,372.09,0.48,0.72,2026-08-20,0545,NOAA-20,92.8,353.56,92.93,N,7,85,forest,66.4,27.35,14.12,0,0,Wildfire
FIRMS-IND-10119,22.31807,78.94597,883d9acee3fffff,333.44,0.37,1.05,2026-08-20,0434,SNPP,66.8,309.55,190.92,N,7,79,forest,64.5,22.17,4.58,0,0,Wildfire
FIRMS-IND-10120,22.05698,85.1178,883caa58adfffff,300.89,0.5,0.96,2026-08-20,0020,Aqua,57.1,275.46,30.08,D,53,90,mining,9.9,2.52,6.36,1,3,Mining Activity
FIRMS-IND-10121,24.33265,77.05251,883d95202dfffff,348.07,0.35,0.93,2026-08-20,0508,Terra,61.4,307.96,55.22,D,49,90,mining,14.8,0.5,6.09,1,3,Mining Activity
FIRMS-IND-10122,21.78548,85.09841,883c81854dfffff,348.65,0.4,1.11,2026-08-20,1832,NOAA-20,83.5,316.84,17.84,D,43,85,mining,18.1,0.85,12.5,1,3,Mining Activity
FIRMS-IND-10123,30.04216,74.74319,88424b836bfffff,344.61,0.59,1.08,2026-08-20,1845,Aqua,91.3,308.63,21.3,N,1,90,farmland,5.8,3.83,9.26,0,1,Agricultural Burn
FIRMS-IND-10124,30.19818,75.05165,88424949adfffff,361.72,0.57,0.39,2026-08-20,0055,Terra,65.1,328.77,55.32,D,43,85,mining,4.4,0.54,2.89,1,3,Mining Activity
FIRMS-IND-10125,29.97549,75.919,883d16cd67fffff,339.25,0.59,0.71,2026-08-20,1045,NOAA-20,78.7,304.49,60.71,D,3,85,farmland,17.5,2.89,8.54,0,1,Agricultural Burn
FIRMS-IND-10126,22.82637,85.45909,883caa85a7fffff,376.05,1.01,0.86,2026-08-20,1928,NOAA-20,80.4,342.11,22.04,D,7,90,forest,75.1,12.92,10.39,0,0,Wildfire
FIRMS-IND-10127,21.31311,85.53323,883c8139d7fffff,322.08,0.57,0.66,2026-08-20,1105,NOAA-20,95.4,299.91,40.61,D,70,85,mining,10.1,1.98,2.92,1,3,Mining Activity
FIRMS-IND-10128,20.88294,77.31242,88609025d7fffff,357.92,0.39,1.06,2026-08-20,1932,NOAA-20,73.1,329.77,46.36,D,8,85,forest,80.7,18.43,17.52,0,0,Wildfire
FIRMS-IND-10129,30.37189,76.33707,883d1616e1fffff,311.71,0.39,0.73,2026-08-20,1344,SNPP,69.5,274.81,15.59,N,3,90,farmland,16.5,0.63,7.08,0,1,Agricultural Burn
FIRMS-IND-10130,22.32239,77.10257,883d934059fffff,357.9,1.06,0.38,2026-08-20,1917,NOAA-20,55.7,331.39,83.86,D,37,85,mining,17.3,0.21,11.33,1,3,Mining Activity
FIRMS-IND-10131,22.86602,74.29955,8842cbb36bfffff,335.5,0.36,0.89,2026-08-20,2108,SNPP,57.7,315.35,128.7,D,58,90,mining,13.6,1.21,9.72,1,3,Mining Activity
FIRMS-IND-10132,21.22,79.07002,8860961085fffff,341.38,1.12,1.04,2026-08-20,2223,SNPP,53.4,314.76,20.94,N,3,85,forest,75.7,7.11,9.79,0,0,Wildfire
FIRMS-IND-10133,20.86738,77.6865,88609004bbfffff,328.76,0.84,0.67,2026-08-20,2135,Terra,84.4,302.53,38.92,D,73,85,mining,18.3,1.41,6.15,1,3,Mining Activity
FIRMS-IND-10134,21.00284,85.20732,883c817a25fffff,348.61,0.61,0.93,2026-08-20,0407,NOAA-20,92.1,316.2,34.05,D,64,79,mining,6.8,0.4,7.33,1,3,Mining Activity
FIRMS-IND-10135,21.94484,77.624,886092254bfffff,373.66,0.62,0.48,2026-08-20,2029,NOAA-20,95.0,355.17,58.79,N,6,85,forest,92.4,15.35,9.72,0,0,Wildfire
FIRMS-IND-10136,22.30321,73.26288,8842cabb19fffff,374.57,1.01,1.18,2026-08-20,0848,SNPP,77.1,336.72,61.08,N,79,85,industrial,1.5,0.14,7.78,2,2,Industrial/Gas Flare
FIRMS-IND-10137,30.93426,76.47901,883d1444adfffff,355.5,0.47,0.73,2026-08-20,1433,Aqua,60.4,317.03,11.7,N,3,85,farmland,16.2,2.06,6.22,0,1,Agricultural Burn
FIRMS-IND-10138,30.56828,77.36855,883d101811fffff,341.91,0.46,0.85,2026-08-20,0110,NOAA-20,76.7,300.81,17.57,D,4,90,farmland,22.1,3.7,9.16,0,1,Agricultural Burn
FIRMS-IND-10139,21.89681,85.06312,883c8195d1fffff,340.38,0.79,0.83,2026-08-20,2214,Aqua,75.6,310.61,18.93,D,61,90,mining,9.8,1.05,8.39,1,3,Mining Activity
FIRMS-IND-10140,31.02297,74.04031,88424d4e49fffff,299.31,1.08,0.72,2026-08-20,1632,Terra,62.0,274.96,27.38,D,3,79,farmland,24.1,1.4,1.98,0,1,Agricultural Burn
FIRMS-IND-10141,22.62795,73.29737,8842c84e0bfffff,433.71,1.05,0.63,2026-08-20,0255,NOAA-20,97.9,418.45,203.92,N,86,90,industrial,5.3,0.99,5.33,2,2,Industrial/Gas Flare
FIRMS-IND-10142,21.7103,78.85153,8860966145fffff,351.09,1.1,0.95,2026-08-20,0722,SNPP,86.2,327.68,25.72,N,8,79,forest,92.8,25.55,16.76,0,0,Wildfire
FIRMS-IND-10143,21.90379,73.04602,8842cacc89fffff,307.84,0.69,0.6,2026-08-20,0138,Aqua,90.2,270.0,29.68,D,42,90,residential,10.6,0.09,1.36,1,4,Urban/Infrastructure
FIRMS-IND-10144,22.40339,80.38036,883d9b7a35fffff,367.0,0.51,0.96,2026-08-20,0909,Terra,81.2,349.84,39.8,N,5,85,forest,67.5,15.4,15.91,0,0,Wildfire
FIRMS-IND-10145,21.33981,84.67954,883c81d8b3fffff,319.86,0.46,0.89,2026-08-20,1040,Terra,70.1,301.77,114.46,D,37,90,mining,5.4,1.59,5.7,1,3,Mining Activity
FIRMS-IND-10146,30.63418,76.56408,883d16a2dbfffff,309.51,1.14,1.05,2026-08-20,1018,SNPP,92.1,285.11,50.71,N,1,90,farmland,11.8,4.73,1.74,0,1,Agricultural Burn
FIRMS-IND-10147,19.74453,77.57311,8860950605fffff,382.96,0.47,0.57,2026-08-20,1012,SNPP,98.3,345.13,131.7,N,65,90,industrial,9.3,1.28,5.57,2,2,Industrial/Gas Flare
FIRMS-IND-10148,30.03379,75.65173,883d16d91bfffff,298.88,0.72,0.74,2026-08-20,1713,Aqua,68.5,282.31,193.39,N,1,85,farmland,12.2,4.81,5.5,0,1,Agricultural Burn
FIRMS-IND-10149,23.94592,78.25405,883d9cc8bbfffff,369.81,0.47,0.9,2026-08-20,1702,Terra,98.7,353.25,103.46,N,4,85,forest,83.7,20.19,8.02,0,0,Wildfire
FIRMS-IND-10150,22.75551,78.60566,883d9e62e5fffff,375.08,0.93,0.56,2026-08-20,0523,NOAA-20,51.0,356.35,24.79,D,6,85,forest,87.4,18.6,4.7,0,0,Wildfire
FIRMS-IND-10151,22.62952,73.06224,8842c85aa9fffff,393.51,0.54,0.46,2026-08-20,1126,NOAA-20,50.8,355.41,55.11,N,70,79,industrial,7.6,0.74,2.5,2,2,Industrial/Gas Flare
FIRMS-IND-10152,30.79391,74.28974,884248a2d3fffff,314.12,0.6,0.9,2026-08-20,0635,Aqua,83.8,282.71,38.58,N,3,90,farmland,12.0,2.17,1.01,0,1,Agricultural Burn
FIRMS-IND-10153,20.4359,84.73823,883c831359fffff,337.93,0.55,0.8,2026-08-20,1949,Aqua,98.1,320.67,70.04,D,52,85,mining,13.4,1.83,14.87,1,3,Mining Activity
FIRMS-IND-10154,20.81409,85.79974,883c8e8907fffff,382.55,0.49,0.9,2026-08-20,0048,Aqua,95.9,358.84,153.61,D,75,90,industrial,9.8,0.84,7.3,2,2,Industrial/Gas Flare
FIRMS-IND-10155,23.33742,80.33674,883d994803fffff,323.3,0.93,0.41,2026-08-20,0521,NOAA-20,73.0,291.9,20.77,D,67,79,mining,10.6,0.88,8.51,1,3,Mining Activity
FIRMS-IND-10156,32.17163,75.75391,883d32ac23fffff,362.46,1.17,0.52,2026-08-20,0247,Terra,85.6,318.03,89.23,D,40,85,mining,15.9,2.59,5.15,1,3,Mining Activity
FIRMS-IND-10157,21.01308,80.58035,883cb0c0d7fffff,373.15,0.56,0.89,2026-08-20,0616,Aqua,98.0,335.24,293.03,N,8,90,forest,65.7,16.92,15.21,0,0,Wildfire
FIRMS-IND-10158,21.85396,77.49951,8860935347fffff,375.11,0.69,1.11,2026-08-20,1209,Terra,64.4,348.18,170.73,N,8,90,forest,88.3,11.35,7.18,0,0,Wildfire
FIRMS-IND-10159,20.05909,86.50022,883c8ad733fffff,338.31,0.65,0.91,2026-08-20,1700,NOAA-20,93.9,294.08,27.89,D,46,90,mining,15.8,0.9,9.33,1,3,Mining Activity
FIRMS-IND-10160,21.19327,79.25668,8860968937fffff,355.26,0.63,1.06,2026-08-20,1206,Aqua,95.2,314.89,260.4,D,5,90,forest,85.2,19.08,10.27,0,0,Wildfire
FIRMS-IND-10161,22.11955,71.46429,8842c305abfffff,337.43,0.6,1.1,2026-08-20,0002,Aqua,90.5,297.35,98.34,D,71,90,industrial,0.3,0.99,3.23,2,2,Industrial/Gas Flare
FIRMS-IND-10162,22.01818,85.9351,883c8c9963fffff,330.39,0.8,0.85,2026-08-20,2105,SNPP,86.2,309.38,39.89,D,52,79,mining,18.6,1.3,9.11,1,3,Mining Activity
FIRMS-IND-10163,22.20762,84.61072,883c85314bfffff,320.91,0.67,1.12,2026-08-20,2135,Aqua,61.0,283.04,35.96,D,19,79,residential,10.7,0.66,1.91,1,4,Urban/Infrastructure
FIRMS-IND-10164,22.63811,85.35119,883caa1233fffff,350.75,0.66,1.16,2026-08-20,1424,Aqua,88.0,332.68,87.6,D,73,90,industrial,2.7,0.98,4.11,2,2,Industrial/Gas Flare
FIRMS-IND-10165,21.77084,85.56917,883c81a509fffff,334.51,0.53,0.92,2026-08-20,2002,SNPP,85.1,297.7,20.35,D,46,90,mining,0.6,0.35,3.85,1,3,Mining Activity
FIRMS-IND-10166,22.26446,78.78052,883d9acaedfffff,310.87,0.36,0.95,2026-08-20,1333,SNPP,54.9,279.1,59.18,D,4,90,forest,73.5,5.63,17.26,0,0,Wildfire
FIRMS-IND-10167,24.18307,79.04792,883d9c2239fffff,316.87,1.03,0.56,2026-08-20,2202,NOAA-20,91.6,274.69,18.96,D,26,90,residential,4.4,0.7,4.36,1,4,Urban/Infrastructure
FIRMS-IND-10168,21.93796,84.56387,883c857441fffff,331.31,1.02,0.59,2026-08-20,1540,Aqua,83.9,314.14,124.33,D,34,85,mining,14.7,1.33,2.89,1,3,Mining Activity
FIRMS-IND-10169,23.66471,80.37595,883d995449fffff,351.01,1.13,0.36,2026-08-20,0916,NOAA-20,98.5,332.61,131.2,D,8,90,forest,94.7,13.13,19.0,0,0,Wildfire
FIRMS-IND-10170,29.43916,74.72259,88424b531bfffff,330.62,0.59,0.91,2026-08-20,2125,Aqua,79.8,310.45,6.92,N,3,79,farmland,9.1,2.67,3.42,0,1,Agricultural Burn
FIRMS-IND-10171,22.23679,78.02473,88609270ebfffff,327.51,0.92,0.85,2026-08-20,0358,Terra,50.1,307.29,21.22,D,3,85,forest,73.1,19.09,10.66,0,0,Wildfire
FIRMS-IND-10172,22.99568,78.74211,883d9e2a49fffff,366.92,1.15,0.81,2026-08-20,1800,NOAA-20,70.0,326.73,116.62,D,9,90,forest,61.8,20.69,9.56,0,0,Wildfire
FIRMS-IND-10173,21.78499,86.56341,883c8c05dbfffff,328.38,0.72,1.2,2026-08-20,1642,SNPP,83.5,292.35,66.5,D,4,90,farmland,22.2,4.18,5.61,0,1,Agricultural Burn
FIRMS-IND-10174,21.55657,79.43102,8860965349fffff,374.2,0.65,0.71,2026-08-20,0010,Terra,54.1,330.65,42.84,N,9,90,forest,60.6,6.93,18.49,0,0,Wildfire
FIRMS-IND-10175,21.38626,73.1726,8842d984b7fffff,417.51,0.53,1.03,2026-08-20,0648,Terra,68.4,375.65,210.69,N,78,90,industrial,2.9,1.18,3.71,2,2,Industrial/Gas Flare
FIRMS-IND-10176,22.81761,80.1992,883d9b1139fffff,354.07,0.4,1.05,2026-08-20,2110,NOAA-20,51.1,330.04,163.49,D,8,79,forest,75.5,21.23,18.92,0,0,Wildfire
FIRMS-IND-10177,31.28314,74.99479,8842499431fffff,336.06,1.1,1.04,2026-08-20,1918,Aqua,90.3,320.82,7.97,N,1,85,farmland,6.4,1.34,6.98,0,1,Agricultural Burn
FIRMS-IND-10178,30.37311,74.08416,88424802abfffff,332.99,1.02,0.89,2026-08-20,1641,NOAA-20,97.1,291.7,49.09,D,1,85,farmland,21.6,1.47,8.28,0,1,Agricultural Burn
FIRMS-IND-10179,22.06265,73.71656,8842ca200dfffff,383.53,0.49,0.92,2026-08-20,1231,NOAA-20,69.2,353.85,100.73,D,80,90,industrial,7.5,0.71,5.08,2,2,Industrial/Gas Flare
FIRMS-IND-10180,22.2614,80.17098,883d9b4d6dfffff,382.96,1.1,0.45,2026-08-20,1450,Terra,55.9,361.6,34.08,D,1,79,forest,72.1,15.36,15.45,0,0,Wildfire
FIRMS-IND-10181,21.61119,72.91761,8842ca5b1dfffff,378.38,0.7,0.99,2026-08-20,1733,Aqua,77.3,346.11,147.67,D,79,90,industrial,7.5,1.32,5.59,2,2,Industrial/Gas Flare
FIRMS-IND-10182,22.06702,84.74475,883c85212bfffff,345.11,0.93,1.01,2026-08-20,0652,SNPP,50.9,306.32,21.17,D,55,85,mining,10.2,0.52,11.94,1,3,Mining Activity
FIRMS-IND-10183,22.16872,73.38203,8842ca1497fffff,382.89,0.59,0.8,2026-08-20,1818,NOAA-20,70.2,353.36,131.75,D,9,85,forest,90.6,10.09,5.17,0,0,Wildfire
FIRMS-IND-10184,23.28805,78.66916,883d9ea89bfffff,383.52,1.03,0.72,2026-08-20,0928,Aqua,61.0,358.0,295.53,D,4,79,forest,82.7,6.85,9.38,0,0,Wildfire
FIRMS-IND-10185,29.33776,74.68227,88424b5a49fffff,333.72,1.03,1.01,2026-08-20,1447,SNPP,79.1,305.94,16.92,D,2,90,farmland,18.2,2.68,1.05,0,1,Agricultural Burn
FIRMS-IND-10186,30.33741,75.86706,883d16d685fffff,346.16,0.64,0.68,2026-08-20,1615,Aqua,80.3,318.16,32.8,N,4,90,farmland,19.3,2.24,6.96,0,1,Agricultural Burn
FIRMS-IND-10187,20.76097,79.47751,883cb6d417fffff,335.3,1.12,0.78,2026-08-20,1415,SNPP,79.2,316.29,38.08,D,9,85,forest,68.5,10.37,10.22,0,0,Wildfire
FIRMS-IND-10188,31.24659,75.27373,884249b151fffff,337.82,1.05,0.74,2026-08-20,1312,Aqua,79.8,314.88,12.67,N,2,90,farmland,20.0,1.51,5.76,0,1,Agricultural Burn
FIRMS-IND-10189,22.00993,85.28329,883caa4f29fffff,310.76,1.11,1.05,2026-08-20,1349,Terra,66.2,270.0,19.16,N,1,85,farmland,14.3,1.69,4.74,0,1,Agricultural Burn
FIRMS-IND-10190,23.72168,81.27609,883ca69617fffff,341.92,1.2,0.63,2026-08-20,0902,SNPP,73.3,309.79,130.27,D,1,85,forest,80.2,6.68,4.61,0,0,Wildfire
FIRMS-IND-10191,22.28035,73.13275,8842ca8e03fffff,344.05,0.69,0.68,2026-08-20,0328,Aqua,86.7,308.76,67.08,D,75,90,industrial,0.1,1.41,3.61,2,2,Industrial/Gas Flare
FIRMS-IND-10192,22.46802,85.72218,883caa3b53fffff,343.18,1.03,0.96,2026-08-20,1310,Terra,72.7,307.94,45.0,N,34,85,mining,19.9,2.95,10.44,1,3,Mining Activity
FIRMS-IND-10193,22.40103,73.52619,8842caa765fffff,380.33,0.5,0.95,2026-08-20,2149,Aqua,72.6,336.87,58.68,D,86,90,industrial,1.6,0.99,4.99,2,2,Industrial/Gas Flare
FIRMS-IND-10194,22.06489,80.86499,883cb5c567fffff,311.83,0.84,0.59,2026-08-20,0353,NOAA-20,87.0,293.98,5.8,D,1,90,grassland,19.5,8.64,0.16,1,5,False Positive/Noise
FIRMS-IND-10195,21.03108,78.82119,886096a125fffff,331.73,1.03,1.2,2026-08-20,1936,NOAA-20,84.6,298.64,179.02,D,8,90,forest,66.9,23.44,7.87,0,0,Wildfire
FIRMS-IND-10196,22.74725,78.78109,883d9e65ddfffff,347.88,0.82,1.02,2026-08-20,0643,NOAA-20,61.5,318.81,316.22,D,1,79,forest,83.4,27.3,8.2,0,0,Wildfire
FIRMS-IND-10197,22.53919,83.77757,883ca36703fffff,358.46,0.37,1.05,2026-08-20,1635,SNPP,65.1,314.19,46.1,D,8,90,forest,67.3,20.76,6.74,0,0,Wildfire
FIRMS-IND-10198,30.88355,76.50495,883d147b5bfffff,319.3,0.48,0.76,2026-08-20,0939,Terra,57.2,285.58,7.16,D,2,85,farmland,21.6,3.68,6.55,0,1,Agricultural Burn
FIRMS-IND-10199,22.37566,78.95481,883d9ac515fffff,335.09,1.01,1.08,2026-08-20,1414,Aqua,56.3,303.21,56.18,N,6,90,forest,85.4,19.36,14.34,0,0,Wildfire
FIRMS-IND-10200,31.28649,75.76088,883d14d14bfffff,311.9,0.45,0.94,2026-08-20,0712,SNPP,97.6,291.63,41.4,D,48,90,mining,13.2,0.53,12.4,1,3,Mining Activity
FIRMS-IND-10201,30.289,76.60212,883d163339fffff,338.04,0.51,1.05,2026-08-20,2131,SNPP,78.8,306.28,31.29,D,8,90,forest,66.5,11.97,6.72,0,0,Wildfire
FIRMS-IND-10202,22.37717,84.98061,883caaca33fffff,363.9,0.37,0.56,2026-08-20,2057,Terra,62.5,341.01,47.55,D,60,90,mining,11.5,1.15,14.85,1,3,Mining Activity
FIRMS-IND-10203,30.38216,75.37387,8842497823fffff,330.78,0.6,0.53,2026-08-20,1458,SNPP,73.4,301.8,10.56,N,4,79,farmland,14.7,4.64,1.36,0,1,Agricultural Burn
FIRMS-IND-10204,29.16777,75.86398,883da5c6ebfffff,331.12,1.0,0.39,2026-08-20,1639,Aqua,80.8,288.8,24.01,D,43,90,residential,10.6,0.41,4.37,1,4,Urban/Infrastructure
FIRMS-IND-10205,21.5872,73.60646,8842ca6883fffff,352.81,1.01,1.13,2026-08-20,0707,Aqua,58.7,326.42,22.02,N,2,85,forest,67.5,13.4,10.92,0,0,Wildfire
FIRMS-IND-10206,22.44366,74.1562,8842cb1a57fffff,400.92,0.41,0.37,2026-08-20,1853,Terra,88.8,378.89,147.56,D,85,79,industrial,5.7,1.4,3.4,2,2,Industrial/Gas Flare
FIRMS-IND-10207,22.90423,74.05141,8842cb971bfffff,356.73,0.59,1.17,2026-08-20,1957,Terra,77.2,331.33,165.99,D,69,90,industrial,8.8,1.13,2.58,2,2,Industrial/Gas Flare
FIRMS-IND-10208,21.24991,84.93761,883c81cd93fffff,335.41,1.15,0.73,2026-08-20,0543,Aqua,54.6,315.53,27.1,D,47,79,mining,19.8,1.71,14.8,1,3,Mining Activity
FIRMS-IND-10209,31.17921,75.71581,883d14db51fffff,328.96,0.4,0.36,2026-08-20,1140,SNPP,62.5,292.45,12.97,N,3,85,farmland,23.1,4.18,7.81,0,1,Agricultural Burn
FIRMS-IND-10210,22.23512,85.1379,883caa5017fffff,351.88,1.08,1.05,2026-08-20,2032,Terra,64.4,322.09,27.68,D,54,90,mining,14.6,2.83,9.85,1,3,Mining Activity
FIRMS-IND-10211,31.42163,77.25774,883d155339fffff,318.83,0.83,0.91,2026-08-20,0239,NOAA-20,78.0,275.55,11.14,D,3,85,farmland,18.2,4.69,8.39,0,1,Agricultural Burn
FIRMS-IND-10212,21.72143,85.40633,883c81a109fffff,321.76,1.02,0.94,2026-08-20,1829,Aqua,76.6,303.66,20.05,D,74,90,mining,11.7,0.83,13.64,1,3,Mining Activity
FIRMS-IND-10213,21.51634,73.38917,8842d9b407fffff,354.06,1.19,0.84,2026-08-20,0953,NOAA-20,91.2,314.44,68.7,D,84,85,industrial,0.3,0.83,2.14,2,2,Industrial/Gas Flare
FIRMS-IND-10214,22.25436,84.58942,883c85335dfffff,306.58,0.68,0.74,2026-08-20,2055,Aqua,50.8,271.2,7.39,D,0,85,waterbody,15.2,16.36,0.83,1,5,False Positive/Noise
FIRMS-IND-10215,30.47853,75.38893,8842497addfffff,331.8,0.55,0.79,2026-08-20,1046,Terra,84.7,297.36,93.64,D,1,90,farmland,23.6,4.3,3.02,0,1,Agricultural Burn
FIRMS-IND-10216,29.71416,76.12264,883d164ad7fffff,331.41,0.8,0.81,2026-08-20,0447,Aqua,69.8,310.96,16.69,D,3,90,farmland,24.2,2.5,7.75,0,1,Agricultural Burn
FIRMS-IND-10217,30.14939,75.36947,88424ba283fffff,316.88,1.1,1.14,2026-08-20,1838,NOAA-20,65.8,293.31,14.56,D,3,85,farmland,19.6,4.81,2.98,0,1,Agricultural Burn
FIRMS-IND-10218,30.72498,75.21357,8842490121fffff,429.54,0.72,0.67,2026-08-20,2205,Terra,71.7,407.06,318.86,D,87,85,industrial,8.3,0.86,6.83,2,2,Industrial/Gas Flare
FIRMS-IND-10219,29.04562,76.40777,883da53b2dfffff,347.61,0.67,0.88,2026-08-20,1258,NOAA-20,51.3,314.51,15.61,N,2,90,farmland,21.4,2.48,2.19,0,1,Agricultural Burn
FIRMS-IND-10220,21.16942,77.84383,886090700dfffff,344.4,0.49,0.5,2026-08-20,1546,SNPP,89.9,307.67,194.51,N,5,85,forest,70.8,18.66,10.09,0,0,Wildfire
FIRMS-IND-10221,21.73367,73.37218,8842ca7167fffff,389.74,0.36,1.08,2026-08-20,1505,SNPP,89.4,365.54,363.2,D,74,90,industrial,9.3,0.4,3.65,2,2,Industrial/Gas Flare
FIRMS-IND-10222,21.57036,78.85568,8860967085fffff,360.4,0.39,0.71,2026-08-20,1016,Aqua,61.2,338.62,81.32,N,8,90,forest,91.6,14.37,12.35,0,0,Wildfire
FIRMS-IND-10223,20.93489,85.8144,883c8e8a1dfffff,364.26,0.82,0.53,2026-08-20,2036,Aqua,95.5,332.84,96.8,N,66,85,mining,14.6,1.56,11.02,1,3,Mining Activity
FIRMS-IND-10224,29.49859,77.15847,883d121849fffff,312.02,1.18,0.64,2026-08-20,1951,Aqua,64.9,290.12,5.88,D,1,85,farmland,11.8,4.11,3.22,0,1,Agricultural Burn
FIRMS-IND-10225,22.08071,73.37752,8842ca070bfffff,389.03,0.48,1.19,2026-08-20,1841,NOAA-20,67.6,351.18,60.27,D,68,90,industrial,2.7,0.21,7.94,2,2,Industrial/Gas Flare
FIRMS-IND-10226,23.34063,74.34083,8842c919b9fffff,356.47,1.14,0.94,2026-08-20,0010,Aqua,55.0,323.37,116.93,D,88,85,industrial,5.6,1.29,2.01,2,2,Industrial/Gas Flare
FIRMS-IND-10227,20.85722,78.18761,886090c453fffff,329.25,0.63,0.93,2026-08-20,1653,NOAA-20,88.3,314.09,6.57,D,3,85,farmland,24.6,3.53,8.62,0,1,Agricultural Burn
FIRMS-IND-10228,23.29809,84.85882,883cae3321fffff,354.43,0.9,0.53,2026-08-20,1949,Aqua,55.7,309.52,25.63,D,42,90,mining,13.2,2.03,5.26,1,3,Mining Activity
FIRMS-IND-10229,21.54925,84.08452,883c854987fffff,336.29,0.6,0.91,2026-08-20,1301,SNPP,90.3,303.53,16.13,D,31,79,mining,8.5,1.73,4.27,1,3,Mining Activity
FIRMS-IND-10230,21.61395,76.99768,8860930e51fffff,361.17,0.94,1.12,2026-08-20,0044,Terra,80.7,328.74,21.53,D,35,90,mining,14.3,1.02,8.83,1,3,Mining Activity
FIRMS-IND-10231,22.19159,84.61739,883c853109fffff,335.24,0.46,1.04,2026-08-20,1640,NOAA-20,95.9,300.74,67.19,D,45,85,mining,18.1,2.54,3.66,1,3,Mining Activity
FIRMS-IND-10232,21.8276,84.69397,883c856447fffff,304.37,1.04,1.11,2026-08-20,1934,SNPP,75.7,286.82,20.68,D,31,85,residential,8.3,0.16,1.46,1,4,Urban/Infrastructure
FIRMS-IND-10233,21.47637,76.11056,88609e444bfffff,358.36,0.75,0.62,2026-08-20,0128,Terra,84.1,333.9,27.34,D,3,90,forest,91.2,16.6,8.44,0,0,Wildfire
FIRMS-IND-10234,22.46393,72.80543,8842ce28abfffff,385.37,0.88,0.51,2026-08-20,2127,Terra,74.6,346.47,85.61,D,71,85,industrial,8.7,0.8,5.98,2,2,Industrial/Gas Flare
FIRMS-IND-10235,23.33281,84.91468,883cae3041fffff,343.92,0.79,0.58,2026-08-20,0545,Terra,65.4,310.51,46.44,N,43,90,mining,1.0,1.03,14.12,1,3,Mining Activity
FIRMS-IND-10236,21.84797,72.85034,8842cac853fffff,326.62,0.61,1.17,2026-08-20,0310,Terra,87.8,298.0,2.32,D,38,90,residential,13.9,0.78,5.17,1,4,Urban/Infrastructure
FIRMS-IND-10237,21.9729,73.72118,8842ca2a8dfffff,407.0,1.2,0.73,2026-08-20,1928,SNPP,55.8,365.5,125.45,D,65,85,industrial,5.1,0.33,5.44,2,2,Industrial/Gas Flare
FIRMS-IND-10238,22.03926,72.79457,8842cad0b1fffff,441.55,0.48,0.76,2026-08-20,0647,SNPP,55.6,400.51,122.92,D,89,79,industrial,9.4,1.01,7.66,2,2,Industrial/Gas Flare
FIRMS-IND-10239,22.10358,84.86304,883c852e4bfffff,341.62,0.6,0.8,2026-08-20,1026,Terra,95.4,314.73,51.18,D,38,79,mining,2.0,0.53,5.31,1,3,Mining Activity
FIRMS-IND-10240,21.95947,73.03785,8842cace9bfffff,403.02,0.42,0.76,2026-08-20,1111,NOAA-20,68.0,378.81,139.0,D,78,90,industrial,7.6,0.92,6.71,2,2,Industrial/Gas Flare
FIRMS-IND-10241,22.57979,72.79323,8842ce21d5fffff,388.08,1.02,0.88,2026-08-20,0608,NOAA-20,54.3,348.65,154.28,D,69,79,industrial,0.1,1.35,1.62,2,2,Industrial/Gas Flare
FIRMS-IND-10242,21.03388,73.05155,8842d91addfffff,377.07,0.73,0.39,2026-08-20,1003,Aqua,79.4,351.47,66.31,N,71,90,industrial,9.0,0.64,2.12,2,2,Industrial/Gas Flare
FIRMS-IND-10243,21.76574,85.74019,883c8cdae9fffff,337.78,1.02,0.59,2026-08-20,0958,Aqua,68.7,304.02,36.45,D,38,79,mining,0.4,2.49,12.72,1,3,Mining Activity
FIRMS-IND-10244,30.597,75.41788,88424972abfffff,306.17,0.52,0.75,2026-08-20,1820,Aqua,53.6,273.96,17.68,D,1,90,farmland,24.0,4.48,3.44,0,1,Agricultural Burn
FIRMS-IND-10245,21.491,85.10658,883c811033fffff,283.81,0.46,0.45,2026-08-20,1513,SNPP,58.3,270.0,3.31,N,1,90,grassland,11.9,2.47,0.18,1,5,False Positive/Noise
FIRMS-IND-10246,23.6218,78.59947,883d9eb669fffff,334.69,0.7,0.91,2026-08-20,0003,NOAA-20,99.4,318.45,26.39,N,9,90,forest,61.9,13.28,16.02,0,0,Wildfire
FIRMS-IND-10247,21.24526,84.34144,883c80a895fffff,352.41,1.02,1.19,2026-08-20,2025,NOAA-20,98.1,315.51,46.67,D,41,90,mining,1.5,0.99,6.55,1,3,Mining Activity
FIRMS-IND-10248,22.82009,72.90129,8842c8c847fffff,361.56,0.4,0.94,2026-08-20,0134,Terra,77.4,334.48,67.61,D,62,90,mining,16.7,2.45,13.26,1,3,Mining Activity
FIRMS-IND-10249,22.5692,85.67986,883caa06a7fffff,350.17,0.92,0.76,2026-08-20,2231,NOAA-20,96.9,324.68,37.77,D,50,90,mining,19.8,0.78,6.62,1,3,Mining Activity
FIRMS-IND-10250,23.11529,74.24792,8842c94043fffff,422.83,0.94,0.63,2026-08-20,2044,SNPP,89.8,385.78,212.7,D,72,85,industrial,2.5,0.76,0.82,2,2,Industrial/Gas Flare
FIRMS-IND-10251,22.59467,73.06932,8842c8583bfffff,347.15,0.37,0.85,2026-08-20,0702,Aqua,78.7,330.32,96.11,D,73,90,industrial,5.0,0.5,6.01,2,2,Industrial/Gas Flare
FIRMS-IND-10252,22.14065,85.64765,883caa6311fffff,289.78,1.04,0.87,2026-08-20,2150,SNPP,78.6,270.0,27.89,D,72,79,mining,11.8,1.09,10.15,1,3,Mining Activity
FIRMS-IND-10253,21.73952,72.19062,8842dd1665fffff,354.34,0.53,0.59,2026-08-20,1908,Aqua,50.7,319.85,263.73,N,75,90,industrial,0.9,0.34,4.39,2,2,Industrial/Gas Flare
FIRMS-IND-10254,21.88565,84.78117,883c819341fffff,315.8,1.14,1.2,2026-08-20,0930,SNPP,94.0,299.32,64.11,D,34,90,mining,11.3,2.06,10.83,1,3,Mining Activity
FIRMS-IND-10255,19.82412,77.72967,886095031bfffff,340.5,0.68,0.67,2026-08-20,0454,Aqua,84.6,296.53,62.3,D,7,79,forest,81.7,25.09,4.42,0,0,Wildfire
FIRMS-IND-10256,31.36559,75.74004,883d14d26bfffff,332.28,0.98,0.55,2026-08-20,1846,NOAA-20,89.2,290.01,37.38,D,3,90,farmland,11.2,2.42,6.81,0,1,Agricultural Burn
FIRMS-IND-10257,22.02493,73.40442,8842ca0505fffff,369.3,0.62,1.04,2026-08-20,0916,Aqua,96.3,328.16,236.12,N,80,85,industrial,4.9,0.25,2.36,2,2,Industrial/Gas Flare
FIRMS-IND-10258,30.54539,76.06519,883d1682a3fffff,327.13,0.61,0.4,2026-08-20,1037,SNPP,56.9,283.55,15.07,D,1,90,farmland,18.4,1.54,3.19,0,1,Agricultural Burn
FIRMS-IND-10259,31.25789,75.23654,884249b32bfffff,325.29,1.08,1.17,2026-08-20,1537,Aqua,69.2,305.25,18.99,N,18,90,residential,9.4,0.53,2.54,1,4,Urban/Infrastructure
FIRMS-IND-10260,31.19785,76.96903,883d142a85fffff,297.34,0.44,1.06,2026-08-20,1530,Aqua,94.0,270.0,21.21,D,4,85,farmland,21.6,4.23,7.38,0,1,Agricultural Burn
FIRMS-IND-10261,30.08873,75.63333,883d16d84bfffff,319.24,0.68,0.47,2026-08-20,1948,SNPP,98.8,293.16,34.7,D,2,85,farmland,23.8,1.84,7.98,0,1,Agricultural Burn
FIRMS-IND-10262,30.91745,75.68666,884249224bfffff,306.11,0.41,0.91,2026-08-20,1920,SNPP,89.3,285.24,8.25,N,1,90,farmland,7.8,4.92,3.25,0,1,Agricultural Burn
FIRMS-IND-10263,21.49586,78.18066,88609049edfffff,365.06,0.64,0.4,2026-08-20,0708,SNPP,93.1,346.9,129.75,D,1,90,forest,94.9,15.88,18.65,0,0,Wildfire
FIRMS-IND-10264,30.93367,75.22826,884249155dfffff,332.82,0.61,0.56,2026-08-20,1058,Terra,85.6,310.78,6.75,N,2,90,farmland,19.5,1.54,7.35,0,1,Agricultural Burn
FIRMS-IND-10265,31.50227,75.44142,883d327b1dfffff,353.57,0.8,0.38,2026-08-20,0655,NOAA-20,99.3,315.93,22.78,D,3,90,farmland,20.5,3.52,1.29,0,1,Agricultural Burn
FIRMS-IND-10266,30.01569,76.6196,883d167451fffff,320.71,1.05,0.64,2026-08-20,0507,SNPP,97.6,301.6,24.12,D,1,79,farmland,5.1,2.32,3.11,0,1,Agricultural Burn
FIRMS-IND-10267,29.08315,76.17723,883da5003dfffff,338.8,0.64,0.95,2026-08-20,1637,NOAA-20,83.7,298.47,63.93,N,1,90,farmland,19.7,2.92,8.56,0,1,Agricultural Burn
FIRMS-IND-10268,22.14932,73.29053,8842ca1405fffff,414.1,0.36,0.79,2026-08-20,0035,NOAA-20,75.1,398.67,423.33,N,85,90,industrial,8.6,0.34,6.9,2,2,Industrial/Gas Flare
FIRMS-IND-10269,20.80797,77.78095,8860900611fffff,383.32,1.06,0.91,2026-08-20,0819,SNPP,57.8,351.91,33.94,D,3,85,forest,84.5,9.86,10.6,0,0,Wildfire
FIRMS-IND-10270,19.32007,78.18483,8860b32949fffff,339.39,1.0,0.44,2026-08-20,2237,Aqua,73.9,310.05,23.52,N,7,90,forest,73.7,28.69,5.4,0,0,Wildfire
FIRMS-IND-10271,23.41827,79.57709,883d980e09fffff,328.77,0.82,0.56,2026-08-20,0009,Aqua,61.9,304.77,100.77,D,7,90,forest,81.7,25.62,14.71,0,0,Wildfire
FIRMS-IND-10272,20.67042,80.92752,883cb044adfffff,306.29,0.93,0.37,2026-08-20,0010,NOAA-20,86.3,280.48,4.3,D,1,85,waterbody,4.4,17.79,0.35,1,5,False Positive/Noise
FIRMS-IND-10273,21.52883,84.8264,883c81d5d1fffff,318.77,0.96,0.55,2026-08-20,1754,SNPP,77.7,287.74,29.71,D,46,79,mining,2.2,1.8,9.56,1,3,Mining Activity
FIRMS-IND-10274,21.94544,77.45114,8860935acdfffff,319.29,0.4,0.62,2026-08-20,1427,SNPP,93.6,301.68,8.21,D,32,90,residential,7.5,0.49,3.89,1,4,Urban/Infrastructure
FIRMS-IND-10275,30.44874,76.22903,883d168cc9fffff,335.47,1.03,1.06,2026-08-20,0751,Terra,97.0,301.78,26.04,N,1,90,farmland,13.6,1.9,7.53,0,1,Agricultural Burn
FIRMS-IND-10276,21.69646,78.57018,8860929b1dfffff,400.56,0.51,0.99,2026-08-20,1025,NOAA-20,79.8,371.02,25.16,D,8,85,forest,86.2,13.92,13.79,0,0,Wildfire
FIRMS-IND-10277,22.25628,73.47416,8842caaaabfffff,376.79,0.71,0.4,2026-08-20,0908,Aqua,62.1,341.89,197.42,N,88,90,industrial,6.8,1.03,4.33,2,2,Industrial/Gas Flare
FIRMS-IND-10278,22.36971,86.44469,883cab4f29fffff,304.42,0.44,1.07,2026-08-20,2129,SNPP,69.7,275.22,5.01,N,1,85,grassland,20.6,10.45,0.19,1,5,False Positive/Noise
FIRMS-IND-10279,22.9874,72.65161,8842cea419fffff,391.16,0.39,0.62,2026-08-20,1037,Terra,96.4,354.0,236.72,D,73,85,industrial,6.4,0.38,2.09,2,2,Industrial/Gas Flare
FIRMS-IND-10280,31.08886,75.83945,883d14cb49fffff,336.53,0.76,0.4,2026-08-20,0912,NOAA-20,69.0,303.02,6.36,N,2,90,farmland,7.0,4.06,8.3,0,1,Agricultural Burn
FIRMS-IND-10281,30.79252,75.2992,88424900e7fffff,322.7,0.79,0.52,2026-08-20,1947,Terra,88.7,296.13,5.63,D,4,90,farmland,14.8,2.88,4.01,0,1,Agricultural Burn
FIRMS-IND-10282,28.85216,76.15482,883da54689fffff,299.47,1.06,1.08,2026-08-20,2143,NOAA-20,96.0,284.11,72.53,D,4,90,farmland,12.8,1.8,7.52,0,1,Agricultural Burn
FIRMS-IND-10283,22.50882,84.58037,883c85a057fffff,328.64,1.06,0.55,2026-08-20,0945,SNPP,88.4,311.78,39.47,D,62,79,mining,8.6,0.41,3.38,1,3,Mining Activity
FIRMS-IND-10284,29.83411,74.64635,88424bd40bfffff,296.84,0.71,0.38,2026-08-20,0250,NOAA-20,67.3,270.0,36.74,D,3,90,farmland,13.8,4.3,3.36,0,1,Agricultural Burn
FIRMS-IND-10285,29.87507,75.59216,88424b3543fffff,380.58,0.74,0.76,2026-08-20,2258,NOAA-20,58.5,362.71,137.24,D,77,79,industrial,7.0,0.5,5.23,2,2,Industrial/Gas Flare
FIRMS-IND-10286,31.34847,75.96381,883d14d519fffff,336.49,0.99,1.12,2026-08-20,1127,NOAA-20,68.8,303.39,12.18,D,1,90,farmland,9.4,2.82,1.92,0,1,Agricultural Burn
FIRMS-IND-10287,30.16831,76.5552,883d163b5dfffff,336.61,0.46,0.61,2026-08-20,0955,Aqua,83.5,309.54,9.38,D,1,90,farmland,18.0,4.55,6.61,0,1,Agricultural Burn
FIRMS-IND-10288,22.17858,85.20206,883caa4205fffff,372.4,0.73,1.07,2026-08-20,1222,Aqua,60.2,334.32,53.35,D,66,90,mining,19.9,1.46,5.28,1,3,Mining Activity
FIRMS-IND-10289,20.18527,77.92075,886095404bfffff,296.09,0.73,0.76,2026-08-20,1310,NOAA-20,71.4,270.0,100.53,D,8,90,forest,64.2,29.42,6.18,0,0,Wildfire
FIRMS-IND-10290,22.16973,79.77924,883cb49019fffff,380.28,0.39,0.64,2026-08-20,2211,NOAA-20,90.1,352.24,59.18,N,3,79,forest,67.1,28.86,18.61,0,0,Wildfire
FIRMS-IND-10291,23.33041,73.48562,8842c8a321fffff,366.07,0.6,0.75,2026-08-20,0631,NOAA-20,55.9,322.45,67.17,N,82,90,industrial,7.4,0.42,0.94,2,2,Industrial/Gas Flare
FIRMS-IND-10292,32.55686,76.04614,883d306ca7fffff,308.57,1.14,0.46,2026-08-20,1430,Aqua,99.0,280.95,18.59,D,1,90,farmland,10.6,3.13,3.31,0,1,Agricultural Burn
FIRMS-IND-10293,22.13335,84.00665,883c85c501fffff,329.43,1.2,0.71,2026-08-20,1154,SNPP,70.9,288.1,108.54,D,68,90,industrial,7.6,1.06,6.98,2,2,Industrial/Gas Flare
FIRMS-IND-10294,18.84312,77.97451,886086d8a3fffff,319.01,0.6,1.01,2026-08-20,1243,Aqua,50.5,301.75,166.33,D,3,90,forest,70.7,9.82,5.19,0,0,Wildfire
FIRMS-IND-10295,22.29536,73.35349,8842cab8e1fffff,372.03,0.89,1.0,2026-08-20,1608,SNPP,88.7,353.0,198.41,D,83,90,industrial,5.2,0.27,7.71,2,2,Industrial/Gas Flare
FIRMS-IND-10296,31.28054,74.35639,88424d0dabfffff,319.46,0.76,0.68,2026-08-20,0556,SNPP,89.3,289.84,7.97,N,4,79,farmland,22.9,2.45,5.82,0,1,Agricultural Burn
FIRMS-IND-10297,28.09389,76.25694,883da0048dfffff,300.3,0.68,0.73,2026-08-20,1237,SNPP,62.9,275.8,13.18,D,4,85,farmland,19.2,3.14,8.39,0,1,Agricultural Burn
FIRMS-IND-10298,22.6023,72.81314,8842ce20a9fffff,421.14,0.43,0.49,2026-08-20,0958,Terra,89.4,405.42,101.18,D,73,90,industrial,0.1,1.23,7.61,2,2,Industrial/Gas Flare
FIRMS-IND-10299,22.46223,72.29807,8842ce0aedfffff,339.72,0.58,0.44,2026-08-20,0417,NOAA-20,99.5,306.38,505.08,D,69,90,industrial,0.6,1.28,0.94,2,2,Industrial/Gas Flare
FIRMS-IND-10300,22.1323,73.16882,8842ca12a9fffff,369.67,0.78,0.57,2026-08-20,0621,NOAA-20,92.2,352.28,241.14,N,77,90,industrial,8.1,0.43,2.18,2,2,Industrial/Gas Flare
FIRMS-IND-10301,23.26842,79.23855,883d985751fffff,339.1,0.46,0.86,2026-08-20,1704,NOAA-20,67.4,297.23,27.76,N,6,85,forest,69.2,19.53,15.21,0,0,Wildfire
FIRMS-IND-10302,22.6547,85.09741,883caad413fffff,332.99,0.99,0.39,2026-08-20,0904,Terra,59.6,308.71,20.09,N,67,85,mining,2.1,2.5,3.81,1,3,Mining Activity
FIRMS-IND-10303,32.26871,76.08215,883d33c107fffff,304.36,0.38,1.07,2026-08-20,1731,Aqua,96.9,270.0,1.05,D,1,79,grassland,29.6,5.01,0.84,1,5,False Positive/Noise
FIRMS-IND-10304,19.12758,80.44793,8860b6449dfffff,321.82,0.96,0.36,2026-08-20,1218,SNPP,69.5,277.53,30.74,N,7,90,forest,85.0,11.78,15.93,0,0,Wildfire
FIRMS-IND-10305,23.30048,77.81893,883d916f55fffff,348.06,0.95,0.36,2026-08-20,1901,Terra,58.8,307.08,27.68,D,6,79,forest,84.1,12.82,4.04,0,0,Wildfire
FIRMS-IND-10306,21.48201,72.96715,8842d9941dfffff,304.24,1.13,0.48,2026-08-20,0753,Terra,78.5,289.18,91.37,D,42,90,mining,4.5,2.05,9.93,1,3,Mining Activity
FIRMS-IND-10307,30.63616,76.56426,883d16a2dbfffff,315.19,0.9,0.39,2026-08-20,1524,Terra,56.7,272.36,11.63,N,3,90,farmland,10.9,4.68,2.12,0,1,Agricultural Burn
FIRMS-IND-10308,22.31366,72.45283,8842ce71cdfffff,358.26,1.04,0.56,2026-08-20,1737,NOAA-20,54.1,330.21,19.84,D,58,90,mining,10.0,2.34,5.45,1,3,Mining Activity
FIRMS-IND-10309,30.2752,75.64155,883d16d203fffff,371.39,1.05,0.88,2026-08-20,1226,NOAA-20,62.9,352.32,32.49,D,4,85,farmland,7.1,3.42,8.81,0,1,Agricultural Burn
FIRMS-IND-10310,21.56778,73.43137,8842d9b695fffff,283.62,0.57,0.59,2026-08-20,1910,SNPP,99.9,270.0,373.21,D,86,85,industrial,6.4,0.58,7.98,2,2,Industrial/Gas Flare
FIRMS-IND-10311,30.88984,76.65754,883d1478d3fffff,330.28,0.43,0.4,2026-08-20,0904,SNPP,71.3,301.21,106.11,N,1,90,farmland,20.0,3.15,2.91,0,1,Agricultural Burn
FIRMS-IND-10312,21.27694,85.70484,883c812f29fffff,336.81,0.91,0.96,2026-08-20,1125,Terra,67.2,301.8,113.08,D,32,79,mining,9.6,1.19,10.87,1,3,Mining Activity
FIRMS-IND-10313,21.40942,72.08477,8842dd56e5fffff,404.87,0.82,0.51,2026-08-20,2007,Aqua,81.6,389.12,83.67,N,70,90,industrial,8.4,1.33,2.32,2,2,Industrial/Gas Flare
FIRMS-IND-10314,30.92344,74.2506,884248b617fffff,313.58,0.51,0.69,2026-08-20,0622,SNPP,92.0,298.05,7.39,D,2,90,farmland,20.1,3.77,8.83,0,1,Agricultural Burn
FIRMS-IND-10315,30.45012,76.19273,883d168c5bfffff,332.56,0.46,0.92,2026-08-20,2026,SNPP,53.9,302.18,34.03,D,2,85,farmland,9.1,2.09,2.13,0,1,Agricultural Burn
FIRMS-IND-10316,31.13292,77.29378,883d109411fffff,343.65,0.59,0.89,2026-08-20,1658,SNPP,51.7,300.03,32.0,D,2,90,farmland,6.1,3.86,8.66,0,1,Agricultural Burn
FIRMS-IND-10317,22.03307,72.87306,8842cac2d5fffff,387.62,1.11,0.84,2026-08-20,0110,SNPP,87.7,363.34,133.33,D,80,85,industrial,2.1,1.16,2.4,2,2,Industrial/Gas Flare
FIRMS-IND-10318,30.03766,75.67306,883d16d9c3fffff,343.79,0.49,1.17,2026-08-20,1752,Terra,59.5,313.16,57.75,D,1,79,farmland,7.1,3.45,9.16,0,1,Agricultural Burn
FIRMS-IND-10319,30.35767,75.06975,88424941adfffff,385.45,0.49,0.46,2026-08-20,1721,NOAA-20,83.9,349.97,76.36,D,85,85,industrial,5.4,0.22,2.28,2,2,Industrial/Gas Flare
FIRMS-IND-10320,29.78174,75.59138,88424b204bfffff,306.42,0.92,1.18,2026-08-20,0257,Aqua,56.6,270.0,8.79,D,3,85,farmland,24.8,1.24,7.23,0,1,Agricultural Burn
FIRMS-IND-10321,22.19057,73.58312,8842ca32e9fffff,323.33,1.16,0.55,2026-08-20,1632,Terra,53.4,300.29,94.59,N,81,90,industrial,1.0,0.73,7.55,2,2,Industrial/Gas Flare
FIRMS-IND-10322,28.95337,74.73196,883da4803dfffff,304.1,0.9,0.69,2026-08-20,0937,SNPP,79.0,270.0,7.34,D,32,79,residential,2.2,0.67,2.18,1,4,Urban/Infrastructure
FIRMS-IND-10323,21.1764,77.98792,88609046e9fffff,396.3,0.53,1.01,2026-08-20,0825,NOAA-20,99.1,362.41,31.67,D,9,79,forest,62.2,23.36,11.87,0,0,Wildfire
FIRMS-IND-10324,21.80849,86.05765,883c8cc405fffff,338.15,0.5,0.66,2026-08-20,0429,Aqua,56.4,305.68,14.13,D,1,79,farmland,13.9,3.69,7.59,0,1,Agricultural Burn
FIRMS-IND-10325,21.66695,80.54953,883cb4218dfffff,310.34,1.09,0.55,2026-08-20,1742,Aqua,58.6,276.68,65.26,N,2,90,farmland,7.9,0.92,1.15,0,1,Agricultural Burn
FIRMS-IND-10326,22.71815,73.92097,8842cb9859fffff,359.63,0.52,0.99,2026-08-20,0832,Aqua,93.9,336.55,51.04,N,72,85,industrial,6.3,0.71,4.44,2,2,Industrial/Gas Flare
FIRMS-IND-10327,21.39969,84.86022,883c81c56bfffff,333.86,0.95,0.4,2026-08-20,1512,Aqua,75.4,305.61,26.95,D,42,85,mining,0.6,1.72,2.69,1,3,Mining Activity
FIRMS-IND-10328,31.46061,75.61947,883d326a03fffff,416.67,1.06,0.74,2026-08-20,0611,Aqua,81.9,374.71,202.46,D,74,79,industrial,0.8,0.4,2.38,2,2,Industrial/Gas Flare
FIRMS-IND-10329,20.90747,81.52854,883cb02c39fffff,373.63,0.42,1.19,2026-08-20,0554,Terra,81.6,337.19,280.18,D,66,85,industrial,7.1,0.69,4.38,2,2,Industrial/Gas Flare
FIRMS-IND-10330,21.41275,84.54519,883c81da47fffff,322.32,0.63,0.56,2026-08-20,1523,Aqua,76.7,277.44,56.09,N,42,90,residential,9.2,0.72,1.39,1,4,Urban/Infrastructure
FIRMS-IND-10331,21.40867,84.33694,883c80a0c5fffff,338.35,1.18,0.9,2026-08-20,1500,SNPP,81.1,314.08,31.53,D,52,90,mining,20.0,2.6,7.3,1,3,Mining Activity
FIRMS-IND-10332,22.29171,79.07662,883d9a1911fffff,331.54,1.05,1.02,2026-08-20,1321,Aqua,92.5,307.87,26.73,N,1,79,forest,91.8,7.19,18.92,0,0,Wildfire
FIRMS-IND-10333,22.45763,78.87894,883d9ad5a3fffff,365.74,0.39,0.86,2026-08-20,0451,SNPP,95.2,329.33,81.51,N,7,90,forest,69.0,22.53,3.24,0,0,Wildfire
FIRMS-IND-10334,21.94276,80.9112,883cb5cdd5fffff,360.48,0.87,0.42,2026-08-20,0211,NOAA-20,53.6,326.68,32.94,D,1,90,forest,78.8,26.5,6.62,0,0,Wildfire
FIRMS-IND-10335,22.60811,73.28674,8842c84e29fffff,393.79,1.08,1.08,2026-08-20,1331,NOAA-20,63.1,352.55,138.3,D,84,90,industrial,5.5,0.23,3.63,2,2,Industrial/Gas Flare
FIRMS-IND-10336,22.04107,85.56218,883caa79d7fffff,342.2,0.46,1.09,2026-08-20,0454,Terra,72.6,323.69,19.07,D,34,90,mining,4.7,2.2,13.36,1,3,Mining Activity
FIRMS-IND-10337,22.98034,73.21328,8842c81aedfffff,325.62,0.64,0.4,2026-08-20,0717,SNPP,66.7,295.87,80.28,D,3,85,forest,87.9,13.52,16.69,0,0,Wildfire
FIRMS-IND-10338,21.6259,73.51745,8842ca6a15fffff,446.75,0.74,0.61,2026-08-20,1506,Terra,93.9,423.04,509.82,D,88,85,industrial,9.5,0.53,1.77,2,2,Industrial/Gas Flare
FIRMS-IND-10339,21.88096,79.45181,883d9a68edfffff,353.43,0.77,0.59,2026-08-20,2200,SNPP,60.2,316.17,134.01,D,2,90,forest,62.7,21.6,7.04,0,0,Wildfire
FIRMS-IND-10340,29.22328,75.02573,88424b4d4bfffff,391.82,0.46,0.46,2026-08-20,2126,SNPP,66.1,375.78,333.62,D,74,90,industrial,2.7,0.83,2.26,2,2,Industrial/Gas Flare
FIRMS-IND-10341,23.04253,77.5764,883d93a0c9fffff,361.26,0.62,0.88,2026-08-20,1903,NOAA-20,96.7,327.14,48.54,N,5,85,forest,67.0,27.0,6.31,0,0,Wildfire
FIRMS-IND-10342,22.69388,85.49283,883caa1607fffff,330.43,0.81,0.39,2026-08-20,1355,Terra,84.0,309.34,16.11,N,39,90,mining,12.5,2.85,9.54,1,3,Mining Activity
FIRMS-IND-10343,21.63439,85.46123,883c81a8cbfffff,326.26,0.9,0.61,2026-08-20,0750,SNPP,52.7,286.17,26.76,D,43,90,mining,9.0,0.77,9.36,1,3,Mining Activity
FIRMS-IND-10344,21.62472,73.29227,8842ca4eb5fffff,404.54,0.55,0.36,2026-08-20,0550,Terra,56.8,385.17,204.07,N,81,90,industrial,5.0,0.25,3.42,2,2,Industrial/Gas Flare
FIRMS-IND-10345,29.73561,76.09546,883d164131fffff,324.56,0.76,0.62,2026-08-20,0741,NOAA-20,56.2,297.54,116.05,D,51,90,mining,5.3,2.35,14.05,1,3,Mining Activity
FIRMS-IND-10346,23.93142,79.18185,883d9892a9fffff,316.47,0.66,0.44,2026-08-20,1352,NOAA-20,97.8,299.35,21.23,D,5,90,forest,87.9,22.68,6.24,0,0,Wildfire
FIRMS-IND-10347,30.59013,76.48527,883d16a205fffff,340.94,0.53,0.54,2026-08-20,1857,SNPP,87.8,307.74,30.84,D,3,90,farmland,13.4,2.26,6.99,0,1,Agricultural Burn
FIRMS-IND-10348,21.57462,85.37252,883c81a955fffff,348.94,1.06,0.53,2026-08-20,0918,NOAA-20,76.0,328.22,52.19,D,68,90,industrial,5.5,0.97,5.48,2,2,Industrial/Gas Flare
FIRMS-IND-10349,22.38961,84.45996,883c85b997fffff,384.11,0.81,1.03,2026-08-20,0042,Terra,60.4,352.05,57.31,N,66,85,mining,12.4,1.9,13.04,1,3,Mining Activity
FIRMS-IND-10350,23.4392,78.69987,883d9ea099fffff,317.1,0.92,0.95,2026-08-20,0145,NOAA-20,89.1,288.82,80.76,D,1,90,farmland,24.9,3.64,3.64,0,1,Agricultural Burn
FIRMS-IND-10351,30.63571,78.07516,883d1020a5fffff,343.47,0.59,1.14,2026-08-20,1220,NOAA-20,82.4,327.59,52.2,D,1,90,farmland,15.5,3.52,3.42,0,1,Agricultural Burn
FIRMS-IND-10352,19.9955,78.83968,8860948c3dfffff,340.82,0.38,0.96,2026-08-20,2135,Aqua,71.1,322.99,108.37,D,9,85,forest,74.3,16.67,3.9,0,0,Wildfire
FIRMS-IND-10353,29.06349,75.53593,883da5daddfffff,345.16,0.94,0.58,2026-08-20,0611,Aqua,51.9,313.09,48.51,N,4,90,farmland,21.5,4.41,4.73,0,1,Agricultural Burn
FIRMS-IND-10354,22.57596,84.69122,883c85a62dfffff,326.83,0.89,0.78,2026-08-20,0019,NOAA-20,83.2,301.68,25.99,N,42,90,mining,12.6,0.92,12.41,1,3,Mining Activity
FIRMS-IND-10355,23.20077,73.30643,8842c88d9bfffff,406.29,0.59,0.83,2026-08-20,0716,Terra,87.5,370.49,317.14,N,71,85,industrial,6.3,0.88,6.07,2,2,Industrial/Gas Flare
FIRMS-IND-10356,31.58992,75.64987,883d32604bfffff,326.62,0.91,0.79,2026-08-20,0737,NOAA-20,75.6,283.4,19.29,D,41,85,residential,11.9,0.49,5.8,1,4,Urban/Infrastructure
FIRMS-IND-10357,21.64648,85.17268,883c818ca9fffff,345.38,0.4,0.57,2026-08-20,2156,NOAA-20,86.5,318.76,68.16,N,44,85,mining,10.1,2.97,8.05,1,3,Mining Activity
FIRMS-IND-10358,22.02658,85.42051,883caa4c8dfffff,342.02,0.46,0.8,2026-08-20,1321,Terra,62.6,307.31,18.14,D,35,79,mining,11.2,1.75,3.49,1,3,Mining Activity
FIRMS-IND-10359,30.4864,76.20402,883d168ec3fffff,343.07,0.4,0.96,2026-08-20,0519,NOAA-20,99.1,307.34,149.0,N,1,90,farmland,5.7,2.75,6.41,0,1,Agricultural Burn
FIRMS-IND-10360,22.39127,72.81657,8842ca9309fffff,341.36,0.96,1.14,2026-08-20,0416,Terra,77.0,303.87,66.83,N,61,90,mining,16.5,2.01,14.6,1,3,Mining Activity
FIRMS-IND-10361,21.95213,77.31491,886093400dfffff,425.2,0.73,1.11,2026-08-20,2224,Aqua,61.1,386.79,161.1,D,74,79,industrial,7.1,0.43,3.42,2,2,Industrial/Gas Flare
FIRMS-IND-10362,30.02844,74.77852,88424b833dfffff,339.23,1.07,1.03,2026-08-20,1230,NOAA-20,60.5,308.12,13.19,N,3,90,farmland,18.7,0.74,8.05,0,1,Agricultural Burn
FIRMS-IND-10363,21.31108,79.6437,886096da49fffff,349.38,0.54,1.14,2026-08-20,1805,Aqua,94.4,320.58,167.42,D,2,79,forest,68.1,7.89,8.54,0,0,Wildfire
FIRMS-IND-10364,23.26963,76.67964,883d903b0dfffff,377.42,0.73,0.63,2026-08-20,1236,Terra,64.7,354.66,330.07,D,1,85,forest,79.6,17.57,5.46,0,0,Wildfire
FIRMS-IND-10365,20.80955,78.33557,886090d553fffff,349.63,0.35,0.42,2026-08-20,0316,SNPP,98.7,309.87,115.53,D,6,85,forest,73.5,15.51,12.56,0,0,Wildfire
FIRMS-IND-10366,21.2029,85.89505,883c8e9443fffff,306.43,0.56,0.65,2026-08-20,1323,Aqua,69.2,270.0,1.61,N,1,85,waterbody,13.6,14.66,0.29,1,5,False Positive/Noise
FIRMS-IND-10367,30.4031,76.52599,883d16a811fffff,286.16,1.09,1.0,2026-08-20,1236,NOAA-20,83.6,270.0,12.47,N,4,90,farmland,15.7,4.71,3.78,0,1,Agricultural Burn
FIRMS-IND-10368,23.33111,74.09239,8842c9cf1bfffff,375.4,0.59,0.41,2026-08-20,1141,NOAA-20,85.0,348.04,112.58,D,86,90,industrial,7.8,1.17,7.8,2,2,Industrial/Gas Flare
FIRMS-IND-10369,32.28656,75.09009,883d3282e1fffff,350.41,0.7,1.11,2026-08-20,0937,Aqua,94.6,322.48,11.43,D,3,85,farmland,14.9,4.53,3.41,0,1,Agricultural Burn
FIRMS-IND-10370,20.93683,78.34362,886090c003fffff,343.12,0.66,1.04,2026-08-20,2019,SNPP,94.7,305.42,43.14,D,6,90,forest,62.3,23.24,12.52,0,0,Wildfire
FIRMS-IND-10371,29.96329,76.51128,883d1670d9fffff,328.96,0.91,0.55,2026-08-20,1834,Aqua,75.9,298.07,28.38,D,1,85,farmland,10.1,3.0,5.75,0,1,Agricultural Burn
FIRMS-IND-10372,23.46667,78.06895,883d9e9027fffff,305.63,0.65,1.04,2026-08-20,0116,NOAA-20,51.2,290.51,3.91,D,1,85,grassland,22.5,15.08,0.67,1,5,False Positive/Noise
FIRMS-IND-10373,32.11096,76.2498,883d3352adfffff,282.09,0.72,0.55,2026-08-20,0415,SNPP,94.3,270.0,24.85,N,71,79,mining,17.1,1.36,3.16,1,3,Mining Activity
FIRMS-IND-10374,21.74898,85.14389,883c818537fffff,326.87,0.7,0.48,2026-08-20,0403,SNPP,97.2,311.76,145.33,D,59,90,mining,9.5,0.21,2.14,1,3,Mining Activity
FIRMS-IND-10375,22.87361,79.79611,883d9bd01dfffff,371.17,0.59,0.82,2026-08-20,0822,Aqua,58.7,327.29,191.11,D,9,79,forest,62.6,29.82,9.93,0,0,Wildfire
FIRMS-IND-10376,31.03247,75.18261,8842498ca1fffff,317.53,0.87,0.57,2026-08-20,0347,SNPP,93.5,283.45,13.39,D,1,85,farmland,15.9,3.02,5.68,0,1,Agricultural Burn
FIRMS-IND-10377,22.27988,84.28035,883c851761fffff,370.22,1.07,0.82,2026-08-20,0953,Terra,69.9,345.71,51.54,D,49,85,mining,17.5,2.83,12.47,1,3,Mining Activity
FIRMS-IND-10378,21.23318,74.12896,88609b168dfffff,409.79,0.62,1.01,2026-08-20,1610,Terra,90.4,379.53,141.99,D,81,90,industrial,7.4,0.7,3.0,2,2,Industrial/Gas Flare
FIRMS-IND-10379,30.84531,76.39174,883d144eedfffff,331.69,0.46,1.17,2026-08-20,0747,NOAA-20,54.5,301.35,89.37,N,2,90,farmland,9.7,0.77,5.66,0,1,Agricultural Burn
FIRMS-IND-10380,30.51527,75.10874,88424955a3fffff,321.39,0.42,1.12,2026-08-20,1830,NOAA-20,65.5,291.16,13.52,D,4,90,farmland,23.3,1.25,2.09,0,1,Agricultural Burn
FIRMS-IND-10381,22.84605,72.46177,8842cea12bfffff,382.19,0.52,0.96,2026-08-20,0101,Terra,57.6,359.27,58.95,D,86,90,industrial,8.7,1.24,2.25,2,2,Industrial/Gas Flare
FIRMS-IND-10382,22.23983,85.84529,883caa6611fffff,331.84,0.36,0.41,2026-08-20,0334,NOAA-20,97.2,288.89,23.57,D,61,85,mining,9.7,2.17,2.39,1,3,Mining Activity
FIRMS-IND-10383,23.07261,85.16308,883cae2d1dfffff,365.19,0.71,0.55,2026-08-20,1807,Terra,81.4,327.3,71.4,N,60,85,mining,16.1,0.21,6.16,1,3,Mining Activity
FIRMS-IND-10384,21.74821,85.55114,883c81ae5bfffff,347.19,0.67,0.99,2026-08-20,0326,Terra,80.8,319.83,36.52,N,66,79,mining,1.2,2.8,10.43,1,3,Mining Activity
FIRMS-IND-10385,24.41708,79.76497,883d9d0f69fffff,384.55,0.75,0.62,2026-08-20,2001,NOAA-20,87.9,360.38,178.37,D,7,90,forest,74.9,8.22,19.11,0,0,Wildfire
FIRMS-IND-10386,21.22088,85.35157,883c810da1fffff,300.3,0.73,0.36,2026-08-20,1119,Terra,82.1,272.89,2.03,D,1,85,grassland,0.8,15.3,0.48,1,5,False Positive/Noise
FIRMS-IND-10387,19.13883,79.89418,8860b291bdfffff,314.33,0.41,0.84,2026-08-20,1355,SNPP,77.3,286.25,51.22,N,1,90,farmland,22.0,2.36,2.01,0,1,Agricultural Burn
FIRMS-IND-10388,30.19243,76.11008,883d161a5bfffff,312.6,0.72,0.75,2026-08-20,1553,Terra,92.7,273.53,36.92,D,1,90,farmland,21.7,4.29,3.73,0,1,Agricultural Burn
FIRMS-IND-10389,30.60845,76.38281,883d16b1cdfffff,321.22,0.94,0.68,2026-08-20,1434,Aqua,50.0,298.98,29.29,D,3,85,farmland,18.2,2.26,4.32,0,1,Agricultural Burn
FIRMS-IND-10390,31.03763,76.09142,883d1452c5fffff,340.86,0.54,0.98,2026-08-20,1750,SNPP,85.0,313.8,290.87,D,73,90,industrial,9.0,0.2,7.21,2,2,Industrial/Gas Flare
FIRMS-IND-10391,21.16662,85.08779,883c81465dfffff,352.95,0.48,1.08,2026-08-20,1120,SNPP,75.3,337.41,50.35,N,73,79,mining,17.3,2.77,14.96,1,3,Mining Activity
FIRMS-IND-10392,21.48606,73.16821,8842d9b26dfffff,300.49,1.03,0.56,2026-08-20,0025,NOAA-20,73.0,285.04,7.41,D,33,85,residential,7.3,0.42,1.6,1,4,Urban/Infrastructure
FIRMS-IND-10393,22.32774,77.80215,8860926517fffff,329.56,0.54,1.03,2026-08-20,0331,SNPP,77.8,292.41,36.16,D,1,90,forest,60.5,5.49,19.54,0,0,Wildfire
FIRMS-IND-10394,22.29571,72.27673,8842ce444bfffff,364.07,0.43,1.13,2026-08-20,0016,Aqua,67.8,331.29,157.03,N,75,79,industrial,6.2,0.53,1.14,2,2,Industrial/Gas Flare
FIRMS-IND-10395,30.38232,74.22099,8842480421fffff,332.41,0.79,1.12,2026-08-20,0346,SNPP,50.5,296.38,37.18,D,1,90,farmland,23.4,2.34,2.72,0,1,Agricultural Burn
FIRMS-IND-10396,21.81772,85.92316,883c8cc28dfffff,341.86,0.99,1.12,2026-08-20,0705,NOAA-20,58.1,312.27,41.31,N,45,90,mining,1.4,1.54,4.24,1,3,Mining Activity
FIRMS-IND-10397,22.80568,80.41456,883d9b00d1fffff,345.59,0.61,0.91,2026-08-20,2053,NOAA-20,63.5,305.91,98.24,D,8,85,forest,91.2,17.64,4.31,0,0,Wildfire
FIRMS-IND-10398,21.8546,85.90094,883c8cd529fffff,322.06,0.99,0.58,2026-08-20,1242,Terra,67.3,282.83,94.96,D,38,79,mining,12.2,1.95,3.72,1,3,Mining Activity
FIRMS-IND-10399,22.00884,77.22574,8860934e63fffff,394.64,0.78,0.86,2026-08-20,0226,SNPP,87.9,356.91,138.0,N,9,90,forest,92.3,19.81,9.46,0,0,Wildfire
FIRMS-IND-10400,21.53158,85.51584,883c813235fffff,317.52,1.14,0.51,2026-08-20,2230,Aqua,88.0,289.91,38.14,N,3,90,farmland,7.7,2.83,2.01,0,1,Agricultural Burn
FIRMS-IND-10401,22.33419,72.32677,8842ce469dfffff,410.38,0.72,0.81,2026-08-20,2127,Terra,92.9,378.99,200.51,D,84,85,industrial,0.1,0.87,7.8,2,2,Industrial/Gas Flare
FIRMS-IND-10402,23.30134,73.18725,8842c880b1fffff,368.49,0.72,1.05,2026-08-20,1506,Terra,76.6,344.95,144.2,D,89,90,industrial,6.1,1.32,5.46,2,2,Industrial/Gas Flare
FIRMS-IND-10403,21.6655,73.26783,8842ca4eddfffff,411.88,0.39,0.96,2026-08-20,1208,Aqua,66.3,372.37,368.1,D,75,85,industrial,3.2,0.87,0.88,2,2,Industrial/Gas Flare
FIRMS-IND-10404,22.18972,73.03995,8842ca88cdfffff,302.85,0.41,0.91,2026-08-20,2012,SNPP,99.6,270.0,96.41,D,68,79,industrial,1.2,0.31,0.72,2,2,Industrial/Gas Flare
FIRMS-IND-10405,21.05255,85.61351,883c8165d1fffff,304.62,0.4,0.9,2026-08-20,0941,Aqua,57.9,274.99,133.59,D,30,90,mining,6.8,2.89,9.12,1,3,Mining Activity
FIRMS-IND-10406,22.02005,84.44171,883c850c63fffff,358.02,0.69,0.48,2026-08-20,0914,SNPP,65.2,332.14,59.34,D,49,90,mining,5.1,2.2,8.24,1,3,Mining Activity
FIRMS-IND-10407,29.75138,76.01041,883d16588bfffff,319.56,0.53,0.98,2026-08-20,1145,Aqua,60.8,278.71,28.39,N,4,90,farmland,19.1,0.81,2.74,0,1,Agricultural Burn
FIRMS-IND-10408,30.8991,76.83165,883d146e41fffff,325.53,0.95,1.15,2026-08-20,0445,SNPP,50.7,305.67,18.83,N,3,79,farmland,10.4,2.55,5.24,0,1,Agricultural Burn
FIRMS-IND-10409,22.44762,73.08088,8842ca94e7fffff,331.51,0.51,1.12,2026-08-20,0141,Terra,64.9,303.83,37.31,D,8,85,forest,73.1,17.33,12.85,0,0,Wildfire
FIRMS-IND-10410,22.76284,83.83881,883ca32a55fffff,353.68,0.84,0.88,2026-08-20,0013,Terra,51.2,328.23,18.74,N,74,79,mining,10.0,2.38,12.94,1,3,Mining Activity
FIRMS-IND-10411,21.89635,86.11728,883c8cc6dbfffff,346.27,0.66,0.53,2026-08-20,0302,NOAA-20,66.6,329.14,26.5,D,46,85,mining,13.8,1.8,7.26,1,3,Mining Activity
FIRMS-IND-10412,22.79924,79.8652,883d9bc229fffff,346.37,0.87,0.73,2026-08-20,0357,Terra,70.8,317.3,82.72,D,4,79,forest,70.5,9.82,4.98,0,0,Wildfire
FIRMS-IND-10413,21.81223,73.5488,8842ca7515fffff,413.52,0.46,0.89,2026-08-20,0348,NOAA-20,87.7,369.85,272.14,N,67,90,industrial,2.1,0.42,2.6,2,2,Industrial/Gas Flare
FIRMS-IND-10414,21.66841,79.94076,883cb41851fffff,328.3,0.43,0.6,2026-08-20,0200,Terra,61.3,305.58,81.5,D,9,85,forest,76.1,21.92,11.45,0,0,Wildfire
FIRMS-IND-10415,23.28412,79.20014,883d98cd85fffff,327.87,0.94,1.08,2026-08-20,0940,Aqua,50.4,310.01,254.39,D,70,90,industrial,3.1,0.13,4.87,2,2,Industrial/Gas Flare
FIRMS-IND-10416,22.84076,71.91802,8842ce9a81fffff,372.06,1.08,0.94,2026-08-20,2229,Terra,93.1,354.71,115.55,D,69,90,industrial,9.6,1.34,7.5,2,2,Industrial/Gas Flare
FIRMS-IND-10417,21.73114,85.62761,883c81ae99fffff,327.15,1.06,1.2,2026-08-20,2255,Aqua,88.5,297.5,60.76,D,68,90,mining,6.5,1.9,14.1,1,3,Mining Activity
FIRMS-IND-10418,22.82047,79.1235,883d9a95b7fffff,302.15,0.71,0.58,2026-08-20,2018,SNPP,61.2,272.14,124.34,N,3,90,forest,85.3,11.85,17.38,0,0,Wildfire
FIRMS-IND-10419,22.54628,72.97067,8842ce2c9dfffff,363.41,0.86,0.44,2026-08-20,1725,Terra,83.1,334.47,34.6,D,6,85,forest,76.1,10.96,19.01,0,0,Wildfire
FIRMS-IND-10420,22.03046,77.14141,8860934cc1fffff,366.18,0.68,0.64,2026-08-20,0731,SNPP,91.0,350.04,157.87,D,3,90,forest,82.1,13.74,7.98,0,0,Wildfire
FIRMS-IND-10421,29.67215,76.64735,883d1668a3fffff,359.58,0.8,0.92,2026-08-20,0715,NOAA-20,91.2,326.33,38.13,D,3,90,farmland,12.9,0.51,2.08,0,1,Agricultural Burn
FIRMS-IND-10422,21.74775,79.64532,883cb4c21dfffff,367.66,0.92,0.5,2026-08-20,2030,SNPP,95.7,327.44,390.21,N,8,90,forest,60.4,29.94,7.78,0,0,Wildfire
FIRMS-IND-10423,21.74296,72.88453,8842ca5369fffff,331.94,0.51,0.92,2026-08-20,1140,Aqua,84.5,301.54,121.39,N,80,90,industrial,0.5,1.4,7.71,2,2,Industrial/Gas Flare
FIRMS-IND-10424,21.30478,77.88923,8860907841fffff,354.39,0.39,0.63,2026-08-20,1222,Aqua,51.2,325.89,23.35,D,8,85,forest,71.4,29.59,14.34,0,0,Wildfire
FIRMS-IND-10425,22.20898,84.84126,883c8535a5fffff,339.09,1.04,0.99,2026-08-20,1611,Terra,55.5,302.46,61.26,D,61,90,mining,1.4,0.61,2.95,1,3,Mining Activity
FIRMS-IND-10426,21.7778,73.84791,88609b6ec9fffff,391.99,0.7,1.0,2026-08-20,1246,NOAA-20,98.7,347.4,103.09,D,89,90,industrial,0.3,1.12,6.77,2,2,Industrial/Gas Flare
FIRMS-IND-10427,24.7852,79.72417,883d9d8c99fffff,364.5,0.98,0.47,2026-08-20,0235,Aqua,96.8,329.16,130.02,D,1,90,forest,81.7,22.97,12.68,0,0,Wildfire
FIRMS-IND-10428,21.63624,85.84251,883c8cca35fffff,319.85,0.82,1.0,2026-08-20,1830,Aqua,54.6,295.05,16.36,D,52,85,mining,7.1,0.34,2.4,1,3,Mining Activity
FIRMS-IND-10429,30.7114,75.76773,88424928cdfffff,330.98,1.04,0.5,2026-08-20,1007,SNPP,90.5,313.35,8.76,D,4,90,farmland,13.4,3.68,5.16,0,1,Agricultural Burn
FIRMS-IND-10430,22.4227,73.48377,8842caa2d5fffff,423.41,0.86,0.5,2026-08-20,1101,NOAA-20,83.1,403.66,184.58,N,88,79,industrial,7.4,0.52,3.98,2,2,Industrial/Gas Flare
FIRMS-IND-10431,23.42508,85.78472,883ca80881fffff,342.06,0.96,0.91,2026-08-20,1649,Terra,89.4,301.85,47.79,D,45,85,mining,12.3,0.45,7.09,1,3,Mining Activity
FIRMS-IND-10432,30.8703,74.99692,8842491365fffff,337.52,0.72,1.14,2026-08-20,0507,Terra,94.0,322.13,15.17,N,3,85,farmland,20.0,3.34,7.75,0,1,Agricultural Burn
FIRMS-IND-10433,22.3005,73.7914,8842cbd983fffff,330.86,1.15,0.49,2026-08-20,1122,NOAA-20,63.5,291.84,421.18,D,74,90,industrial,6.5,1.12,0.51,2,2,Industrial/Gas Flare
FIRMS-IND-10434,21.96379,73.5623,8842ca3919fffff,388.45,0.74,0.66,2026-08-20,0132,Aqua,95.3,356.45,52.54,D,89,85,industrial,4.2,0.96,4.11,2,2,Industrial/Gas Flare
FIRMS-IND-10435,22.52924,74.06983,8842cbc689fffff,336.76,0.38,0.8,2026-08-20,1400,Aqua,80.3,301.0,47.9,D,54,90,mining,8.1,0.55,12.58,1,3,Mining Activity
FIRMS-IND-10436,30.85073,76.42919,883d144e81fffff,311.49,0.45,0.36,2026-08-20,0940,Aqua,89.5,287.61,33.5,D,1,85,farmland,17.3,4.24,5.45,0,1,Agricultural Burn
FIRMS-IND-10437,22.8368,84.70843,883cae7ab7fffff,296.8,0.36,1.06,2026-08-20,1006,SNPP,66.4,270.0,16.74,N,4,79,farmland,8.9,2.06,4.22,0,1,Agricultural Burn
FIRMS-IND-10438,22.6638,86.2479,883cab5257fffff,315.76,0.77,0.97,2026-08-20,1442,NOAA-20,65.8,288.75,17.22,D,40,90,mining,1.9,1.64,9.33,1,3,Mining Activity
FIRMS-IND-10439,22.40374,72.98792,8842ca956bfffff,330.48,0.39,1.19,2026-08-20,1524,Aqua,69.7,300.71,112.9,N,65,85,industrial,2.2,0.48,6.52,2,2,Industrial/Gas Flare
FIRMS-IND-10440,21.41464,74.11517,88609b00d7fffff,354.29,0.72,1.18,2026-08-20,2119,Aqua,97.0,331.47,225.83,N,87,90,industrial,4.7,1.0,1.31,2,2,Industrial/Gas Flare
FIRMS-IND-10441,21.84673,73.78812,88609b6c85fffff,297.13,1.12,0.49,2026-08-20,1655,Terra,98.4,270.0,3.46,N,0,90,waterbody,19.0,7.91,0.64,1,5,False Positive/Noise
FIRMS-IND-10442,30.38839,75.31969,8842497b3bfffff,327.09,0.62,0.46,2026-08-20,0328,Terra,51.5,303.85,57.99,D,3,85,farmland,8.0,0.67,8.91,0,1,Agricultural Burn
FIRMS-IND-10443,30.34517,75.70091,8842496dcdfffff,321.41,0.53,0.94,2026-08-20,0731,Terra,74.1,296.72,18.23,N,1,85,farmland,19.6,3.69,2.8,0,1,Agricultural Burn
FIRMS-IND-10444,22.20245,85.57088,883caa71c9fffff,359.75,0.57,0.6,2026-08-20,1719,SNPP,86.0,324.14,27.81,D,31,90,mining,11.2,2.89,10.16,1,3,Mining Activity
FIRMS-IND-10445,21.22152,78.83035,88609606e7fffff,323.97,0.69,0.61,2026-08-20,0530,NOAA-20,72.8,282.15,50.72,D,4,90,farmland,21.9,2.29,5.7,0,1,Agricultural Burn
FIRMS-IND-10446,21.81727,84.60733,883c85676dfffff,358.87,0.87,0.67,2026-08-20,2045,Aqua,63.6,318.22,48.75,D,1,90,farmland,20.5,4.2,1.54,0,1,Agricultural Burn
FIRMS-IND-10447,22.82131,78.92001,883d9a9007fffff,347.22,0.45,0.95,2026-08-20,1112,Terra,69.9,322.13,197.52,D,67,85,industrial,4.7,1.1,3.79,2,2,Industrial/Gas Flare
FIRMS-IND-10448,21.7318,84.10487,883c8541c1fffff,327.92,0.72,0.7,2026-08-20,0122,SNPP,62.5,294.63,20.79,D,7,85,forest,71.7,16.23,12.7,0,0,Wildfire
FIRMS-IND-10449,21.83166,79.54856,883cb4d2e1fffff,329.72,0.55,0.67,2026-08-20,1928,NOAA-20,56.7,305.11,32.02,N,1,85,farmland,13.3,4.33,3.07,0,1,Agricultural Burn
FIRMS-IND-10450,21.39344,86.53469,883c8c6317fffff,303.42,0.52,0.77,2026-08-20,0125,SNPP,84.2,284.66,40.99,N,1,79,farmland,5.9,4.11,6.44,0,1,Agricultural Burn
FIRMS-IND-10451,29.22789,75.26828,883da4b691fffff,346.92,0.59,0.35,2026-08-20,1258,NOAA-20,91.9,330.95,78.17,D,52,90,mining,12.6,0.53,10.51,1,3,Mining Activity
FIRMS-IND-10452,31.453,75.7342,883d326f67fffff,329.6,1.09,0.7,2026-08-20,1809,NOAA-20,77.6,293.34,6.64,D,4,85,farmland,17.3,3.61,4.64,0,1,Agricultural Burn
FIRMS-IND-10453,21.73148,72.78909,8842dd2601fffff,392.17,0.77,0.96,2026-08-20,1646,NOAA-20,68.2,375.6,108.33,N,75,85,industrial,6.8,0.9,4.1,2,2,Industrial/Gas Flare
FIRMS-IND-10454,21.86972,73.9665,88609b6aabfffff,411.38,0.97,0.38,2026-08-20,1454,Terra,57.6,394.31,82.98,N,87,85,industrial,6.4,0.5,2.27,2,2,Industrial/Gas Flare
FIRMS-IND-10455,20.26902,79.138,886094c0a5fffff,370.26,0.94,0.83,2026-08-20,0558,Aqua,96.5,351.94,30.25,D,1,90,forest,72.3,23.94,12.9,0,0,Wildfire
FIRMS-IND-10456,21.07922,77.98033,8860900861fffff,347.93,0.44,0.94,2026-08-20,1411,SNPP,86.7,306.79,134.42,D,5,79,forest,91.4,23.29,9.24,0,0,Wildfire
FIRMS-IND-10457,21.79913,72.96124,8842ca5217fffff,383.4,0.48,0.95,2026-08-20,1755,Terra,86.5,354.81,97.03,N,85,85,industrial,7.0,1.21,5.22,2,2,Industrial/Gas Flare
FIRMS-IND-10458,19.65438,79.95802,8860b2cf31fffff,343.51,1.08,0.56,2026-08-20,0706,SNPP,66.4,322.21,79.98,D,59,85,mining,0.2,1.94,7.37,1,3,Mining Activity
FIRMS-IND-10459,22.58324,84.3523,883c85b365fffff,324.77,0.38,0.47,2026-08-20,1232,NOAA-20,66.8,280.49,17.89,N,39,85,mining,17.7,2.02,4.13,1,3,Mining Activity
FIRMS-IND-10460,30.25519,75.52405,88424969edfffff,329.12,0.43,0.79,2026-08-20,1157,Aqua,97.8,293.18,6.94,D,3,79,farmland,13.9,2.47,8.06,0,1,Agricultural Burn
FIRMS-IND-10461,31.20276,74.9885,884249828bfffff,317.25,1.08,1.15,2026-08-20,2202,Aqua,53.9,297.09,18.55,D,3,79,farmland,17.3,4.94,6.76,0,1,Agricultural Burn
FIRMS-IND-10462,20.7721,77.82419,8860901487fffff,376.35,1.12,0.44,2026-08-20,0504,NOAA-20,56.3,344.36,25.38,D,3,85,forest,83.5,22.61,12.5,0,0,Wildfire
FIRMS-IND-10463,20.00636,84.64609,883c834243fffff,393.54,0.82,0.52,2026-08-20,0518,Aqua,94.6,364.43,62.38,D,85,90,industrial,8.3,0.17,6.89,2,2,Industrial/Gas Flare
FIRMS-IND-10464,22.03052,85.08089,883caa59ebfffff,329.94,0.73,0.4,2026-08-20,1930,NOAA-20,80.4,298.79,44.12,D,63,85,mining,13.0,2.91,13.22,1,3,Mining Activity
FIRMS-IND-10465,22.50073,72.47375,8842ce0c19fffff,336.32,0.95,0.6,2026-08-20,1150,NOAA-20,80.3,318.63,180.49,N,76,90,industrial,8.3,0.89,5.53,2,2,Industrial/Gas Flare
FIRMS-IND-10466,22.07014,79.1475,883d9a4465fffff,342.77,0.81,0.74,2026-08-20,1905,Aqua,71.2,325.77,45.78,D,5,90,forest,77.5,28.29,12.92,0,0,Wildfire
FIRMS-IND-10467,21.14586,85.21465,883c81730dfffff,347.47,1.12,0.71,2026-08-20,0339,Aqua,84.9,332.42,72.2,N,32,79,mining,7.6,1.52,10.2,1,3,Mining Activity
FIRMS-IND-10468,31.66435,75.26294,883d3254a3fffff,342.7,0.41,0.99,2026-08-20,1240,Terra,70.8,322.31,26.33,N,32,90,mining,6.7,2.24,10.7,1,3,Mining Activity
FIRMS-IND-10469,21.15615,84.82524,883c815043fffff,345.46,0.67,1.16,2026-08-20,0728,Aqua,84.3,307.69,67.47,D,42,90,mining,18.9,0.6,10.36,1,3,Mining Activity
FIRMS-IND-10470,22.95279,78.51269,883d9e0c2bfffff,320.28,0.39,1.12,2026-08-20,2132,NOAA-20,82.7,276.6,47.96,D,6,85,forest,63.3,5.56,3.95,0,0,Wildfire
FIRMS-IND-10471,19.89827,78.07814,886095c18bfffff,369.63,1.15,0.51,2026-08-20,1933,Terra,71.3,350.46,21.46,D,4,90,forest,88.4,8.38,10.97,0,0,Wildfire
FIRMS-IND-10472,22.03491,72.64411,8842cad305fffff,305.34,0.59,0.51,2026-08-20,1710,Terra,92.9,288.88,19.61,D,20,85,residential,0.0,0.5,5.58,1,4,Urban/Infrastructure
FIRMS-IND-10473,21.90325,79.95953,883cb48d6bfffff,418.69,1.01,0.93,2026-08-20,0724,Aqua,54.7,391.99,179.94,D,71,90,industrial,5.4,0.13,3.83,2,2,Industrial/Gas Flare
FIRMS-IND-10474,30.45692,75.13559,8842494725fffff,331.96,0.91,0.69,2026-08-20,0515,Terra,90.1,291.59,67.99,D,62,90,mining,11.7,2.09,12.46,1,3,Mining Activity
FIRMS-IND-10475,22.30518,78.1579,8860924487fffff,402.04,1.11,0.91,2026-08-20,1942,Aqua,77.1,359.47,25.56,N,4,85,forest,87.0,25.71,5.9,0,0,Wildfire
FIRMS-IND-10476,20.93936,78.91065,886096bac3fffff,375.04,0.91,0.6,2026-08-20,1718,Aqua,94.3,353.4,37.72,D,3,85,forest,95.0,11.7,8.59,0,0,Wildfire
FIRMS-IND-10477,22.63493,73.51065,8842c87833fffff,350.41,0.8,0.65,2026-08-20,2100,Aqua,50.1,320.5,210.18,N,88,90,industrial,9.1,1.14,4.57,2,2,Industrial/Gas Flare
FIRMS-IND-10478,21.53632,83.96945,883c8094b7fffff,316.64,1.19,0.44,2026-08-20,1307,NOAA-20,97.9,298.71,26.5,D,39,79,mining,17.5,1.37,13.84,1,3,Mining Activity
FIRMS-IND-10479,22.32759,80.37039,883d9b7903fffff,325.87,0.55,1.11,2026-08-20,0544,NOAA-20,90.5,294.2,13.11,N,4,90,farmland,10.2,2.44,5.21,0,1,Agricultural Burn
FIRMS-IND-10480,22.1672,73.78408,8842ca359dfffff,386.17,1.14,0.85,2026-08-20,1120,Aqua,88.4,342.35,88.66,D,77,79,industrial,5.5,0.79,2.8,2,2,Industrial/Gas Flare
FIRMS-IND-10481,24.0308,76.20872,883d955329fffff,310.89,0.5,0.91,2026-08-20,1745,Aqua,97.4,291.81,22.9,D,4,85,forest,92.6,29.03,3.22,0,0,Wildfire
FIRMS-IND-10482,21.55943,73.19942,8842ca4d4dfffff,336.27,0.5,0.87,2026-08-20,2149,Terra,70.8,301.82,69.28,D,83,90,industrial,1.4,0.11,6.56,2,2,Industrial/Gas Flare
FIRMS-IND-10483,24.24529,77.97894,883d826989fffff,360.3,0.74,0.65,2026-08-20,2137,SNPP,82.4,322.85,94.46,N,3,90,forest,62.2,27.84,10.07,0,0,Wildfire
FIRMS-IND-10484,30.25395,75.92113,883d16c645fffff,334.15,0.94,1.1,2026-08-20,0316,Terra,87.7,312.54,65.52,D,64,90,mining,17.8,2.57,8.83,1,3,Mining Activity
FIRMS-IND-10485,22.70484,85.97374,883caa3617fffff,322.27,1.18,0.68,2026-08-20,1007,SNPP,79.5,289.29,21.64,D,39,85,mining,5.0,1.47,7.02,1,3,Mining Activity
FIRMS-IND-10486,31.98097,76.89059,883d336111fffff,334.21,0.5,1.16,2026-08-20,0902,Terra,69.3,297.03,72.05,D,3,90,farmland,17.2,1.38,3.26,0,1,Agricultural Burn
FIRMS-IND-10487,30.72079,77.43381,883d10108dfffff,314.44,0.57,0.82,2026-08-20,1154,NOAA-20,56.3,270.23,5.67,D,1,90,farmland,13.0,1.27,3.29,0,1,Agricultural Burn
FIRMS-IND-10488,21.88884,85.95819,883c8cd5cbfffff,329.54,0.97,0.42,2026-08-20,0415,SNPP,75.5,295.71,22.14,D,58,85,mining,11.3,1.52,8.45,1,3,Mining Activity
FIRMS-IND-10489,21.81266,84.62136,883c856763fffff,371.78,0.59,0.54,2026-08-20,0839,NOAA-20,56.1,350.69,26.95,D,73,90,mining,2.9,1.75,11.79,1,3,Mining Activity
FIRMS-IND-10490,30.38726,74.61097,8842482081fffff,338.04,1.19,0.46,2026-08-20,0722,NOAA-20,56.8,310.54,40.62,D,3,90,farmland,16.5,2.04,1.75,0,1,Agricultural Burn
FIRMS-IND-10491,21.30452,84.54904,883c81d909fffff,341.89,1.02,0.65,2026-08-20,1233,Terra,62.1,300.6,129.99,D,68,90,mining,6.2,1.02,12.38,1,3,Mining Activity
FIRMS-IND-10492,23.20304,73.32382,8842c81641fffff,375.18,0.76,0.46,2026-08-20,2236,Aqua,80.4,357.04,57.59,D,81,85,industrial,4.7,0.14,5.67,2,2,Industrial/Gas Flare
FIRMS-IND-10493,30.7568,76.60179,883d16b6bbfffff,314.23,0.54,0.43,2026-08-20,0610,NOAA-20,55.6,296.38,25.84,D,1,85,farmland,18.8,3.37,7.45,0,1,Agricultural Burn
FIRMS-IND-10494,24.05105,76.50154,883d9555b7fffff,376.8,1.06,1.18,2026-08-20,1138,Terra,57.0,352.14,25.03,D,9,79,forest,70.9,7.49,7.63,0,0,Wildfire
FIRMS-IND-10495,21.84271,72.96599,8842cacd01fffff,374.11,1.19,0.97,2026-08-20,0755,NOAA-20,90.3,358.52,140.98,N,78,79,industrial,6.4,0.98,4.65,2,2,Industrial/Gas Flare
FIRMS-IND-10496,21.87446,78.74332,886092d205fffff,391.31,0.36,0.85,2026-08-20,2242,Terra,71.0,354.5,79.9,D,5,85,forest,82.9,17.56,15.27,0,0,Wildfire
FIRMS-IND-10497,29.94217,75.99437,883d165283fffff,350.29,0.53,1.05,2026-08-20,1227,NOAA-20,78.8,327.05,59.55,N,3,79,forest,71.0,25.25,7.52,0,0,Wildfire
FIRMS-IND-10498,21.33677,73.42017,8842d9a195fffff,384.63,0.89,0.91,2026-08-20,2024,SNPP,83.1,351.87,149.06,N,82,90,industrial,3.4,1.2,1.94,2,2,Industrial/Gas Flare
FIRMS-IND-10499,23.26044,73.4664,8842c8b993fffff,330.46,0.63,0.99,2026-08-20,1509,Aqua,80.6,304.26,72.1,N,76,90,industrial,3.3,1.11,5.33,2,2,Industrial/Gas Flare
FIRMS-IND-10500,21.39758,85.50576,883c813ae1fffff,364.87,0.49,1.18,2026-08-20,1251,NOAA-20,52.4,348.63,24.11,D,33,90,mining,9.5,1.03,8.69,1,3,Mining Activity
FIRMS-IND-10501,21.56975,73.79563,88609b283dfffff,373.05,1.13,0.43,2026-08-20,0558,NOAA-20,90.6,356.88,153.97,N,70,85,industrial,9.3,0.74,5.45,2,2,Industrial/Gas Flare
FIRMS-IND-10502,23.66147,73.24331,8842cd4313fffff,344.99,0.71,0.65,2026-08-20,2118,SNPP,51.1,314.37,297.23,D,66,90,industrial,5.6,0.26,7.98,2,2,Industrial/Gas Flare
FIRMS-IND-10503,29.82761,76.34979,883d164593fffff,320.53,1.14,0.61,2026-08-20,1049,NOAA-20,65.8,288.26,5.76,N,2,90,farmland,15.3,2.45,9.93,0,1,Agricultural Burn
FIRMS-IND-10504,29.17807,74.98866,88424b48b1fffff,340.72,0.74,0.57,2026-08-20,1243,Aqua,68.2,299.99,77.16,D,4,90,farmland,20.5,2.27,5.54,0,1,Agricultural Burn
FIRMS-IND-10505,21.15303,73.35131,8842d906d1fffff,355.75,0.72,0.97,2026-08-20,1253,SNPP,90.1,339.5,24.15,D,52,79,mining,14.9,2.43,11.72,1,3,Mining Activity
FIRMS-IND-10506,23.11734,81.27746,883ca61845fffff,357.15,0.84,1.02,2026-08-20,0238,NOAA-20,59.4,331.63,184.52,N,9,90,forest,63.0,28.41,9.43,0,0,Wildfire
FIRMS-IND-10507,31.08382,75.0552,8842498e67fffff,308.82,1.15,1.08,2026-08-20,0129,NOAA-20,82.9,270.0,2.64,D,41,90,residential,7.1,0.5,5.93,1,4,Urban/Infrastructure
FIRMS-IND-10508,31.07302,77.16891,883d10908bfffff,379.21,0.85,1.03,2026-08-20,2249,Terra,74.1,345.69,42.44,D,5,79,forest,84.1,21.98,7.29,0,0,Wildfire
FIRMS-IND-10509,20.65995,81.22312,883cb0608bfffff,344.96,1.14,0.86,2026-08-20,1636,NOAA-20,95.4,310.82,100.48,N,4,85,forest,77.4,9.23,5.14,0,0,Wildfire
FIRMS-IND-10510,22.12633,84.22193,883c851abbfffff,339.44,0.38,0.41,2026-08-20,0419,Aqua,77.3,306.73,32.14,N,74,79,mining,5.7,0.96,13.12,1,3,Mining Activity
FIRMS-IND-10511,21.34133,72.46444,8842dd625dfffff,410.71,1.06,0.75,2026-08-20,1909,Terra,74.0,389.53,203.14,N,83,90,industrial,2.3,0.54,7.88,2,2,Industrial/Gas Flare
FIRMS-IND-10512,22.42248,85.7315,883caa3b37fffff,376.4,0.93,1.02,2026-08-20,1153,SNPP,77.7,337.51,51.58,D,43,90,mining,18.7,0.41,8.51,1,3,Mining Activity
FIRMS-IND-10513,22.51673,72.19721,8842ce18cdfffff,311.98,0.57,0.45,2026-08-20,0202,Terra,96.4,283.36,2.86,N,1,85,waterbody,20.1,10.9,0.45,1,5,False Positive/Noise
FIRMS-IND-10514,32.44095,74.60357,883d363937fffff,342.4,0.77,1.13,2026-08-20,1336,SNPP,76.7,302.42,18.38,D,2,90,farmland,18.9,3.64,7.34,0,1,Agricultural Burn
FIRMS-IND-10515,22.81431,72.82807,8842c8cb45fffff,355.17,0.63,0.5,2026-08-20,1618,Aqua,78.3,311.45,228.92,D,70,85,industrial,2.5,1.18,3.76,2,2,Industrial/Gas Flare
FIRMS-IND-10516,21.49104,86.55183,883c8c7561fffff,345.58,1.2,1.11,2026-08-20,0337,SNPP,86.1,327.93,65.84,N,70,90,mining,19.5,2.01,5.61,1,3,Mining Activity
FIRMS-IND-10517,29.94343,77.66368,883d12a725fffff,362.04,1.15,0.43,2026-08-20,0332,Aqua,62.9,336.82,19.71,D,2,79,farmland,23.0,4.44,8.21,0,1,Agricultural Burn
FIRMS-IND-10518,21.14194,85.81095,883c8e908bfffff,321.81,0.82,0.43,2026-08-20,1607,Aqua,67.8,299.31,32.31,D,66,85,mining,7.0,2.18,6.78,1,3,Mining Activity
FIRMS-IND-10519,20.46608,78.65583,88609472a5fffff,302.31,0.68,0.53,2026-08-20,2005,NOAA-20,84.8,277.0,7.33,N,0,90,grassland,30.6,9.38,0.72,1,5,False Positive/Noise
FIRMS-IND-10520,22.43035,79.44933,883d9a04a9fffff,402.04,1.06,0.49,2026-08-20,0757,SNPP,59.4,383.63,101.28,D,87,90,industrial,2.0,0.21,6.41,2,2,Industrial/Gas Flare
FIRMS-IND-10521,21.82644,84.19854,883c85471dfffff,351.35,0.41,0.56,2026-08-20,1050,NOAA-20,96.1,334.65,49.83,D,68,79,mining,3.8,0.34,13.36,1,3,Mining Activity
FIRMS-IND-10522,22.71427,76.74999,883d93d065fffff,389.5,0.41,0.84,2026-08-20,2256,Aqua,81.7,365.91,187.38,N,8,90,forest,88.4,21.62,8.77,0,0,Wildfire
FIRMS-IND-10523,21.54301,85.29372,883c8114a9fffff,350.27,0.4,0.86,2026-08-20,1124,NOAA-20,83.5,312.65,29.32,D,39,85,mining,0.3,0.47,5.86,1,3,Mining Activity
FIRMS-IND-10524,19.88008,80.49545,883cb21b53fffff,376.31,0.69,1.16,2026-08-20,2058,SNPP,92.2,348.34,163.72,N,7,90,forest,92.4,18.73,12.91,0,0,Wildfire
FIRMS-IND-10525,22.9773,72.58931,8842cea71dfffff,332.34,0.55,0.67,2026-08-20,1912,Aqua,80.1,300.46,4.7,D,36,79,residential,10.7,0.18,1.52,1,4,Urban/Infrastructure
FIRMS-IND-10526,22.80587,81.53356,883ca67a85fffff,338.49,0.41,0.91,2026-08-20,0300,Terra,74.4,299.09,36.75,N,9,90,forest,88.9,12.62,19.83,0,0,Wildfire
FIRMS-IND-10527,22.27623,84.99094,883caac9e1fffff,327.79,0.42,0.67,2026-08-20,1402,Terra,58.0,312.56,22.39,N,67,79,mining,11.9,2.01,7.15,1,3,Mining Activity
FIRMS-IND-10528,22.48127,73.06782,8842ca94c9fffff,351.77,0.85,0.53,2026-08-20,1038,NOAA-20,60.7,321.27,55.32,N,69,90,industrial,1.7,1.26,4.79,2,2,Industrial/Gas Flare
FIRMS-IND-10529,22.1778,85.33816,883caa4707fffff,326.87,0.75,0.96,2026-08-20,1653,NOAA-20,62.7,297.15,142.33,N,47,90,mining,14.0,1.95,4.46,1,3,Mining Activity
FIRMS-IND-10530,30.60484,75.74151,88424966d7fffff,324.18,1.07,0.71,2026-08-20,1810,SNPP,83.5,291.11,22.57,D,63,79,mining,1.6,2.81,6.72,1,3,Mining Activity
FIRMS-IND-10531,21.0287,84.51845,883c802039fffff,325.28,0.95,0.64,2026-08-20,1729,NOAA-20,82.3,285.48,21.3,D,51,90,mining,9.0,2.52,3.27,1,3,Mining Activity
FIRMS-IND-10532,21.62687,79.41522,883cb4db61fffff,366.49,0.72,1.07,2026-08-20,0058,Aqua,70.1,348.42,113.88,D,5,79,forest,83.1,22.75,3.18,0,0,Wildfire
FIRMS-IND-10533,22.59971,84.74601,883c85a6e9fffff,326.77,1.15,1.03,2026-08-20,2103,NOAA-20,88.4,291.98,137.23,D,45,85,mining,11.0,0.6,3.74,1,3,Mining Activity
FIRMS-IND-10534,30.11822,74.60837,88424b932bfffff,315.28,0.79,1.02,2026-08-20,2133,Aqua,82.7,277.06,22.22,N,2,85,farmland,6.1,1.34,9.19,0,1,Agricultural Burn
FIRMS-IND-10535,30.52715,75.77374,88424964a9fffff,307.69,0.96,0.51,2026-08-20,2029,Aqua,73.5,270.0,94.32,D,2,90,farmland,22.2,3.6,9.45,0,1,Agricultural Burn
FIRMS-IND-10536,21.20598,73.69715,88609b3697fffff,382.64,1.13,0.58,2026-08-20,0402,NOAA-20,50.9,354.51,108.43,D,83,85,industrial,8.4,1.06,2.71,2,2,Industrial/Gas Flare
FIRMS-IND-10537,21.20584,79.32804,886096c641fffff,352.76,1.16,0.76,2026-08-20,1452,Terra,78.1,309.41,163.17,D,7,90,forest,71.1,18.3,11.69,0,0,Wildfire
FIRMS-IND-10538,29.56493,75.26996,88424b0d33fffff,329.21,0.84,0.68,2026-08-20,1818,NOAA-20,84.9,302.57,54.81,D,86,85,industrial,1.2,0.18,3.59,2,2,Industrial/Gas Flare
FIRMS-IND-10539,21.82539,84.61113,883c856745fffff,299.48,0.73,0.59,2026-08-20,1346,Aqua,50.5,276.24,66.15,D,33,90,mining,6.3,2.5,9.2,1,3,Mining Activity
FIRMS-IND-10540,22.16335,73.07881,8842ca88a3fffff,409.47,0.52,0.78,2026-08-20,1026,SNPP,75.1,365.5,81.51,N,68,90,industrial,1.1,0.66,2.05,2,2,Industrial/Gas Flare
FIRMS-IND-10541,21.00151,85.44055,883c8161ddfffff,296.11,1.0,0.74,2026-08-20,1747,SNPP,63.0,276.23,4.35,D,1,90,waterbody,10.9,4.22,0.72,1,5,False Positive/Noise
FIRMS-IND-10542,30.30313,75.61288,88424968b7fffff,322.06,0.97,0.78,2026-08-20,0802,NOAA-20,88.4,294.3,39.47,D,4,90,farmland,11.3,4.27,4.86,0,1,Agricultural Burn
FIRMS-IND-10543,23.07024,77.66405,883d93a46dfffff,301.6,1.19,0.52,2026-08-20,2008,Aqua,57.3,270.0,24.68,N,17,90,residential,3.3,0.25,2.21,1,4,Urban/Infrastructure
FIRMS-IND-10544,22.92321,72.79065,8842c8daadfffff,401.93,0.75,0.81,2026-08-20,0652,Terra,80.8,375.98,257.55,D,66,90,industrial,1.8,0.69,6.45,2,2,Industrial/Gas Flare
FIRMS-IND-10545,23.49179,80.61099,883d997a05fffff,371.79,0.9,0.7,2026-08-20,0300,NOAA-20,88.8,327.65,23.11,D,9,85,forest,78.0,19.33,18.74,0,0,Wildfire
FIRMS-IND-10546,23.75979,79.81725,883d98ae3dfffff,380.65,1.01,1.16,2026-08-20,2206,Terra,51.1,350.6,363.71,D,9,90,forest,64.0,25.71,7.28,0,0,Wildfire
FIRMS-IND-10547,22.96678,80.3608,883d9b163dfffff,396.7,1.11,0.49,2026-08-20,0921,SNPP,52.5,377.04,71.66,N,9,85,forest,87.0,21.53,9.96,0,0,Wildfire
FIRMS-IND-10548,21.78184,85.50551,883c81a0c3fffff,345.93,0.88,0.36,2026-08-20,0608,NOAA-20,76.4,308.86,84.34,N,41,90,mining,15.8,2.48,3.1,1,3,Mining Activity
FIRMS-IND-10549,22.13676,78.04785,8860920d15fffff,364.84,0.9,0.63,2026-08-20,0612,SNPP,58.7,341.26,78.98,D,9,85,forest,83.3,29.46,15.38,0,0,Wildfire
FIRMS-IND-10550,21.68507,84.97736,883c818acbfffff,325.2,0.83,0.66,2026-08-20,0447,Terra,85.7,299.1,36.68,D,40,79,mining,14.4,1.75,7.5,1,3,Mining Activity
FIRMS-IND-10551,22.42909,84.70851,883c85aee7fffff,351.98,1.08,0.98,2026-08-20,0846,NOAA-20,57.4,320.23,67.32,N,45,85,mining,19.4,1.81,4.86,1,3,Mining Activity
FIRMS-IND-10552,31.18268,75.9876,883d14c1c7fffff,336.06,0.73,1.15,2026-08-20,2143,SNPP,68.4,293.83,16.55,D,3,90,farmland,23.2,0.94,6.46,0,1,Agricultural Burn
FIRMS-IND-10553,23.91156,80.75825,883d99040bfffff,357.06,1.18,1.11,2026-08-20,2214,NOAA-20,73.6,321.75,628.91,N,9,90,forest,87.2,12.78,12.65,0,0,Wildfire
FIRMS-IND-10554,20.95242,78.81886,886096a315fffff,338.76,0.68,0.56,2026-08-20,1910,NOAA-20,86.2,299.71,215.97,N,2,90,forest,75.4,17.81,14.44,0,0,Wildfire
FIRMS-IND-10555,30.01681,77.9709,883d13d1d3fffff,367.36,0.83,1.06,2026-08-20,1438,SNPP,72.2,346.78,36.43,D,3,90,farmland,8.6,1.87,4.03,0,1,Agricultural Burn
FIRMS-IND-10556,22.1229,72.73181,8842cad2d9fffff,383.67,0.63,0.6,2026-08-20,1338,SNPP,79.2,340.24,181.28,D,86,90,industrial,9.1,1.32,4.69,2,2,Industrial/Gas Flare
FIRMS-IND-10557,21.84163,79.69013,883cb4d405fffff,322.8,1.0,1.0,2026-08-20,1021,Terra,79.9,293.11,35.5,D,3,90,forest,90.3,5.8,13.95,0,0,Wildfire
FIRMS-IND-10558,21.12489,85.13521,883c8146e7fffff,330.86,0.95,0.59,2026-08-20,1126,Aqua,83.6,315.7,16.16,N,37,90,mining,11.8,0.23,2.45,1,3,Mining Activity
FIRMS-IND-10559,21.21415,77.78509,8860907191fffff,311.16,0.37,0.9,2026-08-20,1512,Terra,85.0,282.18,14.25,D,22,79,residential,7.0,0.14,2.84,1,4,Urban/Infrastructure
FIRMS-IND-10560,30.09852,76.99637,883d162dd1fffff,320.73,0.95,0.73,2026-08-20,1521,Terra,87.6,290.62,14.52,N,1,90,farmland,19.6,1.05,6.48,0,1,Agricultural Burn
FIRMS-IND-10561,20.99267,78.55743,886090db03fffff,387.49,0.77,0.38,2026-08-20,1305,NOAA-20,80.9,370.6,44.01,D,2,90,forest,80.6,18.92,14.15,0,0,Wildfire
FIRMS-IND-10562,23.23434,72.99901,8842c898e7fffff,296.49,1.18,0.87,2026-08-20,1222,SNPP,60.6,270.0,7.76,D,0,90,grassland,28.8,5.58,0.18,1,5,False Positive/Noise
FIRMS-IND-10563,21.83554,72.94794,8842cacd63fffff,347.6,0.36,1.19,2026-08-20,1538,NOAA-20,85.9,330.41,72.6,N,82,85,industrial,7.5,1.38,7.69,2,2,Industrial/Gas Flare
FIRMS-IND-10564,30.4858,74.70546,8842482633fffff,320.53,0.9,0.83,2026-08-20,0625,SNPP,73.5,277.79,19.5,D,1,90,farmland,5.8,0.57,2.07,0,1,Agricultural Burn
FIRMS-IND-10565,30.61296,75.91613,883d169013fffff,323.62,0.55,1.12,2026-08-20,0251,SNPP,80.8,294.39,22.06,D,4,90,farmland,20.9,2.38,3.06,0,1,Agricultural Burn
FIRMS-IND-10566,21.6414,72.73921,8842dd208bfffff,425.55,0.56,0.51,2026-08-20,2014,NOAA-20,84.5,396.47,298.27,D,89,85,industrial,5.2,0.3,4.35,2,2,Industrial/Gas Flare
FIRMS-IND-10567,20.39694,84.93079,883c83152bfffff,338.32,0.37,0.79,2026-08-20,1707,Terra,61.3,295.45,90.65,N,65,90,mining,0.3,1.38,4.44,1,3,Mining Activity
FIRMS-IND-10568,23.42702,73.61,8842c8a74dfffff,346.01,1.02,0.49,2026-08-20,2051,Aqua,92.6,310.59,78.56,N,83,90,industrial,3.2,0.32,2.04,2,2,Industrial/Gas Flare
FIRMS-IND-10569,30.93906,76.818,883d14608bfffff,311.78,0.89,0.75,2026-08-20,1658,NOAA-20,59.7,288.93,33.4,D,3,85,farmland,9.8,4.44,8.81,0,1,Agricultural Burn
FIRMS-IND-10570,22.34515,72.86416,8842ca9103fffff,381.11,0.58,0.78,2026-08-20,1035,Aqua,63.3,337.1,74.33,D,47,90,mining,8.4,0.25,6.74,1,3,Mining Activity
FIRMS-IND-10571,22.62581,78.73925,883d9e6c1dfffff,325.63,0.96,1.14,2026-08-20,1934,Terra,73.6,298.69,56.66,D,3,85,farmland,10.4,1.87,5.63,0,1,Agricultural Burn
FIRMS-IND-10572,23.382,86.0949,883ca8749dfffff,373.24,0.85,1.2,2026-08-20,2216,NOAA-20,91.4,354.97,224.32,D,4,85,forest,61.7,20.09,16.61,0,0,Wildfire
FIRMS-IND-10573,22.35943,73.36135,8842caba93fffff,399.07,0.66,0.39,2026-08-20,0614,Terra,90.3,375.69,153.26,D,86,79,industrial,4.8,1.47,7.06,2,2,Industrial/Gas Flare
FIRMS-IND-10574,22.39594,79.56178,883d9a3a83fffff,366.43,0.95,0.8,2026-08-20,0107,Terra,54.0,327.73,211.1,D,2,90,forest,69.8,28.84,3.91,0,0,Wildfire
FIRMS-IND-10575,29.99596,75.21267,88424bb999fffff,324.23,0.38,0.47,2026-08-20,1713,NOAA-20,89.0,300.63,56.48,D,2,90,farmland,17.3,2.09,4.0,0,1,Agricultural Burn
FIRMS-IND-10576,20.10237,79.52314,883cb64b09fffff,313.57,0.84,0.94,2026-08-20,1339,SNPP,71.8,296.4,56.68,N,2,85,farmland,23.5,2.84,5.39,0,1,Agricultural Burn
FIRMS-IND-10577,30.88511,75.25261,8842491535fffff,301.74,0.66,1.12,2026-08-20,0814,Terra,99.9,271.94,19.86,D,4,90,farmland,12.3,3.21,6.46,0,1,Agricultural Burn
FIRMS-IND-10578,29.64494,76.12664,883d1648e1fffff,338.75,1.09,1.11,2026-08-20,0438,SNPP,90.5,309.63,15.63,N,3,90,farmland,8.9,1.09,9.78,0,1,Agricultural Burn
FIRMS-IND-10579,23.40323,73.23982,8842c88631fffff,336.1,1.05,0.83,2026-08-20,1017,Terra,57.7,297.29,89.21,N,88,85,industrial,4.0,1.0,3.47,2,2,Industrial/Gas Flare
FIRMS-IND-10580,21.78059,84.74893,883c856599fffff,327.73,0.73,0.86,2026-08-20,2040,NOAA-20,92.0,303.02,34.3,N,52,79,mining,8.4,1.77,4.44,1,3,Mining Activity
FIRMS-IND-10581,22.76498,78.60051,883d9e6217fffff,312.16,1.14,0.88,2026-08-20,0533,Terra,63.3,275.68,3.54,D,1,90,waterbody,17.3,3.74,0.82,1,5,False Positive/Noise
FIRMS-IND-10582,21.9261,77.12447,88609345ddfffff,335.88,0.49,0.71,2026-08-20,0413,SNPP,98.7,293.53,47.11,D,2,85,farmland,10.4,1.15,6.23,0,1,Agricultural Burn
FIRMS-IND-10583,22.25532,72.88707,8842ca9815fffff,389.39,0.76,0.65,2026-08-20,1832,Aqua,62.6,361.95,78.04,D,86,90,industrial,4.4,0.51,0.88,2,2,Industrial/Gas Flare
FIRMS-IND-10584,22.33677,84.41401,883c851683fffff,361.16,0.78,0.99,2026-08-20,2139,Aqua,51.8,345.04,15.36,D,49,90,mining,12.0,2.19,5.95,1,3,Mining Activity
FIRMS-IND-10585,22.60955,73.37777,8842c84eb5fffff,373.24,0.77,0.88,2026-08-20,1105,Terra,61.2,330.0,247.99,D,81,90,industrial,3.3,0.72,5.35,2,2,Industrial/Gas Flare
FIRMS-IND-10586,21.73826,84.1352,883c8541d3fffff,329.78,1.08,0.69,2026-08-20,1537,Terra,66.8,314.69,120.75,N,85,90,industrial,8.7,0.16,4.8,2,2,Industrial/Gas Flare
FIRMS-IND-10587,21.94524,84.78941,883c8529d3fffff,317.76,0.72,0.69,2026-08-20,2226,Aqua,87.5,287.46,58.01,D,50,90,mining,17.3,1.03,4.07,1,3,Mining Activity
FIRMS-IND-10588,21.09711,84.18187,883c800711fffff,355.76,1.07,0.72,2026-08-20,2115,Terra,81.5,315.4,23.45,D,60,85,mining,4.6,0.33,11.17,1,3,Mining Activity
FIRMS-IND-10589,21.5466,76.95858,8860930461fffff,348.92,0.76,0.49,2026-08-20,2037,Aqua,90.1,329.74,36.24,N,7,90,forest,91.3,5.25,14.52,0,0,Wildfire
FIRMS-IND-10590,22.67073,73.16407,8842c8404dfffff,442.72,0.53,1.16,2026-08-20,0012,NOAA-20,70.2,421.49,98.91,D,84,90,industrial,6.8,0.18,4.73,2,2,Industrial/Gas Flare
FIRMS-IND-10591,22.8341,72.57764,8842ceaf1dfffff,363.42,1.14,0.77,2026-08-20,1338,NOAA-20,80.7,321.34,109.23,N,84,90,industrial,4.0,0.4,7.33,2,2,Industrial/Gas Flare
FIRMS-IND-10592,21.25055,85.17552,883c81081dfffff,342.0,1.17,0.73,2026-08-20,0835,Aqua,58.4,314.42,49.62,D,44,85,mining,4.4,1.23,6.73,1,3,Mining Activity
FIRMS-IND-10593,30.68709,76.73199,883d16a6d5fffff,323.34,0.97,0.79,2026-08-20,1512,Aqua,57.0,308.24,24.35,D,2,90,farmland,19.6,4.25,7.43,0,1,Agricultural Burn
FIRMS-IND-10594,22.65379,72.36936,8842ce1587fffff,353.48,0.51,0.59,2026-08-20,0858,SNPP,62.4,316.53,36.02,D,8,85,forest,87.0,26.88,13.44,0,0,Wildfire
FIRMS-IND-10595,30.94143,75.45128,88424906d5fffff,320.02,0.97,0.67,2026-08-20,0349,Aqua,58.3,275.56,46.66,D,1,90,farmland,21.2,4.86,5.3,0,1,Agricultural Burn
FIRMS-IND-10596,22.07596,73.7935,8842ca209dfffff,347.85,1.18,0.38,2026-08-20,1324,Terra,78.9,321.88,179.24,N,71,85,industrial,2.9,1.42,6.22,2,2,Industrial/Gas Flare
FIRMS-IND-10597,31.30584,75.81871,883d14d03dfffff,300.68,0.86,0.47,2026-08-20,1724,SNPP,60.5,270.0,20.21,D,3,85,farmland,24.6,2.99,1.23,0,1,Agricultural Burn
FIRMS-IND-10598,20.3923,80.88696,883cb2b091fffff,322.55,1.09,0.73,2026-08-20,2141,Terra,66.1,285.81,131.59,D,8,90,forest,75.8,19.49,17.91,0,0,Wildfire
FIRMS-IND-10599,30.95691,75.22121,8842491717fffff,323.5,0.9,0.45,2026-08-20,0525,NOAA-20,79.9,294.32,18.1,N,4,85,farmland,19.8,1.63,3.34,0,1,Agricultural Burn
FIRMS-IND-10600,21.82789,85.10522,883c81871dfffff,350.97,0.78,1.13,2026-08-20,1010,SNPP,83.5,317.0,80.67,D,49,90,mining,15.9,0.77,14.47,1,3,Mining Activity
FIRMS-IND-10601,31.41922,75.30115,883d324c67fffff,321.5,0.94,0.9,2026-08-20,2005,Terra,53.3,278.23,9.76,N,1,79,farmland,18.4,1.64,1.17,0,1,Agricultural Burn
FIRMS-IND-10602,21.9212,84.99192,883c819717fffff,322.77,0.95,0.84,2026-08-20,0230,SNPP,86.1,286.11,74.95,N,40,79,mining,15.2,0.53,12.83,1,3,Mining Activity
FIRMS-IND-10603,22.33039,74.16314,8842cb192bfffff,328.39,0.39,0.83,2026-08-20,0520,Aqua,73.8,287.75,65.56,D,67,90,industrial,9.6,0.87,6.47,2,2,Industrial/Gas Flare
FIRMS-IND-10604,22.36952,72.74695,8842ce66e3fffff,378.38,0.67,0.88,2026-08-20,0704,Terra,64.4,360.24,185.61,N,82,90,industrial,9.4,0.18,4.26,2,2,Industrial/Gas Flare
FIRMS-IND-10605,22.57404,73.26468,8842c84f0dfffff,375.49,1.07,0.75,2026-08-20,1715,Aqua,79.3,352.06,60.77,N,89,85,industrial,2.0,0.39,5.34,2,2,Industrial/Gas Flare
FIRMS-IND-10606,21.80653,73.03446,8842ca5769fffff,326.64,0.85,0.99,2026-08-20,0332,NOAA-20,86.6,303.93,9.04,D,43,90,residential,8.3,0.35,2.05,1,4,Urban/Infrastructure
FIRMS-IND-10607,22.93638,72.41048,8842ceb1b3fffff,363.47,0.6,0.49,2026-08-20,2239,SNPP,92.1,341.57,136.68,D,73,90,industrial,5.4,1.21,4.21,2,2,Industrial/Gas Flare
FIRMS-IND-10608,21.34272,84.68749,883c81c161fffff,322.9,0.96,0.86,2026-08-20,1730,Terra,74.1,295.47,45.68,D,39,90,mining,9.9,1.91,5.57,1,3,Mining Activity
FIRMS-IND-10609,23.22636,79.25345,883d985737fffff,394.41,0.76,0.35,2026-08-20,2045,SNPP,65.6,369.81,118.1,D,71,90,industrial,0.6,0.93,6.94,2,2,Industrial/Gas Flare
FIRMS-IND-10610,29.95245,76.37393,883d167359fffff,334.76,1.08,0.69,2026-08-20,0941,NOAA-20,91.6,299.93,27.07,D,61,90,mining,4.5,0.43,13.37,1,3,Mining Activity
FIRMS-IND-10611,31.13516,75.56295,884249ae05fffff,328.7,0.48,1.13,2026-08-20,1358,Terra,65.8,292.58,31.79,D,2,90,farmland,7.8,2.25,4.7,0,1,Agricultural Burn
FIRMS-IND-10612,20.64976,78.61017,8860946167fffff,381.49,1.03,0.41,2026-08-20,0708,Aqua,74.0,340.38,39.25,D,4,90,forest,64.6,19.28,7.31,0,0,Wildfire
FIRMS-IND-10613,22.79497,73.22261,8842c85439fffff,377.77,0.92,0.65,2026-08-20,1957,SNPP,93.9,350.91,134.62,D,75,90,industrial,9.5,1.0,7.08,2,2,Industrial/Gas Flare
FIRMS-IND-10614,31.16352,76.20843,883d141b25fffff,328.03,0.95,0.38,2026-08-20,0300,Aqua,73.5,288.09,81.45,D,2,85,farmland,6.0,3.5,1.65,0,1,Agricultural Burn
FIRMS-IND-10615,22.27778,73.06877,8842ca819dfffff,367.3,0.94,1.14,2026-08-20,0833,Aqua,85.7,351.09,169.46,D,76,85,industrial,9.2,1.19,4.81,2,2,Industrial/Gas Flare
FIRMS-IND-10616,21.53139,85.7576,883c8134a1fffff,356.36,0.67,0.44,2026-08-20,0616,Terra,93.1,316.96,95.35,D,39,79,mining,9.0,1.38,5.28,1,3,Mining Activity
FIRMS-IND-10617,21.71445,78.40059,886092812bfffff,308.72,0.7,0.58,2026-08-20,1226,Aqua,99.8,283.83,290.5,D,2,90,forest,61.6,12.51,12.03,0,0,Wildfire
FIRMS-IND-10618,22.67417,72.57018,8842ce3331fffff,298.79,0.75,0.53,2026-08-20,1450,Terra,85.0,270.0,121.83,N,72,90,industrial,6.9,1.14,6.01,2,2,Industrial/Gas Flare
FIRMS-IND-10619,30.69643,75.73849,8842492803fffff,351.47,0.38,0.72,2026-08-20,1112,Terra,96.4,320.6,5.61,N,2,85,farmland,18.1,3.39,2.89,0,1,Agricultural Burn
FIRMS-IND-10620,21.08848,85.22493,883c817169fffff,348.67,0.73,1.07,2026-08-20,2133,Terra,87.1,305.2,16.41,N,72,85,mining,14.4,2.54,7.19,1,3,Mining Activity
FIRMS-IND-10621,22.75523,78.64112,883d9e62bdfffff,350.89,0.98,0.72,2026-08-20,1847,Terra,65.5,307.6,54.06,D,6,90,forest,87.4,25.31,5.75,0,0,Wildfire
FIRMS-IND-10622,24.43011,79.16283,883d9dd833fffff,353.06,0.41,0.88,2026-08-20,1400,Terra,60.5,327.9,222.16,D,72,90,industrial,3.5,0.91,2.19,2,2,Industrial/Gas Flare
FIRMS-IND-10623,22.37544,79.07889,883d9a1a3bfffff,404.09,0.65,0.4,2026-08-20,0700,Terra,63.3,364.03,389.96,D,6,85,forest,84.0,23.61,17.18,0,0,Wildfire
FIRMS-IND-10624,22.73154,74.38282,8842cbb839fffff,366.08,0.37,0.68,2026-08-20,2011,Terra,51.9,342.83,132.63,N,5,85,forest,92.0,24.42,6.88,0,0,Wildfire
FIRMS-IND-10625,24.24288,78.09484,883d9cd2ebfffff,342.02,0.95,1.15,2026-08-20,2246,Terra,89.8,308.73,61.06,D,7,90,forest,92.0,15.34,10.2,0,0,Wildfire
FIRMS-IND-10626,22.2514,73.17977,8842ca8c1bfffff,360.25,0.64,0.92,2026-08-20,1237,Aqua,98.1,334.81,144.18,D,67,90,industrial,0.2,0.8,4.91,2,2,Industrial/Gas Flare
FIRMS-IND-10627,22.5758,73.35134,8842c84c39fffff,289.51,0.72,0.97,2026-08-20,2243,Aqua,66.2,270.0,6.8,N,1,90,waterbody,10.9,6.75,0.62,1,5,False Positive/Noise
FIRMS-IND-10628,23.21817,79.15836,883d9852adfffff,338.66,0.41,0.48,2026-08-20,1319,Terra,50.4,297.27,31.95,D,7,90,forest,61.5,11.12,16.01,0,0,Wildfire
FIRMS-IND-10629,30.60194,75.39068,88424972e1fffff,324.16,0.46,0.91,2026-08-20,0001,Terra,55.8,307.99,11.34,N,2,90,farmland,5.8,0.55,5.12,0,1,Agricultural Burn
FIRMS-IND-10630,31.23127,76.14994,883d14c5e1fffff,313.74,1.06,0.97,2026-08-20,1914,Aqua,67.8,270.33,7.86,D,3,90,farmland,10.9,0.76,2.28,0,1,Agricultural Burn
FIRMS-IND-10631,23.10384,80.68377,883d9bae11fffff,346.4,0.62,0.5,2026-08-20,1557,NOAA-20,58.5,319.9,113.4,N,4,85,forest,85.5,9.12,12.62,0,0,Wildfire
FIRMS-IND-10632,22.89531,78.80894,883d9e29cbfffff,305.14,0.91,0.37,2026-08-20,2214,Aqua,96.1,270.0,31.78,D,15,90,residential,2.8,0.77,3.02,1,4,Urban/Infrastructure
FIRMS-IND-10633,30.595,75.12312,8842495489fffff,319.5,0.73,0.98,2026-08-20,1151,NOAA-20,60.0,291.74,26.55,N,2,90,farmland,21.0,2.45,9.26,0,1,Agricultural Burn
FIRMS-IND-10634,22.06465,72.76411,8842cad0c3fffff,414.12,0.87,1.02,2026-08-20,1922,Aqua,86.7,391.04,159.4,D,66,90,industrial,0.1,0.34,5.39,2,2,Industrial/Gas Flare
FIRMS-IND-10635,22.8095,73.1366,8842c85743fffff,384.15,0.7,0.41,2026-08-20,0800,SNPP,54.4,348.66,75.56,D,73,90,industrial,5.1,0.66,1.4,2,2,Industrial/Gas Flare
FIRMS-IND-10636,22.48885,86.41682,883cab4015fffff,345.52,0.92,0.36,2026-08-20,0419,SNPP,99.0,316.59,128.83,N,35,90,mining,16.6,1.22,3.3,1,3,Mining Activity
FIRMS-IND-10637,21.38285,72.79661,8842d99025fffff,364.38,0.7,0.37,2026-08-20,1728,NOAA-20,81.1,348.63,435.59,D,81,90,industrial,4.8,1.26,7.22,2,2,Industrial/Gas Flare
FIRMS-IND-10638,21.39453,84.53824,883c81da63fffff,327.21,0.64,0.92,2026-08-20,1652,Aqua,63.1,292.86,47.93,N,62,85,mining,4.8,0.43,10.15,1,3,Mining Activity
FIRMS-IND-10639,22.85068,84.95356,883cae6539fffff,369.83,0.84,0.49,2026-08-20,0233,Terra,62.5,337.63,30.1,N,46,90,mining,12.1,1.29,9.25,1,3,Mining Activity
FIRMS-IND-10640,22.8698,78.18408,883d9e5449fffff,300.04,1.2,0.61,2026-08-20,1051,Terra,75.7,270.0,15.68,D,2,79,farmland,6.1,2.29,3.44,0,1,Agricultural Burn
FIRMS-IND-10641,30.13445,75.02618,88424b8419fffff,326.61,1.03,1.03,2026-08-20,0448,NOAA-20,84.3,311.07,53.24,D,3,79,farmland,12.9,1.28,4.4,0,1,Agricultural Burn
FIRMS-IND-10642,21.40015,77.26225,8860938883fffff,330.72,1.02,0.65,2026-08-20,1853,NOAA-20,95.3,300.53,88.74,D,1,90,forest,67.0,7.38,5.03,0,0,Wildfire
FIRMS-IND-10643,29.75346,75.71003,88424b20b3fffff,296.94,0.5,0.97,2026-08-20,1251,NOAA-20,88.1,270.0,28.72,D,1,85,farmland,23.9,2.97,9.58,0,1,Agricultural Burn
FIRMS-IND-10644,21.58647,84.3861,883c80b6b5fffff,300.75,0.99,0.58,2026-08-20,0616,Terra,68.3,284.65,1.33,N,0,79,waterbody,0.2,10.41,0.11,1,5,False Positive/Noise
FIRMS-IND-10645,22.29326,79.6807,883d9a2a87fffff,331.27,0.39,1.02,2026-08-20,0728,SNPP,95.0,306.18,32.57,D,34,90,mining,12.8,2.06,7.38,1,3,Mining Activity
FIRMS-IND-10646,21.8009,84.8846,883c8191adfffff,301.28,1.11,0.89,2026-08-20,1821,Aqua,51.7,274.71,5.59,N,1,85,waterbody,12.7,2.04,0.71,1,5,False Positive/Noise
FIRMS-IND-10647,21.35059,80.40923,883cb4656bfffff,354.92,0.39,0.45,2026-08-20,1209,Aqua,63.9,325.99,60.65,D,7,90,forest,79.3,11.85,4.11,0,0,Wildfire
FIRMS-IND-10648,22.07109,85.45264,883caa7b05fffff,372.11,1.19,1.05,2026-08-20,1045,Terra,51.2,345.63,21.82,D,9,90,forest,81.8,17.04,9.81,0,0,Wildfire
FIRMS-IND-10649,30.10181,76.69022,883d163995fffff,328.71,0.81,1.11,2026-08-20,0845,SNPP,52.2,304.55,80.04,N,2,90,farmland,14.1,4.16,4.43,0,1,Agricultural Burn
FIRMS-IND-10650,22.74329,72.99427,8842c85355fffff,316.78,0.54,0.49,2026-08-20,0829,Terra,64.1,277.4,18.45,D,2,90,farmland,11.2,3.28,5.81,0,1,Agricultural Burn
FIRMS-IND-10651,23.4124,77.42504,883d914701fffff,396.71,0.5,1.17,2026-08-20,2043,Aqua,74.8,378.51,230.5,D,9,79,forest,61.6,9.2,5.0,0,0,Wildfire
FIRMS-IND-10652,30.80538,76.89432,883d146c27fffff,299.38,0.7,0.53,2026-08-20,0056,Aqua,56.7,270.0,12.39,N,2,79,farmland,22.1,1.03,7.21,0,1,Agricultural Burn
FIRMS-IND-10653,30.48385,76.69854,883d16aea5fffff,296.12,0.77,0.7,2026-08-20,2020,NOAA-20,72.5,270.0,10.35,D,3,90,farmland,16.2,1.69,2.17,0,1,Agricultural Burn
FIRMS-IND-10654,22.69623,85.2557,883caa883bfffff,379.16,1.11,0.4,2026-08-20,0631,SNPP,76.7,338.42,49.39,N,3,85,forest,94.8,5.96,5.76,0,0,Wildfire
FIRMS-IND-10655,21.99206,73.07593,8842ca1a6bfffff,326.55,0.39,0.36,2026-08-20,1642,SNPP,89.9,282.62,48.32,D,37,79,mining,8.6,1.98,5.34,1,3,Mining Activity
FIRMS-IND-10656,22.46825,72.82979,8842ce28bbfffff,363.43,0.95,0.96,2026-08-20,0423,Terra,93.5,331.07,284.2,D,76,90,industrial,2.2,0.53,7.81,2,2,Industrial/Gas Flare
FIRMS-IND-10657,22.53896,80.09652,883d9b5549fffff,407.34,0.6,0.59,2026-08-20,1323,SNPP,99.7,388.9,80.59,N,74,79,industrial,6.7,1.5,6.35,2,2,Industrial/Gas Flare
FIRMS-IND-10658,21.74827,85.92108,883c8cc031fffff,323.87,0.83,0.43,2026-08-20,1937,Aqua,71.8,285.17,47.7,N,31,85,mining,4.4,1.16,12.05,1,3,Mining Activity
FIRMS-IND-10659,29.86324,75.16049,88424b1431fffff,322.07,1.01,0.43,2026-08-20,0707,NOAA-20,79.7,280.47,180.07,N,2,90,farmland,15.7,0.95,6.3,0,1,Agricultural Burn
FIRMS-IND-10660,22.67934,85.10514,883caad6a3fffff,362.18,0.65,1.02,2026-08-20,0024,NOAA-20,90.5,319.03,310.53,N,4,79,forest,79.7,8.0,12.04,0,0,Wildfire
FIRMS-IND-10661,22.21915,85.82831,883caa662bfffff,324.56,1.1,0.58,2026-08-20,0116,Terra,74.5,303.06,15.08,D,4,79,farmland,5.7,1.58,2.39,0,1,Agricultural Burn
FIRMS-IND-10662,22.36966,73.16491,8842ca8405fffff,391.64,0.64,0.6,2026-08-20,0203,Terra,78.0,352.1,159.87,N,88,90,industrial,0.6,0.27,4.24,2,2,Industrial/Gas Flare
FIRMS-IND-10663,21.04514,81.09579,883cb00429fffff,365.64,0.46,0.45,2026-08-20,0447,Aqua,62.2,325.37,114.29,N,85,85,industrial,7.2,1.34,5.12,2,2,Industrial/Gas Flare
FIRMS-IND-10664,21.74362,78.58258,8860966c9bfffff,401.64,0.42,0.49,2026-08-20,1504,Terra,75.9,365.51,175.4,N,7,90,forest,68.4,22.25,12.61,0,0,Wildfire
FIRMS-IND-10665,21.58418,84.99245,883c8189d1fffff,317.94,0.46,0.39,2026-08-20,0252,NOAA-20,92.2,293.06,19.14,D,43,90,mining,11.0,2.22,14.91,1,3,Mining Activity
FIRMS-IND-10666,22.08056,72.96776,8842cac60bfffff,400.43,0.73,0.56,2026-08-20,1701,Aqua,69.4,366.75,145.32,D,88,90,industrial,5.5,0.69,5.14,2,2,Industrial/Gas Flare
FIRMS-IND-10667,30.95179,76.6494,883d1471b5fffff,327.51,1.01,1.15,2026-08-20,0410,SNPP,91.9,291.28,17.83,D,1,79,farmland,16.8,1.74,2.58,0,1,Agricultural Burn
FIRMS-IND-10668,29.77061,75.4947,88424b31a5fffff,378.5,0.8,1.14,2026-08-20,1441,NOAA-20,76.3,339.76,82.29,D,4,90,forest,62.8,11.06,16.15,0,0,Wildfire
FIRMS-IND-10669,30.92945,74.80035,884249d413fffff,319.66,0.6,0.78,2026-08-20,1301,Terra,68.8,283.79,6.84,D,4,90,farmland,19.1,3.54,8.26,0,1,Agricultural Burn
FIRMS-IND-10670,22.02086,85.46301,883caa7961fffff,422.72,0.9,0.74,2026-08-20,1042,NOAA-20,86.3,404.86,82.66,D,67,90,industrial,7.5,0.39,1.98,2,2,Industrial/Gas Flare
FIRMS-IND-10671,21.54951,78.69169,8860966645fffff,383.6,0.36,0.84,2026-08-20,2104,Aqua,78.9,349.2,123.75,N,7,85,forest,74.1,15.11,6.85,0,0,Wildfire
FIRMS-IND-10672,21.8329,86.06733,883c8cc455fffff,299.01,0.69,1.09,2026-08-20,1739,SNPP,83.6,283.04,158.72,D,74,90,mining,8.3,0.62,14.45,1,3,Mining Activity
FIRMS-IND-10673,31.1953,74.64833,88424d66adfffff,339.31,1.08,0.64,2026-08-20,1009,SNPP,87.1,304.52,12.97,D,2,85,farmland,20.5,1.96,7.66,0,1,Agricultural Burn
FIRMS-IND-10674,24.60616,78.79427,883d9cb2b7fffff,335.87,1.01,1.14,2026-08-20,0621,SNPP,61.8,310.5,47.32,N,1,85,forest,75.3,29.21,19.22,0,0,Wildfire
FIRMS-IND-10675,29.92692,76.78671,883d1666a5fffff,330.41,0.53,1.03,2026-08-20,2103,SNPP,63.7,312.0,14.92,D,3,85,farmland,9.5,3.11,6.21,0,1,Agricultural Burn
FIRMS-IND-10676,30.55783,75.1387,8842494649fffff,328.59,0.37,0.36,2026-08-20,1608,Terra,84.5,300.89,20.05,N,2,79,farmland,8.5,2.63,6.84,0,1,Agricultural Burn
FIRMS-IND-10677,29.21179,76.40255,883da5336dfffff,322.24,1.03,0.87,2026-08-20,1515,NOAA-20,87.7,290.64,9.18,D,2,85,farmland,13.1,4.76,3.22,0,1,Agricultural Burn
FIRMS-IND-10678,21.36988,86.00836,883c8c58ddfffff,327.95,0.82,1.07,2026-08-20,2150,SNPP,70.7,310.77,187.16,N,83,90,industrial,3.9,0.82,6.57,2,2,Industrial/Gas Flare
FIRMS-IND-10679,22.96937,78.95321,883d9e2c3dfffff,372.53,0.65,0.55,2026-08-20,0629,NOAA-20,99.6,328.04,316.53,D,1,85,forest,60.4,27.46,12.88,0,0,Wildfire
FIRMS-IND-10680,29.67995,74.23307,88424aa705fffff,333.67,0.64,0.42,2026-08-20,1624,NOAA-20,67.8,311.79,20.72,D,1,85,farmland,14.7,4.03,5.37,0,1,Agricultural Burn
FIRMS-IND-10681,22.60228,78.96542,883d9a8a25fffff,317.71,0.45,0.38,2026-08-20,0600,Aqua,98.5,282.67,1.27,N,0,90,waterbody,34.2,18.62,0.1,1,5,False Positive/Noise
FIRMS-IND-10682,22.21504,79.88078,883cb49711fffff,303.64,1.01,0.67,2026-08-20,0009,NOAA-20,89.6,270.0,200.17,D,46,79,mining,8.2,2.34,3.3,1,3,Mining Activity
FIRMS-IND-10683,22.22453,79.46611,883d9a7635fffff,396.34,0.53,0.71,2026-08-20,0643,Terra,79.9,357.94,93.6,D,8,85,forest,73.6,17.2,19.83,0,0,Wildfire
FIRMS-IND-10684,21.20861,76.74042,886093a557fffff,302.15,0.43,0.68,2026-08-20,1529,Aqua,64.5,273.09,10.89,N,4,90,farmland,22.8,2.71,6.39,0,1,Agricultural Burn
FIRMS-IND-10685,22.26479,86.19184,883c8c9423fffff,313.1,1.12,1.11,2026-08-20,0730,SNPP,57.0,280.48,61.11,D,44,90,mining,0.2,1.32,7.99,1,3,Mining Activity
FIRMS-IND-10686,29.63992,77.16793,883d121311fffff,335.01,0.64,0.44,2026-08-20,0633,Aqua,60.0,290.81,6.26,D,1,90,farmland,24.7,4.47,9.61,0,1,Agricultural Burn
FIRMS-IND-10687,21.49568,81.47446,883cb1d04dfffff,391.71,0.68,0.76,2026-08-20,0940,Terra,73.2,353.47,281.66,D,86,90,industrial,5.5,1.44,4.23,2,2,Industrial/Gas Flare
FIRMS-IND-10688,21.75424,73.19745,8842ca4759fffff,350.32,0.69,0.66,2026-08-20,1647,Terra,96.8,309.27,250.27,N,73,90,industrial,2.8,1.28,0.88,2,2,Industrial/Gas Flare
FIRMS-IND-10689,21.64483,79.76114,883cb4ce03fffff,280.0,0.93,0.81,2026-08-20,1842,SNPP,83.2,270.0,68.72,N,1,85,forest,60.6,25.6,17.94,0,0,Wildfire
FIRMS-IND-10690,22.44189,73.33407,8842cab003fffff,324.59,0.84,0.93,2026-08-20,0604,Terra,82.7,283.19,171.81,D,82,90,industrial,5.4,0.37,1.9,2,2,Industrial/Gas Flare
FIRMS-IND-10691,30.86274,76.39582,883d144ecdfffff,352.5,0.74,0.85,2026-08-20,1023,Terra,59.4,335.61,73.6,D,4,79,farmland,14.3,3.56,8.49,0,1,Agricultural Burn
FIRMS-IND-10692,22.05456,85.28655,883caa41b7fffff,352.25,0.48,0.87,2026-08-20,0825,Terra,75.4,307.3,23.01,N,35,85,mining,5.3,0.56,8.64,1,3,Mining Activity
FIRMS-IND-10693,30.37178,76.96325,883d10c905fffff,329.35,0.5,1.0,2026-08-20,2134,NOAA-20,71.6,296.51,16.09,D,1,85,farmland,14.4,2.41,3.6,0,1,Agricultural Burn
FIRMS-IND-10694,22.64763,86.2384,883cab5201fffff,356.04,0.72,0.4,2026-08-20,0714,Aqua,91.5,315.45,28.83,D,47,79,mining,13.6,1.73,7.21,1,3,Mining Activity
FIRMS-IND-10695,21.83568,85.05923,883c81829bfffff,345.59,1.13,0.6,2026-08-20,2013,Terra,75.6,309.05,30.63,D,49,85,mining,14.0,0.46,10.07,1,3,Mining Activity
FIRMS-IND-10696,23.39523,77.55702,883d9144b5fffff,419.98,0.58,0.6,2026-08-20,0610,NOAA-20,89.1,402.84,426.33,N,77,90,industrial,0.8,0.66,3.31,2,2,Industrial/Gas Flare
FIRMS-IND-10697,20.66865,81.05525,883cb071a5fffff,355.53,0.83,0.69,2026-08-20,0320,SNPP,83.1,318.9,20.1,D,7,79,forest,71.6,28.87,8.66,0,0,Wildfire
FIRMS-IND-10698,22.3168,73.74805,8842cbd827fffff,421.61,0.37,0.97,2026-08-20,0820,Aqua,55.7,376.86,92.16,D,69,90,industrial,8.0,0.53,4.03,2,2,Industrial/Gas Flare
FIRMS-IND-10699,23.03453,79.37274,883d984e31fffff,342.05,0.59,1.12,2026-08-20,0513,NOAA-20,98.4,302.71,110.7,D,3,79,forest,87.5,21.67,18.3,0,0,Wildfire
FIRMS-IND-10700,22.69793,72.9957,8842ce249bfffff,343.27,1.07,1.12,2026-08-20,1831,SNPP,60.4,305.32,151.79,N,85,90,industrial,1.6,0.22,3.36,2,2,Industrial/Gas Flare
FIRMS-IND-10701,20.3283,85.16034,883c8304a3fffff,338.21,0.59,0.75,2026-08-20,0503,Terra,56.3,311.64,27.87,D,67,90,mining,8.8,1.75,9.25,1,3,Mining Activity
FIRMS-IND-10702,23.20923,84.76609,883cae05edfffff,305.39,0.98,1.08,2026-08-20,1955,Aqua,71.0,287.49,13.07,D,15,85,residential,2.0,0.17,4.15,1,4,Urban/Infrastructure
FIRMS-IND-10703,23.90698,79.60136,883d98b039fffff,404.39,0.69,0.93,2026-08-20,0731,SNPP,52.6,382.16,39.4,N,9,79,forest,88.4,15.3,15.69,0,0,Wildfire
FIRMS-IND-10704,22.36928,79.63112,883d9a214bfffff,366.1,1.07,1.14,2026-08-20,0946,Terra,70.1,329.53,35.86,N,8,85,forest,62.1,28.55,17.45,0,0,Wildfire
FIRMS-IND-10705,21.30083,72.84734,8842d998d9fffff,358.54,0.64,0.99,2026-08-20,0555,NOAA-20,94.2,338.53,39.72,D,2,79,forest,63.3,19.57,3.88,0,0,Wildfire
FIRMS-IND-10706,21.68222,72.5421,8842dd3021fffff,361.02,0.54,1.19,2026-08-20,0833,Terra,80.8,341.5,355.2,N,86,90,industrial,7.5,0.4,5.87,2,2,Industrial/Gas Flare
FIRMS-IND-10707,22.03725,73.3564,8842ca00d7fffff,342.48,0.7,0.62,2026-08-20,0609,Aqua,77.5,323.81,187.66,D,2,79,forest,76.7,6.25,13.37,0,0,Wildfire
FIRMS-IND-10708,22.5191,77.98185,8860926827fffff,315.51,0.97,0.45,2026-08-20,1609,NOAA-20,60.9,288.77,3.33,D,18,90,residential,0.3,0.07,3.54,1,4,Urban/Infrastructure
FIRMS-IND-10709,21.73291,76.98164,8860930d11fffff,378.66,0.66,0.81,2026-08-20,0739,NOAA-20,66.1,363.07,130.29,D,8,90,forest,61.0,19.08,15.97,0,0,Wildfire
FIRMS-IND-10710,22.18759,80.18543,883cb4b04bfffff,371.48,0.6,0.81,2026-08-20,1923,Aqua,81.4,328.42,186.08,D,8,85,forest,78.0,14.08,15.41,0,0,Wildfire
FIRMS-IND-10711,23.18969,73.88152,8842c834a9fffff,285.33,0.88,0.35,2026-08-20,2020,SNPP,90.0,270.0,2.25,N,0,85,grassland,8.3,3.76,0.13,1,5,False Positive/Noise
FIRMS-IND-10712,21.21154,85.55784,883c812949fffff,340.38,0.76,0.92,2026-08-20,0257,SNPP,71.5,311.18,51.72,N,36,90,mining,8.3,2.87,12.71,1,3,Mining Activity
FIRMS-IND-10713,30.07403,76.32645,883d160a81fffff,362.55,1.2,0.5,2026-08-20,1314,Terra,71.3,332.17,13.47,D,2,90,farmland,7.0,2.28,5.57,0,1,Agricultural Burn
FIRMS-IND-10714,21.41922,79.91392,883cb442dbfffff,301.42,0.42,0.88,2026-08-20,1151,Aqua,60.7,270.0,6.35,N,1,85,grassland,24.0,2.91,0.95,1,5,False Positive/Noise
FIRMS-IND-10715,30.68099,76.69435,883d16a6cdfffff,322.5,0.77,1.03,2026-08-20,0627,SNPP,76.4,297.47,13.16,D,1,90,farmland,8.1,2.65,5.84,0,1,Agricultural Burn
FIRMS-IND-10716,21.71821,73.36351,8842ca7a51fffff,306.86,0.69,0.97,2026-08-20,2002,Aqua,83.3,270.47,50.22,N,35,85,residential,11.7,0.15,5.27,1,4,Urban/Infrastructure
FIRMS-IND-10717,30.52444,76.22196,883d1685ebfffff,328.51,0.77,0.45,2026-08-20,0908,Aqua,87.6,309.29,14.01,D,4,90,farmland,20.1,4.12,5.98,0,1,Agricultural Burn
FIRMS-IND-10718,31.1128,75.13104,8842498e89fffff,321.01,1.08,0.47,2026-08-20,0843,Aqua,79.8,288.78,56.79,N,3,90,farmland,11.7,2.02,2.77,0,1,Agricultural Burn
FIRMS-IND-10719,31.11824,74.34947,88424d71a3fffff,346.29,0.78,1.09,2026-08-20,2104,NOAA-20,95.9,323.83,11.99,D,3,85,farmland,12.8,3.26,1.5,0,1,Agricultural Burn
FIRMS-IND-10720,21.48556,86.66454,883c8c75bbfffff,368.38,0.96,0.82,2026-08-20,2143,NOAA-20,76.5,326.34,190.61,N,7,90,forest,78.7,13.46,14.19,0,0,Wildfire
FIRMS-IND-10721,21.01936,80.0685,883cb6a233fffff,322.74,0.73,0.45,2026-08-20,1455,SNPP,94.7,297.47,192.66,N,4,79,forest,61.1,7.97,8.3,0,0,Wildfire
FIRMS-IND-10722,21.88785,84.75264,883c856699fffff,347.4,1.04,0.62,2026-08-20,1231,NOAA-20,58.0,313.42,48.55,D,68,85,mining,4.8,1.61,14.04,1,3,Mining Activity
FIRMS-IND-10723,22.32455,72.52415,8842ce624bfffff,368.15,1.01,0.81,2026-08-20,2113,Aqua,96.0,325.1,336.49,D,84,79,industrial,9.0,0.27,2.83,2,2,Industrial/Gas Flare
FIRMS-IND-10724,22.16951,85.04404,883caa5165fffff,323.13,1.18,1.17,2026-08-20,0947,Terra,86.8,301.65,43.98,N,4,85,farmland,12.4,0.55,7.2,0,1,Agricultural Burn
FIRMS-IND-10725,21.87101,85.53493,883c81b595fffff,307.76,0.72,0.57,2026-08-20,0122,SNPP,84.0,284.96,5.07,D,1,85,grassland,22.4,13.0,0.25,1,5,False Positive/Noise
FIRMS-IND-10726,21.92549,79.12374,883d9a4c6bfffff,353.22,0.66,0.53,2026-08-20,1100,Aqua,91.7,333.71,66.98,N,1,79,forest,79.2,18.58,19.59,0,0,Wildfire
FIRMS-IND-10727,21.35857,79.11101,88609618c7fffff,345.83,1.01,0.42,2026-08-20,0728,SNPP,70.2,304.96,147.39,D,4,90,forest,84.8,29.37,6.96,0,0,Wildfire
FIRMS-IND-10728,22.28655,85.85187,883caa290dfffff,318.08,1.05,0.65,2026-08-20,1728,Terra,84.7,291.04,32.62,D,48,85,mining,17.1,2.67,5.86,1,3,Mining Activity
FIRMS-IND-10729,22.33952,79.39728,883d9a0e81fffff,340.74,1.0,0.67,2026-08-20,0900,Aqua,50.9,301.68,323.15,N,3,79,forest,72.3,15.72,17.01,0,0,Wildfire
FIRMS-IND-10730,31.05085,75.08668,8842498c6bfffff,325.84,0.93,1.14,2026-08-20,0641,Aqua,53.3,294.28,26.79,D,1,79,farmland,16.3,1.38,6.89,0,1,Agricultural Burn
FIRMS-IND-10731,30.26972,76.59869,883d163149fffff,304.84,0.65,1.04,2026-08-20,1044,Terra,97.7,281.39,16.26,D,16,79,residential,3.9,0.58,4.39,1,4,Urban/Infrastructure
FIRMS-IND-10732,22.56911,73.61057,8842c86847fffff,466.83,0.35,0.65,2026-08-20,0953,NOAA-20,73.5,435.93,105.86,D,80,90,industrial,7.6,0.47,0.84,2,2,Industrial/Gas Flare
FIRMS-IND-10733,24.81893,80.13987,883d9daeb3fffff,352.64,0.72,0.68,2026-08-20,2104,Aqua,71.0,328.72,24.21,D,2,79,forest,79.7,22.32,12.05,0,0,Wildfire
FIRMS-IND-10734,29.97865,76.64154,883d167437fffff,317.08,0.72,0.61,2026-08-20,0546,Terra,91.1,299.65,30.37,D,36,90,residential,6.3,0.35,5.93,1,4,Urban/Infrastructure
FIRMS-IND-10735,20.7152,78.36682,886090d641fffff,432.93,1.12,0.42,2026-08-20,0840,Terra,96.3,416.96,159.41,D,7,85,forest,79.0,10.49,14.05,0,0,Wildfire
FIRMS-IND-10736,22.53942,72.67833,8842ce38bdfffff,398.53,0.96,0.44,2026-08-20,2219,NOAA-20,80.2,379.16,295.6,N,73,85,industrial,4.4,0.43,3.59,2,2,Industrial/Gas Flare
FIRMS-IND-10737,31.34391,76.55523,883d14075dfffff,310.17,0.72,1.09,2026-08-20,2111,Aqua,54.7,284.76,26.73,D,3,79,farmland,15.2,1.92,9.92,0,1,Agricultural Burn
FIRMS-IND-10738,21.50548,84.52041,883c80a697fffff,332.71,1.16,1.08,2026-08-20,1723,Terra,58.6,299.67,28.58,N,67,85,mining,19.2,0.26,11.6,1,3,Mining Activity
FIRMS-IND-10739,29.65796,76.03906,883d164b1bfffff,294.3,0.73,1.15,2026-08-20,0254,NOAA-20,53.1,270.0,4.9,N,1,85,grassland,0.9,11.73,0.75,1,5,False Positive/Noise
FIRMS-IND-10740,22.1673,84.87655,883c85272bfffff,334.79,0.95,0.5,2026-08-20,1035,SNPP,65.3,306.0,24.6,D,51,90,mining,17.7,0.86,5.41,1,3,Mining Activity
FIRMS-IND-10741,30.38083,75.08219,8842494181fffff,349.78,0.91,0.39,2026-08-20,0258,SNPP,82.6,309.81,33.75,D,2,90,farmland,11.8,3.07,5.03,0,1,Agricultural Burn
FIRMS-IND-10742,22.07682,73.76526,8842ca20c1fffff,375.92,0.56,0.68,2026-08-20,0740,SNPP,84.0,343.96,213.45,D,88,90,industrial,7.8,1.39,2.8,2,2,Industrial/Gas Flare
FIRMS-IND-10743,21.48445,84.59828,883c81d15bfffff,354.54,1.2,1.09,2026-08-20,1726,NOAA-20,69.1,328.85,92.03,D,46,85,mining,0.4,2.23,2.46,1,3,Mining Activity
FIRMS-IND-10744,21.89362,80.52936,883cb43625fffff,380.4,0.88,0.74,2026-08-20,1440,SNPP,59.0,341.01,99.16,N,7,85,forest,89.8,11.18,3.3,0,0,Wildfire
FIRMS-IND-10745,30.8995,75.21877,8842491563fffff,297.28,0.66,0.69,2026-08-20,0011,SNPP,86.2,270.0,28.37,N,4,85,farmland,19.0,3.45,7.6,0,1,Agricultural Burn
FIRMS-IND-10746,21.37388,77.54769,8860906ca9fffff,395.71,0.65,1.16,2026-08-20,1335,SNPP,85.0,374.54,44.8,D,9,90,forest,84.3,24.19,18.22,0,0,Wildfire
FIRMS-IND-10747,22.58072,72.96643,8842c85b63fffff,383.64,0.52,1.12,2026-08-20,0720,SNPP,69.6,339.85,101.05,D,66,90,industrial,2.0,1.06,4.7,2,2,Industrial/Gas Flare
FIRMS-IND-10748,30.78708,75.36592,8842490e51fffff,328.77,1.05,0.74,2026-08-20,2043,Terra,50.2,306.15,38.61,D,20,90,residential,0.1,0.62,4.13,1,4,Urban/Infrastructure
FIRMS-IND-10749,30.11165,74.91242,88424b876bfffff,353.38,0.56,0.63,2026-08-20,0052,SNPP,93.8,321.21,24.27,D,2,90,forest,75.5,8.89,13.13,0,0,Wildfire
FIRMS-IND-10750,21.58969,73.26277,8842ca4c39fffff,303.55,0.73,0.96,2026-08-20,1611,NOAA-20,54.7,277.42,2.69,N,1,85,waterbody,34.2,4.18,0.27,1,5,False Positive/Noise
FIRMS-IND-10751,22.04155,73.20313,8842ca11b1fffff,433.39,0.52,0.49,2026-08-20,2229,SNPP,77.5,404.38,369.35,N,86,85,industrial,3.2,0.38,6.91,2,2,Industrial/Gas Flare
FIRMS-IND-10752,22.18003,86.03081,883c8c91ebfffff,360.69,0.68,0.61,2026-08-20,0629,SNPP,93.2,333.98,97.95,D,48,85,mining,1.7,2.76,7.26,1,3,Mining Activity
FIRMS-IND-10753,31.35484,75.72914,883d14d26dfffff,321.44,0.65,0.44,2026-08-20,1732,Aqua,94.8,304.86,33.37,D,1,90,farmland,7.6,4.73,9.1,0,1,Agricultural Burn
FIRMS-IND-10754,22.46431,73.21613,8842c849a9fffff,348.19,1.16,0.55,2026-08-20,1937,Aqua,69.8,311.63,102.88,D,86,85,industrial,3.2,0.78,6.61,2,2,Industrial/Gas Flare
FIRMS-IND-10755,22.69649,85.42084,883caa8d85fffff,350.11,1.18,0.66,2026-08-20,1933,SNPP,58.5,334.82,59.61,D,53,85,mining,17.7,1.39,12.06,1,3,Mining Activity
FIRMS-IND-10756,30.48439,76.54195,883d16a1e5fffff,349.07,0.77,0.37,2026-08-20,1444,Aqua,79.0,326.66,6.48,D,1,90,farmland,8.7,1.39,5.25,0,1,Agricultural Burn
FIRMS-IND-10757,21.60343,85.73918,883c813687fffff,373.56,0.6,1.07,2026-08-20,2125,Aqua,89.5,338.35,19.66,D,50,79,mining,0.4,0.29,8.28,1,3,Mining Activity
FIRMS-IND-10758,21.75622,86.05285,883c8cc53bfffff,343.77,0.9,0.82,2026-08-20,0101,Terra,82.1,313.18,12.69,N,1,85,farmland,18.8,2.81,5.28,0,1,Agricultural Burn
FIRMS-IND-10759,21.56833,85.70041,883c81340bfffff,382.79,0.87,0.93,2026-08-20,0909,Aqua,76.9,360.16,66.4,D,52,90,mining,1.4,2.36,5.25,1,3,Mining Activity
FIRMS-IND-10760,24.10696,78.68948,883d9c00a9fffff,301.02,1.07,1.07,2026-08-20,1712,SNPP,64.2,274.33,1.9,D,1,85,grassland,18.1,6.99,0.94,1,5,False Positive/Noise
FIRMS-IND-10761,21.77177,86.17259,883c8c1a1dfffff,327.2,0.46,1.15,2026-08-20,0427,SNPP,71.5,294.76,54.93,N,60,85,mining,18.9,1.02,4.94,1,3,Mining Activity
FIRMS-IND-10762,22.55401,73.00476,8842c85947fffff,414.93,0.53,1.12,2026-08-20,1731,NOAA-20,57.1,374.07,234.64,D,77,79,industrial,3.1,0.42,2.88,2,2,Industrial/Gas Flare
FIRMS-IND-10763,21.37863,79.61308,886096d845fffff,328.01,0.47,0.7,2026-08-20,0142,NOAA-20,89.3,296.52,270.85,N,3,90,forest,67.2,8.4,10.22,0,0,Wildfire
FIRMS-IND-10764,21.7379,73.7811,88609b659dfffff,402.04,0.47,1.16,2026-08-20,0050,Terra,74.7,362.46,59.85,N,80,90,industrial,6.8,1.17,2.89,2,2,Industrial/Gas Flare
FIRMS-IND-10765,29.803,75.78333,88424b2423fffff,314.33,0.57,0.64,2026-08-20,0731,Terra,89.5,278.42,26.0,N,4,79,farmland,22.9,1.66,3.16,0,1,Agricultural Burn
FIRMS-IND-10766,30.9761,76.60286,883d1471c5fffff,313.62,0.56,0.56,2026-08-20,1956,NOAA-20,56.3,280.22,47.78,D,1,85,farmland,6.7,3.84,7.24,0,1,Agricultural Burn
FIRMS-IND-10767,30.47616,76.21967,883d168e83fffff,320.02,0.62,0.5,2026-08-20,1530,NOAA-20,90.9,301.35,19.14,D,2,90,farmland,7.5,4.13,1.08,0,1,Agricultural Burn
FIRMS-IND-10768,22.19203,84.97419,883c852413fffff,326.06,0.75,0.69,2026-08-20,0022,Terra,78.0,290.91,24.52,D,31,79,mining,9.8,0.41,2.45,1,3,Mining Activity
FIRMS-IND-10769,22.23047,73.83248,8842cbc94dfffff,334.46,0.47,0.47,2026-08-20,2210,NOAA-20,70.6,301.43,66.97,D,34,85,mining,14.0,1.48,8.9,1,3,Mining Activity
FIRMS-IND-10770,21.7573,85.34118,883c81babbfffff,361.24,0.92,1.03,2026-08-20,1158,SNPP,89.1,336.97,29.82,D,58,90,mining,6.1,2.68,11.41,1,3,Mining Activity
FIRMS-IND-10771,21.95689,72.88894,8842cac1dbfffff,385.49,0.95,0.48,2026-08-20,1637,SNPP,60.2,350.0,129.77,N,76,90,industrial,5.1,1.03,6.4,2,2,Industrial/Gas Flare
FIRMS-IND-10772,22.36675,73.46849,8842caa01dfffff,384.14,0.43,0.79,2026-08-20,0702,NOAA-20,75.8,348.39,158.98,D,80,90,industrial,2.7,0.64,1.7,2,2,Industrial/Gas Flare
FIRMS-IND-10773,22.4193,72.66342,8842ce748bfffff,423.36,0.39,0.56,2026-08-20,1709,NOAA-20,59.2,407.19,98.89,D,85,90,industrial,9.3,0.73,1.8,2,2,Industrial/Gas Flare
FIRMS-IND-10774,30.62322,75.82004,883d169353fffff,323.81,1.0,0.71,2026-08-20,1712,Aqua,62.2,280.35,34.8,D,1,90,farmland,17.3,1.33,7.11,0,1,Agricultural Burn
FIRMS-IND-10775,31.38439,73.81865,88424dc531fffff,359.52,0.9,0.65,2026-08-20,2210,SNPP,89.2,315.28,64.94,D,72,85,industrial,7.1,0.21,3.51,2,2,Industrial/Gas Flare
FIRMS-IND-10776,30.70261,75.8995,8842492d17fffff,348.97,0.69,0.87,2026-08-20,1013,Aqua,55.0,322.07,24.7,D,2,90,farmland,19.9,3.92,6.85,0,1,Agricultural Burn
FIRMS-IND-10777,22.24309,73.41649,8842caaa23fffff,355.98,0.41,0.65,2026-08-20,0304,NOAA-20,74.9,329.02,63.02,N,67,79,industrial,0.3,0.38,2.51,2,2,Industrial/Gas Flare
FIRMS-IND-10778,22.12002,73.52544,8842ca332bfffff,329.19,1.18,1.14,2026-08-20,0900,SNPP,88.6,306.23,59.28,D,86,90,industrial,9.5,1.11,6.5,2,2,Industrial/Gas Flare
FIRMS-IND-10779,22.26171,73.50156,8842caaab3fffff,337.57,0.36,0.4,2026-08-20,0041,Aqua,74.4,320.25,157.6,D,70,85,industrial,5.9,0.59,5.43,2,2,Industrial/Gas Flare
FIRMS-IND-10780,22.34722,78.08356,8860927ae3fffff,384.26,1.06,1.03,2026-08-20,0214,Terra,53.9,363.51,79.38,N,5,79,forest,75.7,15.8,12.38,0,0,Wildfire
FIRMS-IND-10781,21.28035,84.58127,883c8036d9fffff,312.76,0.75,0.99,2026-08-20,1723,Aqua,66.2,273.8,57.77,D,36,90,mining,15.4,2.9,8.69,1,3,Mining Activity
FIRMS-IND-10782,23.2626,85.4776,883ca84205fffff,360.11,0.51,1.03,2026-08-20,1418,NOAA-20,86.5,337.6,80.49,N,38,90,mining,2.4,1.11,9.32,1,3,Mining Activity
FIRMS-IND-10783,22.03944,78.54067,886092c199fffff,371.01,0.72,0.7,2026-08-20,1247,NOAA-20,64.5,346.91,114.89,N,3,85,forest,78.4,22.55,19.49,0,0,Wildfire
FIRMS-IND-10784,21.90997,80.1021,883cb41601fffff,325.81,0.62,0.65,2026-08-20,1037,NOAA-20,57.1,307.03,48.84,D,5,90,forest,66.5,18.55,7.8,0,0,Wildfire
FIRMS-IND-10785,22.5111,85.83898,883caa3a9bfffff,346.43,1.0,0.45,2026-08-20,2115,NOAA-20,53.0,310.82,28.14,D,46,85,mining,10.4,1.0,5.23,1,3,Mining Activity
FIRMS-IND-10786,29.86724,74.61856,88424bd639fffff,329.9,0.48,0.89,2026-08-20,1823,NOAA-20,58.5,292.2,23.39,N,4,90,farmland,18.2,1.8,2.27,0,1,Agricultural Burn
FIRMS-IND-10787,22.90919,73.81659,8842c82839fffff,345.37,0.65,0.46,2026-08-20,2211,Terra,95.9,307.04,17.88,N,46,85,mining,6.7,2.85,2.18,1,3,Mining Activity
FIRMS-IND-10788,21.49104,85.79525,883c81262bfffff,305.48,0.83,0.72,2026-08-20,0223,Aqua,96.5,270.0,26.93,D,33,79,mining,6.3,2.65,6.51,1,3,Mining Activity
FIRMS-IND-10789,31.59245,75.7628,883d326725fffff,336.74,0.55,0.65,2026-08-20,1703,Aqua,93.2,293.96,25.81,D,3,79,farmland,7.9,3.08,9.8,0,1,Agricultural Burn
FIRMS-IND-10790,22.76201,73.23007,8842c855c7fffff,404.05,1.19,0.73,2026-08-20,0213,Aqua,93.7,371.09,149.93,N,84,90,industrial,2.5,0.78,5.76,2,2,Industrial/Gas Flare
FIRMS-IND-10791,29.74434,76.32471,883d164cdbfffff,361.9,0.56,0.43,2026-08-20,0357,SNPP,87.7,334.13,35.43,N,7,79,forest,67.3,28.69,18.0,0,0,Wildfire
FIRMS-IND-10792,21.41546,73.78915,88609b2063fffff,290.86,1.05,0.75,2026-08-20,0348,Terra,61.3,270.87,29.14,N,39,85,mining,3.0,0.43,7.61,1,3,Mining Activity
FIRMS-IND-10793,22.00176,76.67465,883d9264d9fffff,348.51,0.56,0.55,2026-08-20,1950,Aqua,84.5,313.48,37.15,D,7,90,forest,77.7,18.46,15.62,0,0,Wildfire
FIRMS-IND-10794,29.64939,75.84999,883da5964bfffff,374.43,0.99,1.04,2026-08-20,0402,SNPP,88.7,358.14,54.93,D,79,79,industrial,2.2,0.19,6.35,2,2,Industrial/Gas Flare
FIRMS-IND-10795,30.41894,74.73267,88424825c9fffff,320.38,0.8,0.97,2026-08-20,2210,NOAA-20,56.3,303.91,10.72,N,1,79,farmland,18.6,4.18,6.07,0,1,Agricultural Burn
FIRMS-IND-10796,21.5839,80.258,883cb40ddbfffff,350.03,0.91,0.98,2026-08-20,0014,Aqua,98.1,317.67,62.33,N,8,85,forest,71.3,19.83,12.16,0,0,Wildfire
FIRMS-IND-10797,31.29902,76.74636,883d143a55fffff,316.28,0.65,0.43,2026-08-20,0034,SNPP,79.1,287.97,51.65,D,4,79,farmland,7.6,2.55,3.45,0,1,Agricultural Burn
FIRMS-IND-10798,23.97102,79.74266,883d98b40dfffff,314.0,1.09,0.95,2026-08-20,0438,NOAA-20,96.2,274.25,2.21,N,0,90,grassland,30.8,19.28,0.78,1,5,False Positive/Noise
FIRMS-IND-10799,20.98098,85.28018,883c817817fffff,311.63,0.98,1.01,2026-08-20,1931,Terra,54.4,277.71,31.64,D,70,90,mining,18.5,2.78,5.74,1,3,Mining Activity
FIRMS-IND-10800,21.94866,85.41844,883c81b75dfffff,340.86,0.8,0.37,2026-08-20,1739,SNPP,53.9,305.46,56.52,D,46,90,mining,8.6,0.38,12.26,1,3,Mining Activity
FIRMS-IND-10801,20.39049,79.6462,883cb6542dfffff,394.74,0.59,0.77,2026-08-20,2022,SNPP,50.4,369.39,97.59,D,6,79,forest,82.1,18.92,5.27,0,0,Wildfire
FIRMS-IND-10802,22.25681,85.164,883caa50cbfffff,394.47,1.06,0.74,2026-08-20,2136,Aqua,94.7,364.58,177.79,D,89,90,industrial,8.0,1.34,2.37,2,2,Industrial/Gas Flare
FIRMS-IND-10803,23.15852,85.3331,883ca85863fffff,342.01,1.17,1.01,2026-08-20,0629,SNPP,99.7,302.52,36.17,N,34,90,mining,2.3,2.27,12.01,1,3,Mining Activity
FIRMS-IND-10804,23.35944,77.34322,883d914003fffff,387.36,1.03,0.47,2026-08-20,2016,NOAA-20,69.0,370.92,56.1,N,70,90,industrial,5.2,1.07,1.08,2,2,Industrial/Gas Flare
FIRMS-IND-10805,21.23322,77.70368,88609062e7fffff,298.84,0.36,0.4,2026-08-20,2007,SNPP,94.3,272.99,6.36,N,1,90,grassland,30.1,15.28,0.34,1,5,False Positive/Noise
FIRMS-IND-10806,23.82477,78.58501,883d9c4411fffff,369.27,1.16,0.72,2026-08-20,2153,SNPP,65.5,343.03,58.03,D,4,85,forest,66.0,17.37,11.01,0,0,Wildfire
FIRMS-IND-10807,20.7923,84.57502,883c839041fffff,360.95,0.87,0.55,2026-08-20,0429,SNPP,96.0,326.34,68.44,D,78,85,industrial,4.9,1.18,1.63,2,2,Industrial/Gas Flare
FIRMS-IND-10808,23.15827,72.29364,8842cc4e65fffff,344.02,1.17,0.91,2026-08-20,1109,NOAA-20,70.4,314.07,159.85,D,70,90,industrial,1.7,0.89,7.34,2,2,Industrial/Gas Flare
FIRMS-IND-10809,23.41696,78.83094,883d9ea5b3fffff,322.17,0.68,1.0,2026-08-20,1503,SNPP,92.6,296.9,9.04,D,4,90,farmland,18.6,1.68,4.84,0,1,Agricultural Burn
FIRMS-IND-10810,22.56151,85.2637,883caac4d7fffff,338.9,0.65,1.19,2026-08-20,0956,SNPP,56.7,298.47,24.06,D,43,90,mining,9.3,1.37,12.13,1,3,Mining Activity
FIRMS-IND-10811,21.91186,74.61695,88609a2c87fffff,321.82,0.58,1.0,2026-08-20,1522,NOAA-20,98.2,289.45,10.16,D,4,79,farmland,8.1,1.64,1.8,0,1,Agricultural Burn
FIRMS-IND-10812,21.8195,73.7925,88609b6cddfffff,406.85,0.85,0.93,2026-08-20,1211,Aqua,73.2,376.36,309.78,D,76,85,industrial,0.7,1.36,2.85,2,2,Industrial/Gas Flare
FIRMS-IND-10813,21.00884,85.95216,883c8e80b7fffff,356.34,0.94,0.89,2026-08-20,2057,Aqua,87.9,322.8,30.15,N,41,85,mining,3.7,0.96,7.32,1,3,Mining Activity
FIRMS-IND-10814,24.19765,81.6978,883ca40119fffff,357.02,1.06,0.93,2026-08-20,1943,Aqua,99.2,316.76,48.4,N,9,85,forest,73.0,22.44,11.09,0,0,Wildfire
FIRMS-IND-10815,18.93005,78.67851,8860b3889bfffff,351.72,0.39,0.82,2026-08-20,1935,SNPP,93.6,320.98,186.78,D,4,90,forest,81.9,7.03,17.97,0,0,Wildfire
FIRMS-IND-10816,22.03665,85.73707,883caa6f47fffff,342.0,0.51,1.04,2026-08-20,0246,SNPP,65.1,323.05,16.99,D,65,85,mining,19.1,1.24,12.78,1,3,Mining Activity
FIRMS-IND-10817,21.96512,84.55903,883c85763dfffff,311.07,0.7,0.39,2026-08-20,1007,SNPP,81.2,270.0,59.18,D,49,79,mining,9.4,0.95,2.73,1,3,Mining Activity
FIRMS-IND-10818,21.6605,72.92786,8842ca5a0bfffff,342.67,0.84,0.79,2026-08-20,0102,NOAA-20,77.8,324.47,62.07,N,66,90,industrial,2.5,1.38,6.89,2,2,Industrial/Gas Flare
FIRMS-IND-10819,21.55946,79.03791,886096468bfffff,380.11,1.13,1.12,2026-08-20,1846,Terra,99.6,357.78,92.05,D,5,90,forest,92.4,11.19,17.54,0,0,Wildfire
FIRMS-IND-10820,21.62388,84.795,883c81d6cdfffff,330.19,1.1,0.36,2026-08-20,1921,SNPP,98.9,299.96,85.18,D,55,90,mining,14.5,0.27,9.42,1,3,Mining Activity
FIRMS-IND-10821,30.43352,76.67734,883d16ac27fffff,332.65,1.17,0.88,2026-08-20,0823,Terra,72.2,294.4,12.7,N,3,90,farmland,19.7,4.71,9.64,0,1,Agricultural Burn
FIRMS-IND-10822,31.07419,74.2742,88424d7aedfffff,330.54,0.6,0.51,2026-08-20,2257,Aqua,61.3,309.86,36.33,D,4,90,farmland,18.5,1.45,8.53,0,1,Agricultural Burn
FIRMS-IND-10823,21.86085,84.84778,883c819067fffff,350.17,0.68,1.12,2026-08-20,0715,NOAA-20,50.8,319.51,156.25,D,43,79,mining,2.5,0.37,14.95,1,3,Mining Activity
FIRMS-IND-10824,22.38213,85.62448,883caa0c3bfffff,349.83,0.73,0.92,2026-08-20,0635,SNPP,85.5,319.45,41.33,N,55,90,mining,17.8,1.03,14.11,1,3,Mining Activity
FIRMS-IND-10825,29.57614,75.25936,88424b0d15fffff,331.43,0.85,0.41,2026-08-20,1849,SNPP,59.8,302.38,45.01,N,2,90,farmland,22.8,1.92,2.94,0,1,Agricultural Burn
FIRMS-IND-10826,29.33516,76.64935,883da53603fffff,321.37,0.39,0.92,2026-08-20,0629,Aqua,88.2,305.7,17.38,D,1,85,farmland,7.5,3.61,7.59,0,1,Agricultural Burn
FIRMS-IND-10827,22.31168,85.74484,883caa7453fffff,330.0,1.09,0.59,2026-08-20,1931,SNPP,78.2,312.78,49.63,D,38,90,mining,18.8,1.58,3.11,1,3,Mining Activity
FIRMS-IND-10828,30.92562,75.85239,8842492757fffff,313.66,0.51,0.9,2026-08-20,0133,Terra,77.3,290.34,5.19,D,2,79,farmland,12.9,0.81,4.13,0,1,Agricultural Burn
FIRMS-IND-10829,31.83478,76.0446,883d322c23fffff,311.11,0.85,0.84,2026-08-20,0607,Aqua,75.6,288.14,42.94,N,4,85,farmland,11.5,2.79,7.06,0,1,Agricultural Burn
FIRMS-IND-10830,30.29058,75.9863,883d16892bfffff,300.46,1.01,1.06,2026-08-20,1815,Terra,62.1,278.79,64.92,N,2,90,farmland,11.8,0.82,9.49,0,1,Agricultural Burn
FIRMS-IND-10831,21.75209,84.93304,883c81833dfffff,352.49,0.63,0.46,2026-08-20,0511,NOAA-20,62.1,321.4,21.5,D,52,90,mining,13.5,1.38,13.34,1,3,Mining Activity
FIRMS-IND-10832,20.75274,86.09376,883c8e153dfffff,328.97,0.99,0.97,2026-08-20,0125,SNPP,92.6,303.14,31.15,D,72,85,mining,16.8,0.9,13.55,1,3,Mining Activity
FIRMS-IND-10833,31.56531,75.2864,883d324735fffff,334.68,0.52,0.81,2026-08-20,2026,NOAA-20,58.9,318.15,32.55,N,1,85,farmland,16.7,2.65,5.94,0,1,Agricultural Burn
FIRMS-IND-10834,22.22238,85.11509,883caa503dfffff,307.96,1.0,0.86,2026-08-20,0350,NOAA-20,73.4,270.0,2.3,N,1,90,grassland,10.3,13.75,0.96,1,5,False Positive/Noise
FIRMS-IND-10835,22.67696,73.32574,8842c8450bfffff,340.97,0.91,0.76,2026-08-20,1004,SNPP,70.3,305.65,360.27,N,82,90,industrial,1.0,1.33,2.78,2,2,Industrial/Gas Flare
FIRMS-IND-10836,21.44896,78.45021,8860962de9fffff,390.31,0.9,0.96,2026-08-20,2024,Aqua,73.4,355.43,182.51,N,3,85,forest,78.7,5.5,5.7,0,0,Wildfire
FIRMS-IND-10837,21.75908,85.32714,883c81bab9fffff,361.86,0.51,1.03,2026-08-20,1232,NOAA-20,74.4,335.91,21.54,D,30,90,mining,2.2,1.22,9.54,1,3,Mining Activity
FIRMS-IND-10838,21.82479,78.6022,886092d667fffff,305.64,0.75,0.68,2026-08-20,1529,Terra,60.6,274.0,2.95,D,1,85,waterbody,3.1,8.47,0.67,1,5,False Positive/Noise
FIRMS-IND-10839,21.71236,72.86276,8842dd24c9fffff,306.93,1.07,0.43,2026-08-20,1438,SNPP,59.3,275.11,157.83,N,79,90,industrial,9.4,1.44,6.92,2,2,Industrial/Gas Flare
FIRMS-IND-10840,29.71834,75.74106,88424b2e15fffff,308.79,0.53,1.05,2026-08-20,0409,NOAA-20,52.9,275.88,19.76,D,2,79,farmland,19.9,4.57,1.08,0,1,Agricultural Burn
FIRMS-IND-10841,20.6042,84.81748,883c838e3dfffff,349.02,1.12,0.37,2026-08-20,0906,SNPP,83.1,321.91,24.28,D,62,90,mining,6.8,0.95,14.8,1,3,Mining Activity
FIRMS-IND-10842,30.6138,75.28711,8842490999fffff,349.88,0.42,0.86,2026-08-20,0948,SNPP,60.5,319.77,193.06,N,1,85,farmland,5.7,0.77,4.36,0,1,Agricultural Burn
FIRMS-IND-10843,22.56015,78.91752,883d9ad4dbfffff,388.22,1.09,0.68,2026-08-20,1856,Aqua,55.4,350.74,52.07,D,2,90,forest,76.6,23.78,9.42,0,0,Wildfire
FIRMS-IND-10844,21.85408,73.0884,8842ca5601fffff,331.9,0.36,0.92,2026-08-20,0617,Aqua,85.9,315.53,47.8,D,54,90,mining,3.5,2.37,8.68,1,3,Mining Activity
FIRMS-IND-10845,21.89841,72.78954,8842cad8b7fffff,381.1,0.48,0.87,2026-08-20,2220,Aqua,56.7,363.45,171.57,N,68,90,industrial,0.2,0.67,2.21,2,2,Industrial/Gas Flare
FIRMS-IND-10846,21.5946,73.0161,8842ca58adfffff,334.62,0.69,1.18,2026-08-20,1119,Terra,95.2,319.21,7.57,D,4,85,farmland,10.3,4.26,6.75,0,1,Agricultural Burn
FIRMS-IND-10847,22.66115,73.30355,8842c84567fffff,371.98,0.7,1.02,2026-08-20,0014,Aqua,57.8,351.3,106.55,N,73,85,industrial,7.9,1.48,7.19,2,2,Industrial/Gas Flare
FIRMS-IND-10848,20.86442,77.79881,8860900469fffff,350.11,0.66,1.15,2026-08-20,0235,Aqua,74.9,315.5,89.9,N,1,90,forest,81.4,29.17,14.4,0,0,Wildfire
FIRMS-IND-10849,20.92039,78.31277,886090c0cdfffff,356.89,1.01,0.88,2026-08-20,1730,Terra,67.8,312.98,20.04,N,3,90,forest,93.4,27.92,6.97,0,0,Wildfire
FIRMS-IND-10850,22.26062,73.62729,8842caadddfffff,306.49,0.65,1.06,2026-08-20,0300,Aqua,92.3,284.25,211.1,N,85,79,industrial,8.9,1.1,7.98,2,2,Industrial/Gas Flare
FIRMS-IND-10851,20.35499,80.9139,883cb2a253fffff,328.46,0.63,0.64,2026-08-20,0015,Aqua,58.1,313.09,57.43,D,34,90,mining,10.9,1.18,7.65,1,3,Mining Activity
FIRMS-IND-10852,21.63656,73.15753,8842ca4183fffff,364.93,0.54,0.82,2026-08-20,0637,SNPP,67.1,341.62,129.66,D,81,90,industrial,7.5,0.17,7.19,2,2,Industrial/Gas Flare
FIRMS-IND-10853,24.01171,79.87124,883d9d6b33fffff,354.33,0.47,1.19,2026-08-20,1438,Aqua,78.2,332.5,26.38,D,8,79,forest,71.8,5.78,5.59,0,0,Wildfire
FIRMS-IND-10854,29.11608,75.11542,883da4b089fffff,331.01,0.62,1.1,2026-08-20,0356,Aqua,54.1,290.72,101.79,D,2,90,farmland,17.0,4.67,4.59,0,1,Agricultural Burn
FIRMS-IND-10855,31.02627,75.26748,88424916cdfffff,346.92,0.96,1.06,2026-08-20,0310,SNPP,85.4,304.25,13.22,N,1,90,farmland,5.8,3.45,8.58,0,1,Agricultural Burn
FIRMS-IND-10856,30.39359,74.84391,8842495a3dfffff,335.38,0.47,0.82,2026-08-20,1912,Aqua,68.3,296.32,20.71,D,1,90,farmland,17.6,2.85,3.87,0,1,Agricultural Burn
FIRMS-IND-10857,22.29864,72.68394,8842ce6549fffff,356.87,1.1,0.61,2026-08-20,0723,Aqua,67.4,340.56,28.4,D,67,79,mining,6.2,2.29,9.24,1,3,Mining Activity
FIRMS-IND-10858,21.26038,86.00685,883c8c4b5dfffff,317.52,1.08,0.59,2026-08-20,1648,Aqua,94.0,300.51,64.43,N,41,85,mining,11.3,1.91,2.9,1,3,Mining Activity
FIRMS-IND-10859,21.75446,85.34819,883c81bab3fffff,320.05,1.19,0.77,2026-08-20,2132,NOAA-20,94.7,298.11,31.67,D,58,85,mining,19.0,0.23,4.62,1,3,Mining Activity
FIRMS-IND-10860,24.73881,77.49083,883d82c4a7fffff,343.65,0.98,1.06,2026-08-20,1952,NOAA-20,53.8,309.07,28.91,D,42,79,mining,12.8,2.72,10.19,1,3,Mining Activity
FIRMS-IND-10861,22.46543,74.03939,8842cbc40dfffff,337.85,1.08,0.42,2026-08-20,0750,Aqua,74.9,317.13,59.21,D,7,85,forest,85.3,23.06,16.86,0,0,Wildfire
FIRMS-IND-10862,22.28792,72.51184,8842ce71b3fffff,369.58,0.66,1.15,2026-08-20,0948,SNPP,82.4,347.64,166.41,D,77,90,industrial,8.6,1.44,5.66,2,2,Industrial/Gas Flare
FIRMS-IND-10863,31.27353,75.22154,884249b309fffff,314.25,0.4,1.12,2026-08-20,1635,SNPP,89.9,277.95,154.84,D,2,90,forest,94.7,25.41,15.04,0,0,Wildfire
FIRMS-IND-10864,22.42132,72.48788,8842ce0da1fffff,368.67,0.7,0.6,2026-08-20,1319,Terra,83.3,342.53,69.74,N,69,90,industrial,6.5,0.85,4.97,2,2,Industrial/Gas Flare
FIRMS-IND-10865,21.32633,73.15533,8842d9bb43fffff,369.54,0.8,0.54,2026-08-20,2006,NOAA-20,96.4,336.8,246.01,D,81,79,industrial,9.0,1.39,7.31,2,2,Industrial/Gas Flare
FIRMS-IND-10866,22.03669,73.11955,8842ca1105fffff,303.12,0.91,1.03,2026-08-20,1741,SNPP,69.9,281.92,10.8,D,27,79,residential,2.5,0.48,3.32,1,4,Urban/Infrastructure
FIRMS-IND-10867,19.93969,85.4606,883c9d9a8bfffff,340.34,0.6,0.46,2026-08-20,0001,Terra,82.8,311.47,17.71,N,43,79,mining,14.2,2.05,3.49,1,3,Mining Activity
FIRMS-IND-10868,21.75495,84.91703,883c818329fffff,356.33,0.96,0.91,2026-08-20,0540,SNPP,93.6,332.07,76.28,D,60,90,mining,12.8,1.54,14.84,1,3,Mining Activity
FIRMS-IND-10869,31.37455,73.80408,88424dc523fffff,324.73,1.1,0.44,2026-08-20,0356,NOAA-20,98.9,289.39,51.13,D,4,79,farmland,11.5,3.24,8.89,0,1,Agricultural Burn
FIRMS-IND-10870,22.27695,84.66138,883c8532edfffff,348.49,0.56,1.15,2026-08-20,0624,NOAA-20,82.0,325.34,106.85,D,57,79,mining,8.6,2.71,5.75,1,3,Mining Activity
FIRMS-IND-10871,21.126,79.92183,883cb6b205fffff,359.45,0.94,1.04,2026-08-20,1501,SNPP,80.9,342.79,128.91,D,65,90,industrial,1.1,0.79,3.34,2,2,Industrial/Gas Flare
FIRMS-IND-10872,31.41426,76.10662,883d14894bfffff,357.12,1.05,0.36,2026-08-20,1005,NOAA-20,88.1,318.45,119.57,N,4,79,farmland,16.7,4.62,3.89,0,1,Agricultural Burn
FIRMS-IND-10873,23.12171,81.5947,883ca60eebfffff,312.33,0.36,0.78,2026-08-20,1833,Terra,70.5,296.47,13.4,D,3,85,farmland,17.1,1.05,5.94,0,1,Agricultural Burn
FIRMS-IND-10874,22.07408,79.85721,883cb48227fffff,358.43,0.99,0.66,2026-08-20,0142,NOAA-20,85.4,336.45,22.83,N,4,90,forest,60.0,27.06,3.34,0,0,Wildfire
FIRMS-IND-10875,22.28499,72.87405,8842ca9ae5fffff,310.57,0.38,0.99,2026-08-20,0144,Aqua,70.2,274.19,6.49,N,1,90,waterbody,19.0,12.41,0.58,1,5,False Positive/Noise
FIRMS-IND-10876,29.89247,74.96721,88424b8d3dfffff,384.9,0.92,1.17,2026-08-20,0802,Terra,83.3,361.89,62.07,D,88,79,industrial,0.9,0.68,5.13,2,2,Industrial/Gas Flare
FIRMS-IND-10877,31.15168,75.54332,884249ae45fffff,334.29,0.67,0.43,2026-08-20,0056,Aqua,95.5,308.88,19.87,D,4,85,farmland,17.3,2.98,3.25,0,1,Agricultural Burn
FIRMS-IND-10878,22.45531,73.34729,8842cab01bfffff,355.59,0.64,0.57,2026-08-20,2207,NOAA-20,72.9,334.6,109.71,N,79,79,industrial,7.2,0.55,6.42,2,2,Industrial/Gas Flare
FIRMS-IND-10879,22.78181,73.34914,8842c846c1fffff,396.92,0.45,0.47,2026-08-20,1524,NOAA-20,61.7,378.52,165.84,D,73,90,industrial,5.7,0.73,3.76,2,2,Industrial/Gas Flare
FIRMS-IND-10880,21.04817,85.47305,883c8160c3fffff,309.07,1.08,0.46,2026-08-20,1158,Terra,64.9,277.24,7.55,D,0,79,waterbody,8.2,7.92,0.65,1,5,False Positive/Noise
FIRMS-IND-10881,21.99306,80.3592,883cb4a1a3fffff,376.82,0.84,1.14,2026-08-20,1123,SNPP,52.3,344.14,100.04,N,1,90,forest,77.3,28.54,18.16,0,0,Wildfire
FIRMS-IND-10882,22.38877,82.02524,883ca2cea5fffff,394.11,1.07,0.74,2026-08-20,1129,Aqua,96.8,367.34,62.19,D,9,90,forest,91.6,10.77,7.95,0,0,Wildfire
FIRMS-IND-10883,21.06351,79.14102,8860968f03fffff,311.46,0.63,0.71,2026-08-20,1925,Terra,53.7,289.76,7.91,D,44,90,residential,6.9,0.17,5.15,1,4,Urban/Infrastructure
FIRMS-IND-10884,22.30291,84.69333,883c8532d5fffff,320.01,0.38,0.78,2026-08-20,1346,SNPP,86.9,282.89,42.21,D,63,79,mining,7.0,1.63,14.14,1,3,Mining Activity
FIRMS-IND-10885,21.12788,84.85997,883c815033fffff,327.07,0.74,0.38,2026-08-20,0356,Aqua,91.8,299.83,20.6,D,47,90,mining,4.9,0.88,14.44,1,3,Mining Activity
FIRMS-IND-10886,21.28914,80.7715,883cb081a3fffff,396.77,0.48,1.08,2026-08-20,2224,Aqua,52.4,373.12,47.47,D,8,79,forest,74.8,5.37,17.95,0,0,Wildfire
FIRMS-IND-10887,21.49928,78.89991,88609672c1fffff,346.6,0.57,0.81,2026-08-20,1737,NOAA-20,96.8,303.97,188.04,D,3,79,forest,69.6,19.73,5.42,0,0,Wildfire
FIRMS-IND-10888,21.37523,84.55216,883c81da27fffff,317.16,0.82,1.02,2026-08-20,0933,NOAA-20,61.1,288.87,81.49,N,69,85,mining,9.7,1.71,2.77,1,3,Mining Activity
FIRMS-IND-10889,31.6739,75.16271,883d325461fffff,331.97,0.5,0.49,2026-08-20,0516,SNPP,62.0,288.27,35.61,N,71,90,mining,17.1,1.51,12.85,1,3,Mining Activity
FIRMS-IND-10890,30.42214,75.97486,883d168a51fffff,350.03,0.89,0.83,2026-08-20,0406,Aqua,98.3,306.23,17.5,D,2,90,farmland,21.5,4.76,1.96,0,1,Agricultural Burn
FIRMS-IND-10891,21.14138,78.94652,8860961419fffff,348.16,1.19,1.02,2026-08-20,1212,Aqua,91.0,329.98,52.65,D,7,90,forest,94.6,10.2,12.26,0,0,Wildfire
FIRMS-IND-10892,30.40012,75.81916,883d169909fffff,316.1,0.71,0.99,2026-08-20,1633,Terra,98.6,289.48,2.14,D,1,79,grassland,18.4,4.99,0.87,1,5,False Positive/Noise
FIRMS-IND-10893,22.11998,73.66688,8842ca2241fffff,420.28,0.97,0.37,2026-08-20,0949,Terra,91.0,393.99,220.05,N,70,90,industrial,3.4,1.36,0.88,2,2,Industrial/Gas Flare
FIRMS-IND-10894,30.80569,75.9094,8842492eebfffff,320.14,0.42,0.88,2026-08-20,1043,SNPP,58.8,297.19,10.68,D,3,90,farmland,17.2,1.96,2.95,0,1,Agricultural Burn
FIRMS-IND-10895,29.78752,75.53923,88424b2265fffff,313.8,0.86,0.94,2026-08-20,1025,Terra,85.1,285.63,21.45,D,2,79,farmland,17.9,4.76,3.53,0,1,Agricultural Burn
FIRMS-IND-10896,22.07892,73.39823,8842ca0717fffff,403.84,1.07,1.01,2026-08-20,1807,Aqua,69.9,381.94,143.75,D,81,90,industrial,1.7,1.03,3.72,2,2,Industrial/Gas Flare
FIRMS-IND-10897,19.25768,78.30987,8860b33965fffff,334.8,0.95,0.82,2026-08-20,0853,SNPP,95.4,306.56,161.81,N,1,90,forest,60.5,27.65,6.85,0,0,Wildfire
FIRMS-IND-10898,21.3385,85.27316,883c810e61fffff,348.75,0.73,0.51,2026-08-20,0257,Aqua,73.9,330.62,61.31,N,60,90,mining,12.8,2.85,3.46,1,3,Mining Activity
FIRMS-IND-10899,22.10929,85.32356,883caa40b7fffff,324.13,0.81,0.86,2026-08-20,1114,NOAA-20,71.1,284.1,35.0,D,34,90,mining,1.3,0.91,4.57,1,3,Mining Activity
FIRMS-IND-10900,30.87528,75.94376,88424925c7fffff,346.0,0.84,0.73,2026-08-20,1608,Terra,92.8,303.71,12.77,D,2,85,farmland,23.8,4.99,3.54,0,1,Agricultural Burn
FIRMS-IND-10901,20.65035,80.08225,883cb63a4bfffff,387.75,1.12,1.01,2026-08-20,0043,Aqua,81.6,349.81,54.2,N,9,90,forest,69.6,29.75,14.5,0,0,Wildfire
FIRMS-IND-10902,22.10376,73.27912,8842ca1507fffff,344.44,1.17,0.44,2026-08-20,0742,Terra,55.5,328.25,163.1,D,74,79,industrial,2.9,1.06,3.04,2,2,Industrial/Gas Flare
FIRMS-IND-10903,30.20496,76.55675,883d160593fffff,315.75,1.02,1.17,2026-08-20,0348,NOAA-20,64.0,279.32,77.67,D,2,79,farmland,9.8,2.62,9.44,0,1,Agricultural Burn
FIRMS-IND-10904,30.51851,76.49512,883d16a151fffff,329.78,0.67,0.49,2026-08-20,1844,Aqua,79.9,303.08,28.18,D,1,90,farmland,18.3,4.03,9.84,0,1,Agricultural Burn
FIRMS-IND-10905,30.18927,75.97817,883d16c463fffff,317.89,0.67,0.83,2026-08-20,1839,SNPP,66.9,291.44,43.64,N,4,90,farmland,18.2,3.21,4.72,0,1,Agricultural Burn
FIRMS-IND-10906,24.05193,80.11356,883d9d6d99fffff,338.15,0.96,0.94,2026-08-20,0501,Terra,82.3,293.37,79.28,D,8,79,forest,79.3,20.41,18.43,0,0,Wildfire
FIRMS-IND-10907,22.29227,78.66406,883d9ad835fffff,345.84,0.7,0.89,2026-08-20,1938,Aqua,58.1,304.36,19.09,D,62,79,mining,18.2,1.61,10.53,1,3,Mining Activity
FIRMS-IND-10908,22.2027,72.61551,8842ce61a1fffff,320.65,0.72,0.97,2026-08-20,1750,Terra,94.2,278.33,345.15,N,83,90,industrial,2.4,0.37,4.27,2,2,Industrial/Gas Flare
FIRMS-IND-10909,31.5083,75.35061,883d324ed1fffff,331.23,0.9,1.17,2026-08-20,1501,Terra,88.3,305.14,5.58,D,3,79,farmland,17.7,3.86,9.35,0,1,Agricultural Burn
FIRMS-IND-10910,22.67123,73.61383,8842c86157fffff,400.31,0.7,0.92,2026-08-20,0216,Terra,75.8,355.82,138.65,D,82,90,industrial,7.5,0.35,0.6,2,2,Industrial/Gas Flare
FIRMS-IND-10911,30.56111,75.71618,8842496453fffff,302.21,0.35,0.63,2026-08-20,1825,SNPP,71.0,284.56,1.12,D,1,79,waterbody,34.9,8.48,0.19,1,5,False Positive/Noise
FIRMS-IND-10912,23.1928,78.82728,883d9e3555fffff,365.7,0.38,0.92,2026-08-20,0809,Aqua,79.5,346.59,30.42,N,5,85,forest,78.1,26.83,6.49,0,0,Wildfire
FIRMS-IND-10913,21.37639,75.90605,88609e729dfffff,362.64,0.55,0.52,2026-08-20,1637,SNPP,66.1,328.08,147.06,N,4,90,forest,75.9,26.98,18.23,0,0,Wildfire
FIRMS-IND-10914,22.69638,81.62747,883ca66a33fffff,341.68,0.7,0.42,2026-08-20,0308,NOAA-20,63.5,308.72,67.16,D,70,90,mining,15.0,2.86,8.49,1,3,Mining Activity
FIRMS-IND-10915,22.65863,79.55422,883d9aaf11fffff,382.36,0.69,0.57,2026-08-20,0925,SNPP,66.3,363.52,244.01,D,6,85,forest,84.6,22.07,9.68,0,0,Wildfire
FIRMS-IND-10916,23.23955,85.18776,883cae255dfffff,337.49,0.92,0.99,2026-08-20,1929,Aqua,57.5,299.01,28.53,D,4,85,farmland,20.7,0.84,9.9,0,1,Agricultural Burn
FIRMS-IND-10917,21.03115,85.25698,883c817ae1fffff,311.52,1.11,0.76,2026-08-20,0525,Terra,89.5,295.34,2.99,D,1,85,waterbody,0.7,17.02,0.58,1,5,False Positive/Noise
FIRMS-IND-10918,20.65842,84.89438,883c8385e7fffff,349.19,0.62,0.43,2026-08-20,0220,SNPP,58.9,319.41,24.55,D,52,85,mining,0.6,0.66,7.14,1,3,Mining Activity
FIRMS-IND-10919,29.49846,77.34108,883d12011dfffff,343.41,0.53,0.75,2026-08-20,0238,NOAA-20,63.0,310.96,15.8,D,4,85,farmland,6.4,2.99,6.18,0,1,Agricultural Burn
FIRMS-IND-10920,19.90512,79.61212,8860b27a65fffff,328.55,1.13,1.1,2026-08-20,0336,SNPP,65.8,308.72,47.34,D,42,90,mining,10.4,1.75,14.24,1,3,Mining Activity
FIRMS-IND-10921,21.78392,85.57393,883c81a555fffff,312.79,0.8,0.63,2026-08-20,1538,SNPP,56.5,276.97,26.09,N,59,90,mining,7.4,1.67,13.03,1,3,Mining Activity
FIRMS-IND-10922,28.99257,76.21938,883da50f6dfffff,322.36,1.12,0.8,2026-08-20,0721,Aqua,69.8,277.46,2.35,N,0,90,grassland,29.9,10.68,0.9,1,5,False Positive/Noise
FIRMS-IND-10923,30.12825,76.03047,883d16c5a1fffff,298.83,0.67,1.07,2026-08-20,0326,SNPP,92.6,270.0,4.67,D,1,90,grassland,21.7,13.67,0.82,1,5,False Positive/Noise
FIRMS-IND-10924,22.10965,84.81837,883c8521dbfffff,378.85,0.4,0.39,2026-08-20,0531,NOAA-20,98.2,357.4,17.17,D,64,90,mining,19.7,2.17,5.78,1,3,Mining Activity
FIRMS-IND-10925,21.8495,77.36686,8860935089fffff,400.56,1.01,0.57,2026-08-20,0211,Aqua,74.2,368.34,43.79,D,9,90,forest,84.4,21.84,7.33,0,0,Wildfire
FIRMS-IND-10926,20.72623,85.04042,883c83b117fffff,304.05,1.05,0.41,2026-08-20,2253,Aqua,85.8,270.0,32.93,D,39,85,mining,1.9,1.31,8.69,1,3,Mining Activity
FIRMS-IND-10927,22.52554,78.99818,883d9a89edfffff,329.05,0.87,0.49,2026-08-20,0342,SNPP,75.9,313.14,103.86,N,60,90,mining,11.4,1.6,9.87,1,3,Mining Activity
FIRMS-IND-10928,21.93989,72.58118,8842dda5ebfffff,394.67,0.88,0.95,2026-08-20,1614,Terra,80.7,366.97,168.54,D,66,85,industrial,7.9,0.76,5.6,2,2,Industrial/Gas Flare
FIRMS-IND-10929,30.80244,75.49823,8842493b59fffff,322.12,0.96,0.62,2026-08-20,0927,Terra,67.1,301.25,23.21,D,3,79,farmland,16.5,2.95,5.42,0,1,Agricultural Burn
FIRMS-IND-10930,21.91965,72.90533,8842cac1b1fffff,344.68,1.13,1.18,2026-08-20,0115,Terra,59.8,307.78,40.8,N,32,90,mining,11.5,2.27,2.99,1,3,Mining Activity
FIRMS-IND-10931,29.80783,75.1854,88424b15abfffff,297.23,1.03,0.76,2026-08-20,0111,NOAA-20,68.9,270.0,16.72,N,3,85,farmland,17.5,4.65,2.65,0,1,Agricultural Burn
FIRMS-IND-10932,30.03228,78.27727,883d13c4c9fffff,325.43,0.54,0.8,2026-08-20,1541,Terra,93.7,284.12,19.02,N,3,85,farmland,23.1,4.05,9.18,0,1,Agricultural Burn
FIRMS-IND-10933,22.23975,72.50636,8842ce6367fffff,343.76,0.91,0.72,2026-08-20,2138,SNPP,60.8,312.94,325.55,D,77,90,industrial,7.3,0.77,6.11,2,2,Industrial/Gas Flare
FIRMS-IND-10934,32.03251,74.83293,883d32d719fffff,346.56,0.7,1.17,2026-08-20,1002,Aqua,85.2,326.19,123.39,D,2,85,forest,94.3,8.26,4.77,0,0,Wildfire
FIRMS-IND-10935,31.535,74.54472,88424d31d5fffff,379.87,0.47,0.49,2026-08-20,1740,NOAA-20,77.0,343.87,18.13,N,53,90,mining,14.1,1.14,3.91,1,3,Mining Activity
FIRMS-IND-10936,21.89237,86.05523,883c8cc653fffff,342.79,1.12,0.67,2026-08-20,0840,SNPP,70.3,311.87,22.65,D,37,90,mining,1.4,2.11,10.93,1,3,Mining Activity
FIRMS-IND-10937,22.16234,77.26334,883d934d9dfffff,360.76,1.12,0.59,2026-08-20,1037,Terra,60.7,327.89,26.6,D,8,85,forest,64.3,24.33,4.15,0,0,Wildfire
FIRMS-IND-10938,20.74006,79.34833,883cb6d2b7fffff,307.51,1.11,0.36,2026-08-20,1548,SNPP,85.3,270.0,1.57,N,0,79,grassland,26.5,7.23,0.38,1,5,False Positive/Noise
FIRMS-IND-10939,21.9276,73.0582,8842ca1b2dfffff,402.16,1.12,0.36,2026-08-20,1001,Aqua,96.8,362.85,135.52,D,87,85,industrial,2.1,1.03,5.53,2,2,Industrial/Gas Flare
FIRMS-IND-10940,21.69865,79.03369,8860967b49fffff,306.3,1.09,1.17,2026-08-20,0904,Aqua,76.1,291.07,49.11,N,32,90,mining,5.5,0.99,10.51,1,3,Mining Activity
FIRMS-IND-10941,23.1943,73.90896,8842c834b1fffff,366.41,1.17,0.66,2026-08-20,2055,Aqua,78.6,350.45,104.93,N,75,79,industrial,4.5,0.6,5.62,2,2,Industrial/Gas Flare
FIRMS-IND-10942,21.98082,85.29104,883caa4893fffff,328.37,1.11,0.75,2026-08-20,1609,NOAA-20,96.2,308.36,31.11,D,45,79,mining,3.9,1.94,12.33,1,3,Mining Activity
FIRMS-IND-10943,21.80559,72.96726,8842ca5213fffff,370.32,0.79,0.97,2026-08-20,0313,NOAA-20,97.4,351.28,106.41,N,73,90,industrial,2.5,0.46,7.07,2,2,Industrial/Gas Flare
FIRMS-IND-10944,23.14336,73.37919,8842c81405fffff,371.46,0.76,0.88,2026-08-20,2258,SNPP,80.4,333.47,173.82,N,72,90,industrial,5.2,0.48,6.91,2,2,Industrial/Gas Flare
FIRMS-IND-10945,22.85831,72.67034,8842ceaccbfffff,413.93,0.49,0.9,2026-08-20,1254,NOAA-20,55.0,379.25,472.47,N,67,85,industrial,8.0,1.08,7.53,2,2,Industrial/Gas Flare
FIRMS-IND-10946,31.90832,76.23773,883d335831fffff,306.17,1.1,0.44,2026-08-20,0620,SNPP,68.9,281.66,13.8,D,3,90,farmland,9.2,3.29,3.21,0,1,Agricultural Burn
FIRMS-IND-10947,21.98442,84.44501,883c850d11fffff,305.06,1.14,0.96,2026-08-20,1302,SNPP,80.5,286.58,15.24,D,41,90,mining,17.3,1.43,6.95,1,3,Mining Activity
FIRMS-IND-10948,22.42587,86.0908,883caa2ea9fffff,353.02,0.44,0.86,2026-08-20,2035,SNPP,83.1,328.28,90.33,D,81,85,industrial,7.6,0.37,2.99,2,2,Industrial/Gas Flare
FIRMS-IND-10949,22.56871,79.66467,883d9a3719fffff,366.5,0.96,0.42,2026-08-20,1844,SNPP,54.6,343.96,121.16,D,9,90,forest,77.8,18.08,6.66,0,0,Wildfire
FIRMS-IND-10950,20.85394,85.30859,883c816b23fffff,329.9,0.85,0.72,2026-08-20,1147,NOAA-20,90.6,298.04,40.35,D,54,90,mining,19.8,1.76,2.46,1,3,Mining Activity
FIRMS-IND-10951,30.80485,76.0921,883d145835fffff,332.96,1.12,0.83,2026-08-20,0345,SNPP,76.5,289.14,68.77,D,30,90,mining,9.2,2.0,3.34,1,3,Mining Activity
FIRMS-IND-10952,21.20229,85.46622,883c81741dfffff,297.56,1.07,0.89,2026-08-20,1047,Terra,80.8,270.0,30.9,D,3,79,farmland,11.7,0.66,8.48,0,1,Agricultural Burn
FIRMS-IND-10953,30.92564,76.36883,883d144735fffff,338.25,0.35,0.45,2026-08-20,0728,NOAA-20,99.7,318.22,31.31,N,4,90,farmland,10.0,1.21,3.5,0,1,Agricultural Burn
FIRMS-IND-10954,22.21976,72.75996,8842ce6eb5fffff,297.83,0.94,0.39,2026-08-20,2036,NOAA-20,85.0,270.0,5.78,D,44,90,residential,5.6,0.21,5.7,1,4,Urban/Infrastructure
FIRMS-IND-10955,21.53173,84.84262,883c81d4a5fffff,341.83,1.06,0.87,2026-08-20,1413,Aqua,53.5,314.02,29.65,D,48,90,mining,12.2,2.4,6.34,1,3,Mining Activity
FIRMS-IND-10956,30.96621,75.38026,884249a961fffff,336.42,1.04,0.88,2026-08-20,1849,SNPP,91.6,292.16,11.81,D,3,85,farmland,12.8,2.3,6.99,0,1,Agricultural Burn
FIRMS-IND-10957,29.72768,75.30615,88424b05e1fffff,320.39,0.69,0.44,2026-08-20,1901,SNPP,89.5,288.39,6.8,N,1,85,farmland,12.0,2.56,2.34,0,1,Agricultural Burn
FIRMS-IND-10958,20.57229,85.55667,883c8eca0bfffff,342.45,0.47,0.88,2026-08-20,0654,Aqua,61.9,327.38,53.51,N,30,85,mining,14.8,2.53,11.76,1,3,Mining Activity
FIRMS-IND-10959,22.17304,73.1607,8842ca8d33fffff,380.01,1.12,0.69,2026-08-20,0712,Aqua,85.1,362.22,477.58,D,67,79,industrial,0.8,1.43,5.02,2,2,Industrial/Gas Flare
FIRMS-IND-10960,31.08668,76.9077,883d142905fffff,347.99,0.57,0.94,2026-08-20,0224,NOAA-20,61.6,319.47,43.32,D,9,85,forest,67.2,15.01,15.58,0,0,Wildfire
FIRMS-IND-10961,31.65056,76.06742,883d149183fffff,337.28,0.89,0.41,2026-08-20,2151,Aqua,71.2,307.51,17.32,N,4,90,farmland,18.0,3.46,8.23,0,1,Agricultural Burn
FIRMS-IND-10962,31.13186,75.24678,884249b84dfffff,321.84,0.66,0.68,2026-08-20,2219,NOAA-20,74.3,293.01,10.02,D,3,85,farmland,7.4,1.5,4.42,0,1,Agricultural Burn
FIRMS-IND-10963,20.54501,86.41097,883c8e39b9fffff,303.82,0.99,0.72,2026-08-20,1614,NOAA-20,54.5,270.0,25.42,D,1,79,farmland,22.5,4.18,6.41,0,1,Agricultural Burn
FIRMS-IND-10964,21.70566,85.77914,883c8cd8e1fffff,333.96,0.81,0.85,2026-08-20,0650,NOAA-20,70.1,307.4,65.59,D,73,90,mining,13.0,1.36,9.38,1,3,Mining Activity
FIRMS-IND-10965,22.5469,73.38243,8842c84d9dfffff,381.62,0.57,0.99,2026-08-20,0400,Aqua,60.0,366.2,45.15,N,4,90,forest,72.2,22.95,6.7,0,0,Wildfire
FIRMS-IND-10966,21.16446,79.81233,883cb4495bfffff,334.2,1.01,0.96,2026-08-20,0451,Terra,73.1,305.12,56.47,N,4,90,forest,84.4,20.85,4.95,0,0,Wildfire
FIRMS-IND-10967,22.11296,85.99133,883c8c9ae5fffff,340.5,0.38,0.97,2026-08-20,0025,SNPP,91.1,322.06,23.49,N,56,90,mining,1.5,0.33,4.1,1,3,Mining Activity
FIRMS-IND-10968,21.98048,78.62084,886092c221fffff,295.6,0.99,0.54,2026-08-20,1101,Aqua,89.0,273.55,66.1,N,51,90,mining,1.1,1.87,3.89,1,3,Mining Activity
FIRMS-IND-10969,20.57452,78.9807,8860944051fffff,355.14,0.41,1.0,2026-08-20,0924,SNPP,57.2,313.64,29.38,D,4,90,forest,94.3,22.6,15.81,0,0,Wildfire
FIRMS-IND-10970,21.13439,84.69785,883c802685fffff,331.02,0.65,0.9,2026-08-20,1709,Terra,64.8,286.75,18.19,D,67,79,mining,7.7,1.45,14.81,1,3,Mining Activity
FIRMS-IND-10971,30.83243,75.21548,8842490223fffff,329.33,0.7,0.87,2026-08-20,1823,Terra,76.7,293.52,13.17,N,2,79,farmland,5.7,0.87,5.33,0,1,Agricultural Burn
FIRMS-IND-10972,22.75112,85.93964,883caaac97fffff,326.23,0.81,0.43,2026-08-20,2207,NOAA-20,96.8,305.35,39.0,N,68,85,mining,8.5,2.95,4.04,1,3,Mining Activity
FIRMS-IND-10973,30.17027,75.36739,88424ba2d3fffff,324.08,0.52,0.44,2026-08-20,1315,SNPP,76.1,305.01,28.51,D,3,85,farmland,24.2,1.97,9.85,0,1,Agricultural Burn
FIRMS-IND-10974,29.90005,75.14333,88424b145bfffff,331.61,0.65,0.71,2026-08-20,0008,SNPP,96.6,288.72,60.69,D,4,90,farmland,15.0,1.99,9.97,0,1,Agricultural Burn
FIRMS-IND-10975,30.78836,76.82468,883d146893fffff,344.98,0.93,0.78,2026-08-20,1111,Terra,54.5,326.91,58.09,N,2,90,farmland,23.4,0.85,6.49,0,1,Agricultural Burn
FIRMS-IND-10976,22.09621,81.37193,883cb505ebfffff,320.26,0.86,0.7,2026-08-20,0106,Aqua,89.6,299.56,10.73,N,17,90,residential,14.0,0.41,3.81,1,4,Urban/Infrastructure
FIRMS-IND-10977,23.41541,73.2681,8842c886e3fffff,402.05,0.6,0.56,2026-08-20,1247,Terra,79.1,384.39,370.32,D,89,90,industrial,4.9,1.07,7.64,2,2,Industrial/Gas Flare
FIRMS-IND-10978,21.91524,80.3926,883cb4ad6bfffff,359.52,0.36,1.0,2026-08-20,2001,Terra,84.5,315.71,62.43,D,2,90,forest,78.5,14.55,10.66,0,0,Wildfire
FIRMS-IND-10979,22.08007,79.81722,883cb491b7fffff,374.73,0.74,1.02,2026-08-20,1309,NOAA-20,86.4,330.66,208.08,D,8,85,forest,94.6,19.53,4.85,0,0,Wildfire
FIRMS-IND-10980,31.30291,76.04143,883d14c741fffff,317.31,1.09,0.56,2026-08-20,1112,NOAA-20,57.9,278.84,12.71,N,4,79,farmland,8.3,4.69,9.52,0,1,Agricultural Burn
FIRMS-IND-10981,22.08822,85.58982,883caa7889fffff,350.03,0.71,0.73,2026-08-20,0702,SNPP,74.7,334.49,134.88,D,89,90,industrial,3.9,0.2,4.06,2,2,Industrial/Gas Flare
FIRMS-IND-10982,30.78028,76.28543,883d144abbfffff,326.29,0.57,0.95,2026-08-20,1129,Aqua,81.7,285.07,5.84,N,2,85,farmland,23.6,4.67,2.8,0,1,Agricultural Burn
FIRMS-IND-10983,21.87562,84.05372,883c855091fffff,322.52,0.57,0.66,2026-08-20,0143,SNPP,53.9,285.93,17.01,D,47,90,mining,4.1,1.81,3.94,1,3,Mining Activity
FIRMS-IND-10984,21.87747,80.17924,883cb414cbfffff,335.96,1.13,0.77,2026-08-20,0753,Aqua,92.8,315.63,41.67,N,9,90,forest,62.1,27.97,4.38,0,0,Wildfire
FIRMS-IND-10985,23.76086,82.55466,883ca08d91fffff,344.25,0.59,0.78,2026-08-20,1044,SNPP,67.6,302.7,87.56,N,5,90,forest,83.9,7.13,13.65,0,0,Wildfire
FIRMS-IND-10986,22.00875,85.57114,883caa79b1fffff,336.81,0.86,0.46,2026-08-20,1652,Terra,93.7,298.27,6.54,D,2,85,farmland,23.1,2.12,1.57,0,1,Agricultural Burn
FIRMS-IND-10987,22.21638,73.43423,8842caa80dfffff,429.03,0.81,0.6,2026-08-20,0335,Aqua,88.7,387.61,75.85,D,82,79,industrial,1.4,1.13,6.99,2,2,Industrial/Gas Flare
FIRMS-IND-10988,22.66982,84.73411,883cae695dfffff,309.19,0.48,0.7,2026-08-20,0002,NOAA-20,74.0,274.45,42.07,D,42,90,residential,12.8,0.53,1.88,1,4,Urban/Infrastructure
FIRMS-IND-10989,22.608,85.48529,883caa150bfffff,353.54,0.57,0.46,2026-08-20,1543,Terra,99.6,312.86,23.58,D,72,85,mining,7.1,0.33,14.83,1,3,Mining Activity
FIRMS-IND-10990,23.18918,80.45094,883d9bb1e9fffff,337.19,0.86,0.5,2026-08-20,1839,NOAA-20,97.6,316.47,30.21,N,4,85,forest,82.4,25.34,8.94,0,0,Wildfire
FIRMS-IND-10991,21.3549,79.98942,883cb44555fffff,392.35,1.05,0.97,2026-08-20,0746,Aqua,62.1,369.02,26.5,N,1,85,forest,72.3,29.86,12.58,0,0,Wildfire
FIRMS-IND-10992,21.06942,78.53802,886090d927fffff,350.6,0.74,0.53,2026-08-20,0944,SNPP,83.6,311.34,219.64,N,2,90,forest,69.3,10.66,19.28,0,0,Wildfire
FIRMS-IND-10993,31.05295,74.60661,88424d6eedfffff,358.94,0.82,0.58,2026-08-20,1632,Aqua,60.9,338.64,52.22,D,2,90,farmland,10.3,2.81,6.96,0,1,Agricultural Burn
FIRMS-IND-10994,21.49717,85.12188,883c8110e1fffff,373.04,1.02,0.96,2026-08-20,1728,NOAA-20,78.6,328.14,115.97,N,40,79,mining,4.7,0.35,7.58,1,3,Mining Activity
FIRMS-IND-10995,21.21947,72.98945,8842d988d1fffff,389.46,0.81,0.49,2026-08-20,1321,Terra,97.1,355.32,631.69,N,86,90,industrial,8.1,1.39,2.28,2,2,Industrial/Gas Flare
FIRMS-IND-10996,22.20175,85.15841,883caa5199fffff,330.2,0.97,0.84,2026-08-20,0908,Terra,74.6,302.62,35.85,D,36,90,mining,19.1,2.87,5.63,1,3,Mining Activity
FIRMS-IND-10997,22.06321,72.72078,8842cad057fffff,395.81,1.14,0.68,2026-08-20,0951,Aqua,69.3,379.1,102.48,D,88,90,industrial,5.3,1.42,4.79,2,2,Industrial/Gas Flare
FIRMS-IND-10998,22.66221,73.07181,8842c85ad7fffff,355.59,0.6,0.56,2026-08-20,2005,Terra,60.5,329.48,338.57,N,85,85,industrial,1.2,0.27,7.51,2,2,Industrial/Gas Flare
FIRMS-IND-10999,22.50698,73.46501,8842cab409fffff,339.26,0.67,0.8,2026-08-20,1307,Aqua,89.3,304.57,175.23,D,79,90,industrial,4.9,0.29,6.65,2,2,Industrial/Gas Flare
FIRMS-IND-11000,20.6757,79.37656,883cb6c243fffff,343.97,0.84,0.71,2026-08-20,0117,Terra,80.1,304.57,28.25,N,4,90,forest,73.8,12.67,9.92,0,0,Wildfire
FIRMS-IND-11001,21.05677,80.36206,883cb0d157fffff,311.81,0.69,0.72,2026-08-20,2009,Aqua,51.8,292.35,6.27,N,4,85,farmland,15.8,4.09,8.58,0,1,Agricultural Burn
FIRMS-IND-11002,21.37193,85.41005,883c813b4bfffff,312.02,0.51,0.98,2026-08-20,0524,Aqua,50.2,287.4,38.1,D,53,85,mining,9.2,0.62,11.41,1,3,Mining Activity
FIRMS-IND-11003,24.06118,79.40942,883d9d5993fffff,379.97,0.82,1.14,2026-08-20,0007,NOAA-20,67.1,337.04,114.22,D,2,79,forest,80.8,17.75,3.07,0,0,Wildfire
FIRMS-IND-11004,31.23755,75.87001,883d14c34bfffff,359.84,0.63,0.4,2026-08-20,0126,Aqua,63.6,315.49,5.61,N,2,90,farmland,22.5,2.87,9.0,0,1,Agricultural Burn
FIRMS-IND-11005,22.68714,79.54411,883d9aae67fffff,315.74,0.95,0.98,2026-08-20,0023,NOAA-20,67.9,272.05,35.98,N,72,90,mining,16.2,2.86,8.05,1,3,Mining Activity
FIRMS-IND-11006,22.72863,73.36697,8842c84411fffff,332.4,0.47,0.56,2026-08-20,0249,Terra,96.0,295.93,59.03,N,67,90,mining,4.2,1.76,10.9,1,3,Mining Activity
FIRMS-IND-11007,22.66876,73.33762,8842c84539fffff,308.31,1.14,0.48,2026-08-20,0239,Aqua,67.5,270.27,17.33,D,46,90,mining,7.5,0.99,8.48,1,3,Mining Activity
FIRMS-IND-11008,23.70914,77.76363,883d913b59fffff,365.12,0.36,0.41,2026-08-20,1849,Aqua,76.8,323.17,83.36,N,1,85,forest,61.2,28.77,7.68,0,0,Wildfire
FIRMS-IND-11009,21.34191,84.26019,883c80a105fffff,322.72,1.08,1.05,2026-08-20,0729,Terra,98.6,284.82,16.91,D,47,85,mining,9.2,2.46,6.72,1,3,Mining Activity
FIRMS-IND-11010,21.80759,84.45961,883c8571b1fffff,341.59,0.78,0.66,2026-08-20,0640,NOAA-20,53.2,298.32,81.56,N,71,79,mining,9.9,1.41,7.33,1,3,Mining Activity
FIRMS-IND-11011,31.38584,75.05505,883d3259b5fffff,322.79,0.73,1.12,2026-08-20,0530,SNPP,71.6,286.37,36.96,D,4,85,farmland,11.4,1.12,1.16,0,1,Agricultural Burn
FIRMS-IND-11012,21.48688,86.21601,883c8c4665fffff,310.29,0.52,0.6,2026-08-20,0756,SNPP,71.6,274.59,18.92,D,18,85,residential,6.6,0.79,3.85,1,4,Urban/Infrastructure
FIRMS-IND-11013,29.86852,74.64926,88424bd6e1fffff,336.9,0.79,0.5,2026-08-20,1127,Aqua,56.4,307.97,7.85,D,4,90,farmland,13.0,4.95,6.39,0,1,Agricultural Burn
FIRMS-IND-11014,22.12111,74.00903,8842cb5135fffff,334.93,1.19,1.05,2026-08-20,0834,SNPP,78.6,298.29,4.24,D,36,90,residential,6.7,0.72,4.11,1,4,Urban/Infrastructure
FIRMS-IND-11015,24.48029,79.28663,883d9dc021fffff,336.75,0.93,0.66,2026-08-20,2227,SNPP,61.2,297.88,89.38,N,9,79,forest,63.3,15.0,6.56,0,0,Wildfire
FIRMS-IND-11016,21.51325,79.3713,8860965257fffff,345.89,0.37,0.43,2026-08-20,0049,Aqua,87.3,320.85,34.56,D,2,85,forest,71.0,19.82,9.09,0,0,Wildfire
FIRMS-IND-11017,22.08608,74.20147,8842cb41d1fffff,324.04,0.42,1.15,2026-08-20,0544,Aqua,78.1,305.26,19.05,N,3,90,farmland,11.1,2.34,3.71,0,1,Agricultural Burn
FIRMS-IND-11018,31.40384,75.57434,883d326b01fffff,307.97,0.56,0.98,2026-08-20,0909,Terra,63.2,290.34,43.11,D,3,90,farmland,6.2,2.95,7.22,0,1,Agricultural Burn
FIRMS-IND-11019,22.90654,73.01852,8842c8ce29fffff,342.57,1.16,0.48,2026-08-20,1840,Terra,90.6,311.62,100.36,D,72,85,industrial,8.3,1.02,0.94,2,2,Industrial/Gas Flare
FIRMS-IND-11020,22.37859,73.22852,8842ca8485fffff,322.33,1.14,1.03,2026-08-20,1924,SNPP,84.7,302.52,6.17,D,1,90,waterbody,34.4,9.89,0.22,1,5,False Positive/Noise
FIRMS-IND-11021,21.40459,84.93429,883c81c58dfffff,303.59,0.68,1.17,2026-08-20,2238,NOAA-20,69.2,272.27,3.2,D,0,85,grassland,20.0,7.91,0.44,1,5,False Positive/Noise
FIRMS-IND-11022,22.24296,73.47731,8842caaaa7fffff,368.96,0.58,1.11,2026-08-20,1238,SNPP,73.0,333.35,53.69,D,77,90,industrial,7.8,1.44,2.5,2,2,Industrial/Gas Flare
FIRMS-IND-11023,21.05125,78.66123,886096ac05fffff,331.36,0.75,0.61,2026-08-20,1125,Aqua,79.4,296.49,166.54,D,8,79,forest,80.3,20.89,5.3,0,0,Wildfire
FIRMS-IND-11024,20.50962,79.34147,883cb6ca47fffff,342.09,0.49,1.16,2026-08-20,1515,Terra,55.7,308.99,20.84,D,4,85,forest,60.5,23.41,15.45,0,0,Wildfire
FIRMS-IND-11025,28.93318,76.66361,883da5298dfffff,328.05,0.77,1.17,2026-08-20,0331,SNPP,95.5,306.53,31.18,N,1,90,farmland,21.8,2.06,6.56,0,1,Agricultural Burn
FIRMS-IND-11026,31.40162,76.42367,883d14173dfffff,339.93,0.67,0.67,2026-08-20,0820,NOAA-20,89.7,320.02,59.04,D,4,90,farmland,9.4,2.27,6.39,0,1,Agricultural Burn
FIRMS-IND-11027,21.81183,74.30289,88609b4e59fffff,299.63,0.51,0.73,2026-08-20,0505,Terra,80.0,270.0,5.72,N,1,79,grassland,5.7,7.25,0.45,1,5,False Positive/Noise
FIRMS-IND-11028,22.58099,73.54014,8842c879b5fffff,340.26,0.67,1.04,2026-08-20,1708,Terra,64.3,321.17,133.03,N,84,90,industrial,8.1,0.96,1.52,2,2,Industrial/Gas Flare
FIRMS-IND-11029,19.74464,76.84361,88608242cdfffff,319.56,0.91,1.02,2026-08-20,1301,SNPP,59.2,295.39,94.86,N,1,85,forest,76.4,22.57,19.91,0,0,Wildfire
FIRMS-IND-11030,22.53966,78.01936,8860926901fffff,343.64,0.93,0.67,2026-08-20,0338,Terra,81.4,305.54,25.38,D,8,90,forest,64.1,8.25,5.22,0,0,Wildfire
FIRMS-IND-11031,20.62802,79.89503,883cb600c7fffff,358.65,0.55,0.64,2026-08-20,0032,Aqua,73.0,325.81,150.98,N,4,90,forest,73.1,22.93,9.72,0,0,Wildfire
FIRMS-IND-11032,23.01251,72.86745,8842c8c241fffff,357.49,1.14,0.52,2026-08-20,2111,Aqua,94.7,333.71,183.96,N,65,90,industrial,9.8,0.3,3.53,2,2,Industrial/Gas Flare
FIRMS-IND-11033,30.72252,74.56468,884249da37fffff,331.9,0.97,0.43,2026-08-20,2102,SNPP,99.7,313.57,38.03,D,37,90,mining,2.7,0.73,5.18,1,3,Mining Activity
FIRMS-IND-11034,22.98196,85.46023,883caa86cbfffff,349.58,0.69,1.11,2026-08-20,1016,Terra,66.5,330.48,33.72,N,70,79,mining,16.3,2.54,6.69,1,3,Mining Activity
FIRMS-IND-11035,25.16929,79.07468,883d833a69fffff,383.21,0.51,0.96,2026-08-20,1811,Terra,53.0,354.21,171.01,N,1,85,forest,64.0,25.73,15.94,0,0,Wildfire
FIRMS-IND-11036,23.54191,79.79923,883d983027fffff,380.55,0.81,0.44,2026-08-20,0316,Aqua,74.9,351.9,39.45,D,2,85,forest,84.5,11.98,8.68,0,0,Wildfire
FIRMS-IND-11037,22.97168,79.07051,883d98592bfffff,322.04,0.81,0.61,2026-08-20,0347,NOAA-20,74.2,292.46,139.06,D,5,90,forest,85.7,7.35,19.12,0,0,Wildfire
FIRMS-IND-11038,22.79115,85.54909,883caab829fffff,344.53,0.79,0.91,2026-08-20,0709,SNPP,53.3,318.02,69.17,N,55,90,mining,6.2,2.29,11.72,1,3,Mining Activity
FIRMS-IND-11039,30.53814,74.48279,8842483709fffff,308.86,0.88,0.37,2026-08-20,1214,Aqua,98.1,288.11,12.55,N,1,85,farmland,19.6,1.3,4.9,0,1,Agricultural Burn
FIRMS-IND-11040,31.50521,75.867,883d326ea3fffff,319.4,1.19,0.74,2026-08-20,1658,NOAA-20,56.0,281.52,26.25,D,2,90,farmland,24.5,4.85,4.14,0,1,Agricultural Burn
FIRMS-IND-11041,22.66834,78.02437,883d9e585bfffff,367.96,0.35,0.57,2026-08-20,2145,Aqua,69.9,327.1,32.23,D,1,85,forest,85.9,28.06,3.49,0,0,Wildfire
FIRMS-IND-11042,30.05549,75.51687,88424bae83fffff,349.3,1.04,1.17,2026-08-20,2102,SNPP,54.6,332.62,52.82,D,1,90,farmland,5.9,2.24,4.09,0,1,Agricultural Burn
FIRMS-IND-11043,22.36079,81.16763,883cb58cc3fffff,366.24,0.59,0.38,2026-08-20,1804,SNPP,62.2,351.16,228.36,N,8,90,forest,94.4,25.16,3.17,0,0,Wildfire
FIRMS-IND-11044,30.38226,75.80009,883d169961fffff,398.63,0.63,0.91,2026-08-20,1927,SNPP,78.1,356.28,58.53,D,86,90,industrial,9.2,0.64,4.28,2,2,Industrial/Gas Flare
FIRMS-IND-11045,21.40352,73.43381,8842d9a0d1fffff,353.68,0.98,0.38,2026-08-20,1721,Aqua,94.2,315.05,80.38,D,79,85,industrial,1.3,1.37,4.93,2,2,Industrial/Gas Flare
FIRMS-IND-11046,22.64181,72.91054,8842ce25cdfffff,304.16,1.01,1.03,2026-08-20,1449,Aqua,58.0,279.14,47.74,D,25,79,residential,4.7,0.61,2.03,1,4,Urban/Infrastructure
FIRMS-IND-11047,29.75247,76.11687,883d1641ebfffff,364.82,0.84,0.94,2026-08-20,1701,Terra,98.9,334.46,307.75,N,88,85,industrial,7.4,1.45,1.36,2,2,Industrial/Gas Flare
FIRMS-IND-11048,21.76652,73.33334,8842ca44d3fffff,368.31,1.17,0.56,2026-08-20,0342,NOAA-20,54.3,345.45,207.28,D,86,85,industrial,0.6,1.24,5.15,2,2,Industrial/Gas Flare
FIRMS-IND-11049,28.01632,76.07122,883da000e5fffff,317.41,0.81,0.59,2026-08-20,2011,NOAA-20,95.3,301.21,16.58,D,1,90,farmland,22.6,3.39,9.01,0,1,Agricultural Burn
FIRMS-IND-11050,23.31778,73.59462,8842c8a183fffff,352.88,1.12,0.38,2026-08-20,0723,Aqua,83.8,330.59,75.0,D,73,90,industrial,0.1,1.17,4.7,2,2,Industrial/Gas Flare
FIRMS-IND-11051,29.94773,74.36304,88424861e1fffff,315.26,0.37,0.5,2026-08-20,0737,Aqua,67.3,279.29,9.05,D,4,90,farmland,11.0,3.09,6.39,0,1,Agricultural Burn
FIRMS-IND-11052,22.35838,73.38184,8842caa347fffff,341.79,0.63,1.06,2026-08-20,1349,SNPP,86.7,298.58,182.89,D,75,85,industrial,0.1,0.67,5.22,2,2,Industrial/Gas Flare
FIRMS-IND-11053,22.32,73.74353,8842cbd825fffff,419.16,1.01,0.77,2026-08-20,0024,NOAA-20,71.9,379.54,117.83,N,71,90,industrial,8.2,1.04,4.19,2,2,Industrial/Gas Flare
FIRMS-IND-11054,20.66127,81.27782,883cb06509fffff,338.8,1.04,0.77,2026-08-20,1850,Aqua,95.0,306.56,126.92,N,6,90,forest,84.3,17.29,9.03,0,0,Wildfire
FIRMS-IND-11055,23.55668,78.04928,883d9e9257fffff,362.06,1.01,1.11,2026-08-20,0517,Aqua,51.7,333.63,62.41,N,8,79,forest,78.2,14.89,8.04,0,0,Wildfire
FIRMS-IND-11056,30.23472,75.80046,883d16d50dfffff,358.89,0.74,0.51,2026-08-20,2133,Terra,56.7,328.38,24.68,D,4,90,forest,82.6,9.01,7.05,0,0,Wildfire
FIRMS-IND-11057,20.84803,79.43848,883cb6992dfffff,350.87,0.56,0.93,2026-08-20,0224,Terra,94.1,316.54,34.93,N,4,85,forest,78.8,17.04,11.53,0,0,Wildfire
FIRMS-IND-11058,29.47567,75.95098,883da582bbfffff,297.98,0.47,0.72,2026-08-20,2248,Terra,50.8,270.0,14.68,D,1,90,farmland,18.2,3.43,8.74,0,1,Agricultural Burn
FIRMS-IND-11059,22.44626,73.37637,8842cab08dfffff,364.87,0.73,0.97,2026-08-20,1206,Aqua,57.1,327.21,146.56,N,66,85,industrial,0.6,0.21,6.2,2,2,Industrial/Gas Flare
FIRMS-IND-11060,22.83725,73.27882,8842c854dbfffff,355.89,0.64,0.93,2026-08-20,0319,SNPP,56.5,340.83,83.8,N,80,90,industrial,9.0,0.92,7.51,2,2,Industrial/Gas Flare
FIRMS-IND-11061,22.67411,73.8388,8842cb9b61fffff,337.54,0.87,1.18,2026-08-20,1144,SNPP,70.4,313.01,405.4,D,69,79,industrial,9.6,0.46,6.77,2,2,Industrial/Gas Flare
FIRMS-IND-11062,21.99009,73.23849,8842ca0335fffff,359.12,0.38,1.17,2026-08-20,1016,NOAA-20,63.6,324.38,65.03,D,76,90,industrial,0.9,1.02,4.29,2,2,Industrial/Gas Flare
FIRMS-IND-11063,21.54808,84.05502,883c8549e1fffff,350.9,1.19,0.74,2026-08-20,0451,SNPP,85.3,310.52,19.57,D,74,79,mining,14.4,2.03,4.15,1,3,Mining Activity
FIRMS-IND-11064,22.39008,73.00665,8842ca952bfffff,384.58,0.63,0.7,2026-08-20,1753,Terra,79.9,359.32,153.28,D,84,85,industrial,3.0,1.04,7.66,2,2,Industrial/Gas Flare
FIRMS-IND-11065,29.32156,75.47465,88424b61b7fffff,343.02,0.82,1.07,2026-08-20,1813,NOAA-20,62.3,298.62,24.79,N,1,90,farmland,14.3,1.74,2.62,0,1,Agricultural Burn
FIRMS-IND-11066,21.59662,78.59229,88609664c7fffff,333.55,0.61,0.88,2026-08-20,0447,NOAA-20,95.6,292.05,48.27,N,3,90,forest,82.3,14.45,13.65,0,0,Wildfire
FIRMS-IND-11067,21.99325,79.46317,883d9a61ebfffff,333.18,0.87,0.39,2026-08-20,1217,Terra,82.1,304.52,3.75,D,31,79,residential,10.1,0.68,1.92,1,4,Urban/Infrastructure
FIRMS-IND-11068,22.3961,73.01315,8842ca9507fffff,346.23,0.74,0.51,2026-08-20,1536,Aqua,84.4,317.9,259.28,D,1,85,forest,85.8,27.55,7.02,0,0,Wildfire
FIRMS-IND-11069,22.53991,73.06424,8842c859e7fffff,323.28,1.19,0.81,2026-08-20,1221,SNPP,99.0,302.97,2.3,D,19,90,residential,2.9,0.56,4.56,1,4,Urban/Infrastructure
FIRMS-IND-11070,22.33589,86.23926,883c8c9695fffff,348.26,1.19,0.71,2026-08-20,1418,NOAA-20,56.1,312.41,92.24,D,35,90,mining,8.6,2.33,14.39,1,3,Mining Activity
FIRMS-IND-11071,22.95282,72.46401,8842cea215fffff,349.81,0.96,1.09,2026-08-20,0305,SNPP,86.3,320.35,133.92,D,68,79,industrial,9.5,0.94,6.16,2,2,Industrial/Gas Flare
FIRMS-IND-11072,30.09112,76.46266,883d160c09fffff,335.03,1.08,0.4,2026-08-20,2028,Aqua,81.3,298.46,31.14,D,3,79,farmland,17.6,4.98,9.96,0,1,Agricultural Burn
FIRMS-IND-11073,21.53044,77.83992,886092a661fffff,352.97,0.55,0.51,2026-08-20,2146,Aqua,61.7,326.07,217.26,D,4,90,forest,72.9,10.27,4.69,0,0,Wildfire
FIRMS-IND-11074,21.6891,76.88701,8860930cbbfffff,338.82,0.71,1.04,2026-08-20,2226,NOAA-20,86.6,301.56,190.94,N,7,90,forest,66.3,19.29,8.84,0,0,Wildfire
FIRMS-IND-11075,23.19288,73.19801,8842c88d41fffff,404.09,0.57,0.98,2026-08-20,0354,Aqua,98.1,361.03,86.42,D,78,79,industrial,7.6,1.11,7.98,2,2,Industrial/Gas Flare
FIRMS-IND-11076,30.79088,74.61092,884249d1e1fffff,328.61,0.4,1.07,2026-08-20,0509,NOAA-20,69.8,312.82,17.01,D,4,90,farmland,5.5,4.21,2.59,0,1,Agricultural Burn
FIRMS-IND-11077,30.21533,76.53286,883d1605d3fffff,323.13,0.78,0.89,2026-08-20,0015,SNPP,80.0,307.91,33.23,D,4,90,farmland,23.0,3.6,9.74,0,1,Agricultural Burn
FIRMS-IND-11078,22.17871,73.46783,8842caa9ebfffff,341.94,1.06,0.5,2026-08-20,2232,NOAA-20,92.2,304.83,155.05,N,66,85,industrial,2.1,0.93,7.37,2,2,Industrial/Gas Flare
FIRMS-IND-11079,22.21887,73.02909,8842ca8a8dfffff,327.32,0.98,0.63,2026-08-20,1842,Terra,76.7,289.0,51.8,D,76,85,industrial,7.7,0.53,0.79,2,2,Industrial/Gas Flare
FIRMS-IND-11080,21.4447,85.4698,883c813161fffff,316.01,0.62,1.08,2026-08-20,0608,Terra,56.3,282.7,4.82,N,0,90,waterbody,38.0,14.35,0.33,1,5,False Positive/Noise
FIRMS-IND-11081,22.42226,72.86218,8842ca9231fffff,330.3,0.47,0.6,2026-08-20,0933,NOAA-20,63.1,310.13,175.78,D,85,79,industrial,7.1,1.19,2.54,2,2,Industrial/Gas Flare
FIRMS-IND-11082,22.48647,71.98444,8842cece57fffff,407.64,0.46,0.47,2026-08-20,1913,Terra,72.9,392.39,331.34,D,84,85,industrial,9.6,0.79,4.48,2,2,Industrial/Gas Flare
FIRMS-IND-11083,30.6245,75.78974,88424929b7fffff,352.35,0.84,0.49,2026-08-20,0727,NOAA-20,59.4,330.67,297.83,N,69,90,industrial,7.1,1.34,4.35,2,2,Industrial/Gas Flare
FIRMS-IND-11084,20.99735,84.8703,883c8158d7fffff,311.11,0.37,0.56,2026-08-20,0625,Terra,66.8,275.65,38.2,D,39,90,mining,11.3,0.88,3.03,1,3,Mining Activity
FIRMS-IND-11085,30.98693,75.52441,8842493269fffff,301.43,0.81,1.03,2026-08-20,0138,SNPP,64.6,270.0,7.58,D,2,79,farmland,12.4,0.65,5.01,0,1,Agricultural Burn
FIRMS-IND-11086,29.18359,75.46751,883da5d269fffff,319.41,1.04,0.62,2026-08-20,2033,Terra,67.2,288.52,8.63,D,4,90,farmland,9.8,4.7,9.83,0,1,Agricultural Burn
FIRMS-IND-11087,22.18173,72.59208,8842ce6a89fffff,328.11,0.45,0.61,2026-08-20,0051,NOAA-20,79.5,292.67,50.12,N,78,90,industrial,3.5,1.09,2.86,2,2,Industrial/Gas Flare
FIRMS-IND-11088,21.67108,73.01763,8842ca5a93fffff,372.91,0.6,1.14,2026-08-20,1131,Terra,67.2,331.68,191.34,D,79,90,industrial,7.4,1.14,5.05,2,2,Industrial/Gas Flare
FIRMS-IND-11089,21.82676,73.11162,8842ca5443fffff,366.54,0.86,0.36,2026-08-20,0339,Terra,52.2,338.32,56.58,N,87,90,industrial,4.2,1.34,6.16,2,2,Industrial/Gas Flare
FIRMS-IND-11090,21.27725,84.56464,883c81d935fffff,313.28,0.76,0.96,2026-08-20,2155,SNPP,74.1,270.0,21.35,N,34,85,mining,9.6,0.93,3.78,1,3,Mining Activity
FIRMS-IND-11091,21.06504,85.83549,883c8e8221fffff,336.54,0.84,0.99,2026-08-20,1133,Terra,94.8,304.7,102.45,D,43,85,mining,14.7,2.53,13.75,1,3,Mining Activity
FIRMS-IND-11092,21.63665,85.86158,883c8cc859fffff,361.9,0.92,1.18,2026-08-20,0335,Aqua,79.9,345.31,17.41,D,74,79,mining,13.3,1.62,5.26,1,3,Mining Activity
FIRMS-IND-11093,21.76955,72.65258,8842dd3713fffff,370.45,1.04,0.51,2026-08-20,1442,Terra,59.6,327.8,80.31,D,84,90,industrial,7.8,0.83,2.63,2,2,Industrial/Gas Flare
FIRMS-IND-11094,31.12732,73.73435,88424d5303fffff,328.22,0.61,0.44,2026-08-20,0154,Aqua,84.5,284.67,10.35,D,2,90,farmland,24.6,4.42,3.85,0,1,Agricultural Burn
FIRMS-IND-11095,22.84815,84.93635,883cae6505fffff,308.63,1.18,0.41,2026-08-20,2225,SNPP,74.5,270.0,26.93,D,64,85,mining,17.3,2.63,8.12,1,3,Mining Activity
FIRMS-IND-11096,31.56318,76.02202,883d149aa5fffff,321.1,0.94,0.81,2026-08-20,1551,SNPP,55.8,301.48,31.55,N,1,90,farmland,17.0,1.41,4.85,0,1,Agricultural Burn
FIRMS-IND-11097,21.80415,84.74594,883c8564e7fffff,363.32,0.67,1.19,2026-08-20,1223,Aqua,63.3,344.43,34.16,D,33,85,mining,3.4,2.92,14.29,1,3,Mining Activity
FIRMS-IND-11098,22.14402,73.31946,8842ca1431fffff,376.79,0.79,0.68,2026-08-20,0330,SNPP,70.1,358.62,109.66,D,87,90,industrial,8.3,0.94,5.08,2,2,Industrial/Gas Flare
FIRMS-IND-11099,22.07872,74.23559,8842cb4e45fffff,347.85,1.0,0.92,2026-08-20,1030,SNPP,58.7,325.75,289.46,D,85,85,industrial,7.0,0.28,0.9,2,2,Industrial/Gas Flare
FIRMS-IND-11100,19.92391,81.30981,883cb2258dfffff,367.15,0.42,1.07,2026-08-20,1832,SNPP,98.2,347.41,62.69,D,5,90,forest,89.4,7.97,4.92,0,0,Wildfire
FIRMS-IND-11101,21.68551,86.88742,883c8c2e67fffff,310.96,0.63,0.67,2026-08-20,2154,Terra,62.8,294.27,37.22,N,31,85,mining,19.5,2.71,5.79,1,3,Mining Activity
FIRMS-IND-11102,29.64941,75.94362,883da596d5fffff,352.73,0.84,0.52,2026-08-20,1816,NOAA-20,78.9,324.94,23.27,D,1,90,farmland,23.1,3.23,5.08,0,1,Agricultural Burn
FIRMS-IND-11103,22.00478,73.44449,8842ca0ed5fffff,448.83,0.54,0.41,2026-08-20,0016,Aqua,61.9,417.15,170.07,D,67,90,industrial,2.9,0.97,1.91,2,2,Industrial/Gas Flare
FIRMS-IND-11104,22.61675,73.10316,8842c858d5fffff,448.89,0.46,1.08,2026-08-20,1705,NOAA-20,90.3,418.94,705.25,D,82,90,industrial,4.4,0.45,5.57,2,2,Industrial/Gas Flare
FIRMS-IND-11105,20.82804,80.88619,883cb0095bfffff,320.7,0.39,0.6,2026-08-20,0655,Aqua,99.5,288.64,174.06,N,4,90,forest,88.0,28.58,6.95,0,0,Wildfire
FIRMS-IND-11106,21.91311,85.56088,883c81b4b9fffff,312.43,0.4,0.8,2026-08-20,1816,SNPP,50.4,272.16,133.96,N,58,90,mining,6.1,1.3,5.13,1,3,Mining Activity
FIRMS-IND-11107,20.88082,86.32074,883c8ea8cdfffff,322.46,0.73,1.07,2026-08-20,1505,Aqua,63.0,302.28,8.72,D,19,85,residential,1.3,0.68,3.14,1,4,Urban/Infrastructure
FIRMS-IND-11108,31.22063,75.84051,883d14da91fffff,326.6,1.19,0.99,2026-08-20,1017,Aqua,52.4,291.77,9.4,D,3,90,farmland,8.5,3.22,5.77,0,1,Agricultural Burn
FIRMS-IND-11109,30.76128,75.38935,8842490e3bfffff,335.54,1.03,1.17,2026-08-20,1754,Terra,85.3,294.43,14.51,N,2,90,farmland,15.3,1.15,7.65,0,1,Agricultural Burn
FIRMS-IND-11110,22.40828,73.08129,8842ca95b9fffff,362.93,1.12,0.64,2026-08-20,0024,NOAA-20,52.8,320.32,88.36,D,77,90,industrial,3.4,0.41,7.04,2,2,Industrial/Gas Flare
FIRMS-IND-11111,22.04432,85.15782,883caa4a43fffff,364.24,0.49,0.43,2026-08-20,1905,Aqua,66.8,342.94,248.16,D,76,85,industrial,7.2,1.24,3.19,2,2,Industrial/Gas Flare
FIRMS-IND-11112,21.27264,78.92007,8860960729fffff,328.69,1.03,0.86,2026-08-20,1255,Aqua,75.1,298.02,79.04,D,3,90,forest,84.6,8.38,13.16,0,0,Wildfire
FIRMS-IND-11113,29.15338,76.10332,883da5024dfffff,321.73,1.09,0.37,2026-08-20,1243,Terra,72.1,280.03,14.16,D,3,90,farmland,16.0,4.41,7.87,0,1,Agricultural Burn
FIRMS-IND-11114,22.19988,85.75675,883caa629bfffff,363.28,0.43,0.77,2026-08-20,2016,NOAA-20,57.9,318.92,77.38,D,66,79,mining,19.0,1.81,11.87,1,3,Mining Activity
FIRMS-IND-11115,21.31772,85.6516,883c812addfffff,335.4,0.54,0.91,2026-08-20,1302,Aqua,60.1,296.58,68.66,N,46,85,mining,12.8,1.97,11.84,1,3,Mining Activity
FIRMS-IND-11116,32.17804,74.65068,883d3660a7fffff,333.27,0.77,0.37,2026-08-20,0940,Aqua,55.4,294.7,14.64,D,2,90,farmland,22.3,2.03,2.01,0,1,Agricultural Burn
FIRMS-IND-11117,22.42155,78.38212,8860924133fffff,308.01,1.07,0.61,2026-08-20,0738,SNPP,75.8,270.0,1.32,D,1,90,waterbody,40.0,2.89,0.51,1,5,False Positive/Noise
FIRMS-IND-11118,30.29827,76.39735,883d161599fffff,317.96,0.62,0.45,2026-08-20,1355,Terra,64.7,283.77,38.61,D,22,90,residential,2.9,0.58,1.38,1,4,Urban/Infrastructure
FIRMS-IND-11119,31.13997,76.07011,883d14cf11fffff,340.63,0.94,0.78,2026-08-20,2006,Aqua,66.6,311.45,5.87,D,2,79,farmland,13.3,4.04,4.72,0,1,Agricultural Burn
FIRMS-IND-11120,20.67184,78.19788,8860908a0dfffff,392.19,0.71,0.86,2026-08-20,0012,Terra,95.3,375.58,78.84,D,4,85,farmland,13.2,3.34,6.19,0,1,Agricultural Burn
FIRMS-IND-11121,31.09038,76.07372,883d14cd09fffff,328.66,0.45,0.72,2026-08-20,0238,Terra,97.4,298.69,123.1,D,66,90,mining,2.4,2.25,14.72,1,3,Mining Activity
FIRMS-IND-11122,23.04356,86.56937,883cab8de7fffff,362.11,1.06,0.51,2026-08-20,0409,NOAA-20,53.2,344.87,62.54,D,56,79,mining,12.3,2.84,14.36,1,3,Mining Activity
FIRMS-IND-11123,22.7819,73.32585,8842c84619fffff,409.39,1.1,0.42,2026-08-20,0734,SNPP,98.7,368.53,104.44,D,2,90,forest,92.4,10.71,11.39,0,0,Wildfire
FIRMS-IND-11124,30.44015,74.67573,884248246dfffff,334.52,0.8,0.82,2026-08-20,1201,SNPP,72.8,294.12,28.77,N,2,79,farmland,10.6,3.4,4.54,0,1,Agricultural Burn
FIRMS-IND-11125,23.94842,81.078,883d9922dbfffff,365.81,0.77,0.55,2026-08-20,0841,Terra,57.2,326.06,82.91,N,6,90,forest,83.4,27.8,19.53,0,0,Wildfire
FIRMS-IND-11126,21.7053,86.12928,883c8c1b07fffff,363.76,0.68,0.76,2026-08-20,0206,Terra,76.8,326.29,80.58,D,71,90,mining,15.9,2.87,2.78,1,3,Mining Activity
FIRMS-IND-11127,22.01122,72.88169,8842cac287fffff,353.18,0.87,0.45,2026-08-20,0736,Aqua,81.1,313.66,264.88,N,87,85,industrial,2.8,0.35,4.87,2,2,Industrial/Gas Flare
FIRMS-IND-11128,21.06775,85.57536,883c81642bfffff,331.09,0.61,1.01,2026-08-20,1953,Terra,91.8,307.24,34.54,D,60,90,mining,16.8,2.6,6.84,1,3,Mining Activity
FIRMS-IND-11129,29.75425,77.1696,883d128d49fffff,329.07,1.05,0.63,2026-08-20,1955,SNPP,62.7,288.22,8.24,D,1,85,farmland,12.7,4.25,4.43,0,1,Agricultural Burn
FIRMS-IND-11130,29.02573,75.85327,883da5cec7fffff,325.93,0.8,0.42,2026-08-20,2235,Aqua,91.1,293.12,70.52,N,2,90,farmland,22.6,3.14,3.97,0,1,Agricultural Burn
FIRMS-IND-11131,22.47702,86.2759,883cab5abdfffff,326.45,0.57,0.71,2026-08-20,2019,Terra,84.1,293.27,80.68,D,30,85,mining,4.4,2.62,13.62,1,3,Mining Activity
FIRMS-IND-11132,20.12215,79.583,883cb6485dfffff,340.02,0.88,0.76,2026-08-20,0616,Terra,88.1,315.09,174.25,D,5,85,forest,94.6,25.38,18.26,0,0,Wildfire
FIRMS-IND-11133,22.65175,73.69721,8842c861b1fffff,376.05,0.65,0.6,2026-08-20,1636,Aqua,60.9,341.51,133.36,N,70,85,industrial,4.7,0.37,4.4,2,2,Industrial/Gas Flare
FIRMS-IND-11134,22.37822,72.98526,8842ca8251fffff,411.08,1.09,0.83,2026-08-20,1400,NOAA-20,97.3,380.18,77.49,D,88,85,industrial,2.8,0.72,0.97,2,2,Industrial/Gas Flare
FIRMS-IND-11135,29.37566,76.21831,883da5b827fffff,301.5,0.46,1.0,2026-08-20,1325,NOAA-20,66.7,282.71,10.29,D,4,90,farmland,11.1,1.96,9.91,0,1,Agricultural Burn
FIRMS-IND-11136,22.76605,85.12061,883caa99c7fffff,368.3,0.58,1.16,2026-08-20,0347,Terra,52.1,345.33,47.55,D,52,90,mining,13.7,0.37,8.11,1,3,Mining Activity
FIRMS-IND-11137,22.63454,72.98953,8842c85a6bfffff,345.16,0.53,1.16,2026-08-20,0739,NOAA-20,71.3,302.6,114.72,D,84,90,industrial,7.7,0.78,6.2,2,2,Industrial/Gas Flare
FIRMS-IND-11138,22.21695,73.79569,8842ca3489fffff,336.27,1.16,1.11,2026-08-20,2017,Terra,72.2,291.6,203.27,D,70,90,industrial,6.2,0.39,6.45,2,2,Industrial/Gas Flare
FIRMS-IND-11139,22.91181,74.67538,8842cba6c5fffff,369.7,0.67,0.61,2026-08-20,1835,Aqua,59.6,346.67,125.86,D,70,90,industrial,3.9,0.9,4.1,2,2,Industrial/Gas Flare
FIRMS-IND-11140,22.27816,84.88329,883c853485fffff,323.32,0.9,0.92,2026-08-20,0809,SNPP,57.4,292.01,101.36,D,47,85,mining,18.4,2.61,14.59,1,3,Mining Activity
FIRMS-IND-11141,21.60162,76.78654,8860933aa3fffff,319.93,0.55,1.07,2026-08-20,1245,SNPP,79.3,286.74,11.89,D,31,85,residential,0.3,0.68,5.64,1,4,Urban/Infrastructure
FIRMS-IND-11142,21.63512,78.70417,8860966727fffff,396.2,1.02,0.55,2026-08-20,1553,Terra,91.5,379.13,58.44,N,6,90,forest,71.1,13.47,15.78,0,0,Wildfire
FIRMS-IND-11143,22.12391,73.16474,8842ca12adfffff,358.52,0.9,0.51,2026-08-20,2143,SNPP,51.5,327.88,130.44,D,66,85,industrial,4.9,0.7,5.84,2,2,Industrial/Gas Flare
FIRMS-IND-11144,29.12159,74.63418,883da49745fffff,350.89,1.2,0.8,2026-08-20,0614,NOAA-20,56.2,306.58,65.5,N,1,90,farmland,24.5,3.25,2.54,0,1,Agricultural Burn
FIRMS-IND-11145,30.18971,75.23344,88424bb08dfffff,312.09,0.99,0.89,2026-08-20,2018,NOAA-20,68.3,297.05,7.8,D,3,90,farmland,6.4,2.0,1.16,0,1,Agricultural Burn
FIRMS-IND-11146,22.58116,73.25939,8842c84f47fffff,399.29,0.97,0.65,2026-08-20,0940,Aqua,57.0,382.92,55.51,D,66,90,industrial,2.5,0.44,1.9,2,2,Industrial/Gas Flare
FIRMS-IND-11147,22.23618,73.64166,8842caad87fffff,343.54,1.15,0.87,2026-08-20,0301,NOAA-20,72.2,314.75,148.94,N,80,79,industrial,1.6,0.12,4.97,2,2,Industrial/Gas Flare
FIRMS-IND-11148,22.42789,72.62787,8842ce74c9fffff,354.64,0.98,0.51,2026-08-20,1819,NOAA-20,84.1,337.07,309.61,D,74,85,industrial,7.6,0.2,4.12,2,2,Industrial/Gas Flare
FIRMS-IND-11149,20.28361,78.41139,88609438b1fffff,361.71,0.49,1.03,2026-08-20,0517,NOAA-20,95.3,327.76,113.52,D,3,79,forest,65.3,11.31,9.65,0,0,Wildfire
FIRMS-IND-11150,21.96744,77.62475,886092256bfffff,338.95,0.42,0.67,2026-08-20,0210,Terra,97.2,299.5,156.3,N,9,90,forest,67.2,24.96,18.87,0,0,Wildfire
FIRMS-IND-11151,21.89609,73.69283,8842ca2953fffff,390.42,0.45,0.51,2026-08-20,0530,SNPP,52.0,365.52,300.5,N,77,90,industrial,3.3,0.59,0.89,2,2,Industrial/Gas Flare
FIRMS-IND-11152,20.7089,84.53089,883c839165fffff,369.59,0.99,1.18,2026-08-20,0827,Terra,60.8,345.29,65.96,N,35,90,mining,0.4,0.68,11.64,1,3,Mining Activity
FIRMS-IND-11153,22.61967,74.46006,8842cba941fffff,343.62,0.56,0.56,2026-08-20,0733,SNPP,73.9,312.31,169.54,D,68,90,industrial,0.6,0.47,3.43,2,2,Industrial/Gas Flare
FIRMS-IND-11154,22.56075,79.46401,883d9aa9d5fffff,385.44,0.94,0.67,2026-08-20,0312,NOAA-20,96.0,361.82,50.24,D,9,85,forest,93.2,26.13,19.7,0,0,Wildfire
FIRMS-IND-11155,22.71587,73.10476,8842c851d3fffff,319.89,0.72,0.79,2026-08-20,0707,NOAA-20,55.5,292.75,5.26,N,20,85,residential,13.5,0.46,2.28,1,4,Urban/Infrastructure
FIRMS-IND-11156,30.44585,74.9275,88424951a1fffff,357.24,0.75,0.73,2026-08-20,1947,Terra,69.1,326.57,24.63,D,2,85,farmland,15.0,4.78,5.55,0,1,Agricultural Burn
FIRMS-IND-11157,30.71727,76.60744,883d16b4c7fffff,346.25,1.12,0.5,2026-08-20,1735,Aqua,78.8,303.9,111.96,N,81,90,industrial,8.2,0.13,4.57,2,2,Industrial/Gas Flare
FIRMS-IND-11158,30.03995,75.50831,88424baeabfffff,338.53,0.89,0.47,2026-08-20,2247,NOAA-20,80.8,320.06,16.98,N,2,90,farmland,9.7,4.69,8.39,0,1,Agricultural Burn
FIRMS-IND-11159,20.00561,79.85837,8860b24ae9fffff,306.79,0.4,1.01,2026-08-20,1514,Aqua,86.0,270.0,6.56,N,0,85,grassland,31.2,5.16,0.87,1,5,False Positive/Noise
FIRMS-IND-11160,20.94017,85.61196,883c816cd7fffff,379.16,1.12,0.9,2026-08-20,1532,NOAA-20,55.0,358.01,20.79,D,44,85,mining,5.6,1.71,4.32,1,3,Mining Activity
FIRMS-IND-11161,22.05161,84.82089,883c852f49fffff,333.88,1.04,0.75,2026-08-20,2149,Terra,64.1,301.21,24.41,N,39,90,mining,0.3,0.52,5.25,1,3,Mining Activity
FIRMS-IND-11162,21.35728,72.39298,8842dd703bfffff,408.21,0.85,0.38,2026-08-20,1420,SNPP,82.7,374.45,189.47,N,74,90,industrial,3.3,0.58,6.2,2,2,Industrial/Gas Flare
FIRMS-IND-11163,22.21117,77.19203,883d934c4dfffff,376.71,0.75,1.1,2026-08-20,1743,NOAA-20,88.0,333.18,23.34,D,2,90,forest,92.2,14.52,11.76,0,0,Wildfire
FIRMS-IND-11164,20.93113,86.57749,883c88d955fffff,342.93,0.66,0.6,2026-08-20,1247,Terra,65.7,309.07,17.88,N,50,90,mining,2.5,2.76,11.61,1,3,Mining Activity
FIRMS-IND-11165,22.02889,85.23483,883caa4a81fffff,334.57,0.64,0.39,2026-08-20,1137,NOAA-20,61.1,304.46,23.41,N,59,79,mining,1.4,0.68,2.33,1,3,Mining Activity
FIRMS-IND-11166,23.01689,78.50823,883d9e0e17fffff,299.2,0.78,0.44,2026-08-20,0906,SNPP,80.7,270.0,6.49,N,1,90,waterbody,26.6,4.44,0.46,1,5,False Positive/Noise
FIRMS-IND-11167,29.82768,75.60487,88424b22cdfffff,309.55,0.85,0.89,2026-08-20,0124,NOAA-20,91.8,270.0,20.58,D,4,79,farmland,6.0,1.78,6.66,0,1,Agricultural Burn
FIRMS-IND-11168,21.48892,73.75522,88609b2a9bfffff,319.96,0.51,0.53,2026-08-20,1610,SNPP,90.7,302.82,24.08,D,20,90,residential,11.0,0.25,5.97,1,4,Urban/Infrastructure
FIRMS-IND-11169,30.38017,76.0905,883d1688d7fffff,323.82,0.74,1.01,2026-08-20,2111,Aqua,98.4,288.05,77.94,D,3,90,farmland,23.0,4.87,9.19,0,1,Agricultural Burn
FIRMS-IND-11170,30.56389,74.93379,88424952b9fffff,312.57,0.62,0.36,2026-08-20,1337,NOAA-20,91.3,281.15,7.06,N,19,85,residential,6.3,0.1,2.57,1,4,Urban/Infrastructure
FIRMS-IND-11171,30.76643,77.53973,883d10142bfffff,311.49,1.01,0.76,2026-08-20,0351,NOAA-20,95.1,294.38,17.17,N,4,79,farmland,11.3,2.54,4.86,0,1,Agricultural Burn
FIRMS-IND-11172,22.1443,72.60142,8842ce6aa7fffff,318.38,1.15,0.64,2026-08-20,1537,SNPP,51.9,276.57,2.12,N,1,79,waterbody,25.1,14.02,0.13,1,5,False Positive/Noise
FIRMS-IND-11173,29.27733,76.24736,883da514cbfffff,337.84,0.45,1.19,2026-08-20,1630,Terra,85.3,305.48,11.13,N,3,90,farmland,20.5,2.04,6.95,0,1,Agricultural Burn
FIRMS-IND-11174,21.51503,84.75353,883c81d509fffff,349.71,0.84,0.82,2026-08-20,1142,NOAA-20,98.7,327.85,21.89,D,9,79,forest,67.6,18.95,10.93,0,0,Wildfire
FIRMS-IND-11175,21.05115,77.25343,88609396e1fffff,406.23,1.1,0.47,2026-08-20,0337,NOAA-20,81.5,388.32,54.69,N,8,85,forest,84.9,20.69,3.2,0,0,Wildfire
FIRMS-IND-11176,31.36955,76.17867,883d14c6d3fffff,321.75,0.41,0.84,2026-08-20,0413,Terra,55.8,283.49,6.88,N,4,90,farmland,5.4,4.59,6.18,0,1,Agricultural Burn
FIRMS-IND-11177,23.41575,73.02376,8842c890d1fffff,371.43,0.85,0.55,2026-08-20,0414,NOAA-20,50.8,337.15,155.2,D,74,79,industrial,9.6,0.73,4.71,2,2,Industrial/Gas Flare
FIRMS-IND-11178,21.22553,78.31267,8860905141fffff,338.9,1.03,1.06,2026-08-20,0926,SNPP,69.9,315.68,31.84,D,7,85,forest,74.4,10.86,11.74,0,0,Wildfire
FIRMS-IND-11179,22.28261,73.05821,8842ca81d5fffff,348.53,0.51,0.38,2026-08-20,0216,SNPP,80.2,312.92,479.85,D,76,90,industrial,8.1,0.26,7.21,2,2,Industrial/Gas Flare
FIRMS-IND-11180,22.57483,72.15446,8842ce112bfffff,374.14,0.83,0.95,2026-08-20,0853,SNPP,53.3,356.8,55.36,N,84,79,industrial,6.8,0.41,4.51,2,2,Industrial/Gas Flare
FIRMS-IND-11181,21.79107,73.03375,8842ca5765fffff,399.87,1.19,0.97,2026-08-20,1901,Terra,75.3,358.3,229.33,N,72,90,industrial,5.7,0.27,1.78,2,2,Industrial/Gas Flare
FIRMS-IND-11182,30.17945,75.67535,883d16d113fffff,320.15,1.01,0.58,2026-08-20,2040,Aqua,78.1,280.89,9.39,D,4,90,farmland,13.8,4.92,8.76,0,1,Agricultural Burn
FIRMS-IND-11183,21.40575,85.35667,883c810511fffff,330.55,0.96,0.5,2026-08-20,0754,NOAA-20,79.1,294.37,36.07,N,42,90,mining,4.3,0.45,11.09,1,3,Mining Activity
FIRMS-IND-11184,30.24286,74.83115,88424b9631fffff,328.78,0.94,0.86,2026-08-20,1213,SNPP,83.0,304.41,97.13,D,69,79,mining,5.1,2.47,2.37,1,3,Mining Activity
FIRMS-IND-11185,22.62309,73.62903,8842c86ac1fffff,349.92,1.14,0.63,2026-08-20,2117,SNPP,59.3,330.02,266.4,N,71,79,industrial,7.8,0.75,6.98,2,2,Industrial/Gas Flare
FIRMS-IND-11186,20.0678,79.48201,8860b26b35fffff,423.46,0.46,0.67,2026-08-20,0157,Aqua,69.7,387.49,396.85,D,9,90,forest,69.6,17.78,19.65,0,0,Wildfire
FIRMS-IND-11187,22.43101,78.17956,8860924c99fffff,302.98,0.58,0.95,2026-08-20,0413,SNPP,89.5,270.0,1.36,N,0,85,grassland,23.8,4.94,0.22,1,5,False Positive/Noise
FIRMS-IND-11188,21.3792,85.15196,883c810335fffff,349.73,0.63,0.7,2026-08-20,0222,SNPP,75.2,310.29,34.48,N,9,90,forest,66.6,25.17,7.69,0,0,Wildfire
FIRMS-IND-11189,22.13235,73.26059,8842ca1737fffff,346.08,0.64,0.46,2026-08-20,1313,SNPP,79.2,317.24,35.64,N,2,90,farmland,9.6,1.25,7.84,0,1,Agricultural Burn
FIRMS-IND-11190,21.92713,79.0331,883d9a4a95fffff,358.53,0.93,0.37,2026-08-20,0546,Aqua,61.0,319.76,23.35,D,55,85,mining,13.2,1.6,10.57,1,3,Mining Activity
FIRMS-IND-11191,22.39058,84.46574,883c85b997fffff,359.38,0.48,0.98,2026-08-20,0625,Aqua,50.9,325.59,30.62,D,67,85,mining,18.8,0.79,5.33,1,3,Mining Activity
FIRMS-IND-11192,21.8997,85.65194,883c81a6d9fffff,310.16,0.42,0.82,2026-08-20,0421,SNPP,82.4,287.23,27.36,D,9,90,forest,78.5,26.0,4.16,0,0,Wildfire
FIRMS-IND-11193,30.27217,75.93755,883d16d4b7fffff,292.79,0.71,0.44,2026-08-20,1602,Aqua,91.6,273.22,51.54,D,2,79,farmland,5.3,2.64,1.77,0,1,Agricultural Burn
FIRMS-IND-11194,31.29864,76.62744,883d140425fffff,322.17,1.17,1.11,2026-08-20,1213,SNPP,95.0,297.41,7.48,N,4,90,farmland,18.8,4.78,6.06,0,1,Agricultural Burn
FIRMS-IND-11195,21.33062,86.15325,883c8c41bdfffff,353.62,0.49,1.01,2026-08-20,1445,SNPP,77.9,326.31,21.38,N,60,90,mining,4.0,1.56,9.9,1,3,Mining Activity
FIRMS-IND-11196,29.84757,76.01292,883d165195fffff,405.44,0.49,0.84,2026-08-20,0429,SNPP,74.8,381.42,144.38,N,76,79,industrial,4.2,1.38,6.68,2,2,Industrial/Gas Flare
FIRMS-IND-11197,22.02596,72.50857,8842dda66bfffff,356.78,0.91,0.98,2026-08-20,0654,SNPP,88.3,324.52,66.0,D,84,90,industrial,0.3,0.29,5.27,2,2,Industrial/Gas Flare
FIRMS-IND-11198,21.33762,85.05857,883c811831fffff,349.8,0.66,1.18,2026-08-20,0923,SNPP,59.1,304.97,16.01,D,38,90,mining,18.2,2.95,6.68,1,3,Mining Activity
FIRMS-IND-11199,21.35233,79.17089,8860961841fffff,313.91,0.37,0.7,2026-08-20,1616,NOAA-20,91.6,291.04,6.08,N,1,90,grassland,9.3,9.13,0.89,1,5,False Positive/Noise
FIRMS-IND-11200,22.63852,73.8496,8842c86c9dfffff,355.16,0.43,1.15,2026-08-20,0752,SNPP,51.6,310.85,95.41,D,84,79,industrial,1.4,1.34,1.32,2,2,Industrial/Gas Flare
FIRMS-IND-11201,22.70405,74.27746,8842cb8cd9fffff,412.88,0.97,0.65,2026-08-20,0454,Aqua,73.2,373.36,242.15,N,80,85,industrial,5.1,0.79,5.16,2,2,Industrial/Gas Flare
FIRMS-IND-11202,22.72651,85.48354,883caa165dfffff,366.84,0.67,1.06,2026-08-20,2149,Terra,72.0,343.41,118.56,D,6,85,forest,77.8,24.49,7.5,0,0,Wildfire
FIRMS-IND-11203,21.82174,73.55848,8842ca7511fffff,345.42,0.5,0.37,2026-08-20,1317,Aqua,97.1,318.51,61.77,D,87,90,industrial,2.1,0.76,6.97,2,2,Industrial/Gas Flare
FIRMS-IND-11204,22.63653,77.98572,883d9e5b17fffff,306.21,1.02,0.51,2026-08-20,1811,Terra,52.8,272.93,2.29,D,1,90,grassland,18.2,17.55,0.23,1,5,False Positive/Noise
FIRMS-IND-11205,31.03653,75.48745,884249a8ebfffff,340.86,1.06,0.77,2026-08-20,0115,Terra,66.9,310.16,35.38,N,3,79,farmland,19.6,0.84,1.44,0,1,Agricultural Burn
FIRMS-IND-11206,19.07975,79.40519,8860b2b565fffff,370.41,0.51,1.07,2026-08-20,1911,SNPP,55.8,330.48,55.11,N,2,79,forest,60.6,16.93,4.62,0,0,Wildfire
FIRMS-IND-11207,31.23601,76.52736,883d14019bfffff,321.24,0.92,1.13,2026-08-20,1630,Terra,61.0,276.72,5.22,N,3,79,farmland,17.5,1.35,2.89,0,1,Agricultural Burn
FIRMS-IND-11208,21.72039,84.54686,883c8561c5fffff,381.93,0.52,0.62,2026-08-20,2203,Aqua,67.1,362.11,54.02,N,46,79,mining,7.5,2.68,10.68,1,3,Mining Activity
FIRMS-IND-11209,22.47601,78.56086,886092593dfffff,336.02,0.58,0.81,2026-08-20,1223,Terra,91.0,301.19,119.58,D,4,79,forest,69.4,10.83,4.78,0,0,Wildfire
FIRMS-IND-11210,22.2235,85.56632,883caa702bfffff,318.88,0.52,1.18,2026-08-20,0323,Aqua,87.8,303.33,67.52,D,70,85,mining,14.8,1.0,6.93,1,3,Mining Activity
FIRMS-IND-11211,21.65791,85.72798,883c8cd917fffff,325.01,1.07,0.39,2026-08-20,1407,Aqua,59.1,288.31,41.45,N,37,79,mining,17.3,2.38,7.12,1,3,Mining Activity
FIRMS-IND-11212,22.64506,72.70391,8842ce2263fffff,309.85,1.18,1.0,2026-08-20,0203,SNPP,98.5,278.43,12.57,D,19,85,residential,11.8,0.23,3.18,1,4,Urban/Infrastructure
FIRMS-IND-11213,22.95544,85.11642,883caa9061fffff,338.94,0.72,0.44,2026-08-20,1948,Terra,99.6,306.65,107.96,D,44,90,mining,5.9,2.96,5.79,1,3,Mining Activity
FIRMS-IND-11214,22.08706,73.41749,8842ca0447fffff,371.13,0.94,0.52,2026-08-20,0325,Terra,67.8,326.56,139.64,N,69,85,industrial,6.9,0.81,4.07,2,2,Industrial/Gas Flare
FIRMS-IND-11215,21.94912,78.84887,883d9a582dfffff,353.18,0.8,1.09,2026-08-20,0921,Aqua,83.5,334.53,241.82,D,64,90,mining,14.1,0.91,13.84,1,3,Mining Activity
FIRMS-IND-11216,22.18556,73.66174,8842ca3729fffff,427.49,0.49,0.44,2026-08-20,0125,Terra,50.3,388.09,85.32,D,69,90,industrial,4.3,0.75,7.15,2,2,Industrial/Gas Flare
FIRMS-IND-11217,22.2321,73.17575,8842ca8c39fffff,348.46,1.07,1.02,2026-08-20,1222,Terra,66.1,317.76,158.47,N,76,90,industrial,0.1,0.12,5.46,2,2,Industrial/Gas Flare
FIRMS-IND-11218,21.89063,85.75949,883c8cd04bfffff,347.38,0.8,1.05,2026-08-20,1537,SNPP,91.4,318.43,29.33,D,48,90,mining,12.4,0.4,10.63,1,3,Mining Activity
FIRMS-IND-11219,21.63487,78.34698,8860928019fffff,359.46,0.68,0.9,2026-08-20,0144,SNPP,82.6,326.18,29.42,D,4,90,forest,90.5,26.18,18.31,0,0,Wildfire
FIRMS-IND-11220,31.09798,75.61178,884249ac01fffff,334.54,0.75,0.43,2026-08-20,1352,Terra,97.9,306.8,16.35,N,1,90,farmland,8.6,3.19,7.24,0,1,Agricultural Burn
FIRMS-IND-11221,22.68984,73.26232,8842c840d1fffff,368.93,0.38,0.79,2026-08-20,0624,Terra,83.0,331.88,177.62,D,75,79,industrial,4.3,0.36,4.35,2,2,Industrial/Gas Flare
FIRMS-IND-11222,21.73625,71.623,8842c36f01fffff,389.97,0.64,1.03,2026-08-20,2054,SNPP,62.2,361.75,121.16,D,75,79,industrial,6.5,0.55,2.32,2,2,Industrial/Gas Flare
FIRMS-IND-11223,22.35542,79.19231,883d9a0149fffff,313.35,0.35,0.93,2026-08-20,1437,Aqua,66.7,291.55,4.97,D,21,90,residential,4.2,0.59,5.43,1,4,Urban/Infrastructure
FIRMS-IND-11224,22.13407,78.18995,8860920855fffff,389.94,0.67,0.4,2026-08-20,0205,SNPP,95.4,357.47,20.0,D,4,90,forest,64.8,14.31,18.72,0,0,Wildfire
FIRMS-IND-11225,30.21813,75.5265,88424ba68bfffff,329.3,1.02,1.13,2026-08-20,0058,Aqua,55.9,310.49,18.7,D,3,79,farmland,21.1,4.85,5.09,0,1,Agricultural Burn
FIRMS-IND-11226,30.5791,75.29179,88424909b5fffff,325.01,0.79,0.99,2026-08-20,2244,SNPP,71.7,288.93,89.35,N,68,85,mining,9.7,1.79,5.34,1,3,Mining Activity
FIRMS-IND-11227,21.83388,72.79637,8842cacb11fffff,362.24,1.02,1.06,2026-08-20,2050,Terra,82.2,320.03,75.36,D,67,90,mining,9.1,2.72,3.13,1,3,Mining Activity
FIRMS-IND-11228,22.72845,73.13342,8842c850b5fffff,373.57,1.17,0.58,2026-08-20,1424,Aqua,88.1,341.33,177.74,N,85,85,industrial,5.7,1.22,3.79,2,2,Industrial/Gas Flare
FIRMS-IND-11229,32.63169,77.29954,883d06c845fffff,357.79,0.49,0.68,2026-08-20,1533,SNPP,81.8,321.37,170.35,D,1,90,forest,93.0,22.81,11.87,0,0,Wildfire
FIRMS-IND-11230,22.54306,84.99245,883caac201fffff,363.65,0.51,0.96,2026-08-20,0919,NOAA-20,71.4,331.04,41.79,D,57,85,mining,15.2,0.94,6.43,1,3,Mining Activity
FIRMS-IND-11231,22.28153,73.17924,8842ca8e85fffff,319.63,1.15,0.96,2026-08-20,1102,SNPP,72.3,279.18,40.01,D,44,90,residential,13.8,0.27,3.9,1,4,Urban/Infrastructure
FIRMS-IND-11232,22.02624,84.75309,883c852ae9fffff,336.46,0.79,0.7,2026-08-20,0947,SNPP,96.8,313.61,22.06,D,62,90,mining,8.9,2.75,8.39,1,3,Mining Activity
FIRMS-IND-11233,22.70341,85.7575,883caaa883fffff,347.83,0.5,0.67,2026-08-20,1107,Terra,59.5,319.35,18.44,N,59,90,mining,1.3,1.66,10.49,1,3,Mining Activity
FIRMS-IND-11234,29.97632,75.90936,883d16cd65fffff,324.19,0.42,0.55,2026-08-20,1914,Terra,72.1,300.96,42.09,D,2,90,farmland,24.1,4.0,7.91,0,1,Agricultural Burn
FIRMS-IND-11235,29.3038,74.80973,88424b58ddfffff,316.77,0.46,0.67,2026-08-20,0630,SNPP,53.9,285.08,30.57,D,4,90,farmland,19.4,3.72,4.76,0,1,Agricultural Burn
FIRMS-IND-11236,21.41621,80.81011,883cb08769fffff,341.78,0.45,0.66,2026-08-20,0926,Aqua,61.4,314.5,73.35,D,3,90,forest,93.7,20.61,5.94,0,0,Wildfire
FIRMS-IND-11237,21.78928,84.44979,883c856349fffff,319.24,1.07,0.95,2026-08-20,0823,Aqua,70.4,291.25,55.17,N,4,90,farmland,20.8,4.51,4.12,0,1,Agricultural Burn
FIRMS-IND-11238,21.71892,84.38422,883c857803fffff,309.54,0.87,0.37,2026-08-20,0525,NOAA-20,52.8,281.86,24.71,D,45,90,mining,8.2,1.44,13.29,1,3,Mining Activity
FIRMS-IND-11239,20.5136,86.85422,883c8859a7fffff,348.25,1.16,0.56,2026-08-20,1631,Terra,68.4,319.74,99.76,N,62,79,mining,1.2,2.27,11.44,1,3,Mining Activity
FIRMS-IND-11240,21.43034,85.55351,883c8131a1fffff,295.35,0.49,0.52,2026-08-20,1900,Terra,89.8,270.0,36.58,N,43,90,mining,14.3,2.33,4.16,1,3,Mining Activity
FIRMS-IND-11241,23.48916,79.38379,883d9811a9fffff,398.47,0.73,0.8,2026-08-20,1146,Terra,58.1,383.01,29.08,N,5,90,forest,78.2,6.25,7.91,0,0,Wildfire
FIRMS-IND-11242,23.09351,79.62162,883d986329fffff,368.57,0.62,0.57,2026-08-20,0327,Terra,70.4,336.78,51.76,D,8,90,forest,85.1,14.09,16.46,0,0,Wildfire
FIRMS-IND-11243,30.66979,76.69214,883d16a617fffff,354.28,0.45,0.49,2026-08-20,1102,Aqua,82.3,333.93,34.59,N,61,85,mining,16.8,1.59,3.66,1,3,Mining Activity
FIRMS-IND-11244,30.85768,77.20113,883d108a15fffff,323.73,0.9,1.0,2026-08-20,1907,SNPP,75.7,279.18,15.66,D,3,90,farmland,21.1,2.27,5.13,0,1,Agricultural Burn
FIRMS-IND-11245,21.28351,80.13679,883cb47829fffff,355.57,0.98,1.06,2026-08-20,0550,SNPP,58.7,328.17,120.97,N,1,90,forest,62.8,7.87,9.41,0,0,Wildfire
FIRMS-IND-11246,30.21851,74.86256,88424b9457fffff,294.6,0.91,0.57,2026-08-20,2156,Aqua,72.0,271.14,6.05,N,4,79,farmland,12.5,2.28,5.14,0,1,Agricultural Burn
FIRMS-IND-11247,22.91075,77.25943,883d938c13fffff,337.8,0.48,0.96,2026-08-20,1022,SNPP,94.2,306.48,93.27,D,1,90,forest,76.2,28.99,6.15,0,0,Wildfire
FIRMS-IND-11248,19.41878,78.33075,8860b3752dfffff,349.54,0.74,0.72,2026-08-20,1022,Aqua,95.6,322.93,111.38,D,4,90,forest,68.6,26.89,18.28,0,0,Wildfire
FIRMS-IND-11249,19.67542,86.16795,883c9d30cdfffff,287.47,0.59,1.04,2026-08-20,0204,SNPP,56.4,270.0,103.41,N,55,90,mining,2.9,0.61,4.64,1,3,Mining Activity
FIRMS-IND-11250,30.36963,76.96711,883d10c905fffff,326.99,1.06,0.59,2026-08-20,1812,Terra,51.2,283.8,60.12,D,3,79,farmland,16.5,2.51,6.99,0,1,Agricultural Burn
FIRMS-IND-11251,31.36795,76.7444,883d143323fffff,302.46,0.97,1.2,2026-08-20,1916,Terra,78.3,270.0,3.22,D,1,85,waterbody,11.3,2.01,0.9,1,5,False Positive/Noise
FIRMS-IND-11252,24.52911,78.75621,883d9cb1c7fffff,367.75,0.68,1.07,2026-08-20,1322,Terra,85.1,350.04,115.32,D,2,79,forest,86.2,12.11,10.14,0,0,Wildfire
FIRMS-IND-11253,22.5477,85.4865,883caa02e9fffff,344.11,1.09,0.86,2026-08-20,1650,SNPP,74.2,309.02,29.59,N,55,90,mining,13.0,1.77,11.9,1,3,Mining Activity
FIRMS-IND-11254,22.64774,77.86544,883d932e1bfffff,349.15,1.12,0.92,2026-08-20,0552,NOAA-20,62.7,313.19,128.72,N,2,85,farmland,23.8,3.71,8.17,0,1,Agricultural Burn
FIRMS-IND-11255,21.03799,76.8541,886093b631fffff,372.32,0.98,0.68,2026-08-20,0957,SNPP,59.7,338.67,55.81,D,3,85,forest,92.9,10.38,19.89,0,0,Wildfire
FIRMS-IND-11256,30.23966,75.26752,88424bb70dfffff,335.33,0.41,0.91,2026-08-20,1932,SNPP,78.1,302.52,36.36,N,2,85,farmland,10.5,2.31,7.74,0,1,Agricultural Burn
FIRMS-IND-11257,23.0628,73.95901,8842c82539fffff,350.13,1.05,1.11,2026-08-20,0851,SNPP,89.9,322.32,15.44,D,45,90,mining,4.4,1.48,13.08,1,3,Mining Activity
FIRMS-IND-11258,30.69521,75.80805,8842492883fffff,350.48,1.05,0.82,2026-08-20,1328,Aqua,55.8,307.76,56.57,N,1,85,farmland,17.6,2.46,5.11,0,1,Agricultural Burn
FIRMS-IND-11259,30.40188,75.14518,8842494e55fffff,325.44,1.05,1.15,2026-08-20,1442,Terra,88.4,307.73,32.15,N,1,90,farmland,9.2,4.77,9.52,0,1,Agricultural Burn
FIRMS-IND-11260,30.76759,77.22877,883d1089c5fffff,313.59,0.54,0.78,2026-08-20,0041,Terra,90.9,276.81,7.78,D,1,90,farmland,14.9,4.98,5.41,0,1,Agricultural Burn
FIRMS-IND-11261,21.73383,78.41763,8860928a57fffff,350.88,0.35,0.78,2026-08-20,0248,NOAA-20,73.0,326.9,26.88,D,9,90,forest,77.6,22.78,16.16,0,0,Wildfire
FIRMS-IND-11262,21.79704,86.64644,883c8c3129fffff,341.46,0.77,1.03,2026-08-20,1006,NOAA-20,87.3,322.44,61.88,D,68,79,mining,0.8,0.7,10.46,1,3,Mining Activity
FIRMS-IND-11263,20.67305,80.23121,883cb62261fffff,303.63,0.57,0.65,2026-08-20,1850,NOAA-20,57.6,277.64,121.14,D,5,85,forest,92.9,28.89,17.98,0,0,Wildfire
FIRMS-IND-11264,21.90148,86.31944,883c8c1729fffff,342.05,1.0,0.35,2026-08-20,0216,NOAA-20,74.8,325.67,90.86,D,61,90,mining,15.3,0.62,13.89,1,3,Mining Activity
FIRMS-IND-11265,23.12939,77.57394,883d93b513fffff,309.42,0.52,0.49,2026-08-20,1237,SNPP,97.7,271.2,92.49,D,53,90,mining,8.5,2.72,7.91,1,3,Mining Activity
FIRMS-IND-11266,20.9207,78.80302,886096a223fffff,377.03,0.82,0.66,2026-08-20,0356,Terra,61.1,345.57,120.49,N,5,90,forest,94.9,24.22,9.5,0,0,Wildfire
FIRMS-IND-11267,21.93189,73.21046,8842ca0a49fffff,314.34,0.38,0.96,2026-08-20,2242,Aqua,89.5,296.66,197.09,D,78,90,industrial,7.9,0.54,4.92,2,2,Industrial/Gas Flare
FIRMS-IND-11268,22.12659,85.52923,883caa7aedfffff,356.45,0.48,0.57,2026-08-20,2128,Aqua,88.6,313.95,58.63,N,73,90,mining,6.7,0.39,7.41,1,3,Mining Activity
FIRMS-IND-11269,23.13744,85.37131,883ca859ddfffff,337.32,1.15,0.81,2026-08-20,1021,Terra,63.9,303.57,44.98,N,40,90,mining,18.4,2.67,12.95,1,3,Mining Activity
FIRMS-IND-11270,30.79034,75.61859,88424938c5fffff,310.38,0.44,0.58,2026-08-20,0305,NOAA-20,63.1,276.25,3.2,N,0,90,waterbody,30.4,14.45,0.34,1,5,False Positive/Noise
FIRMS-IND-11271,21.29401,78.29647,8860905aedfffff,350.53,0.59,0.36,2026-08-20,1715,SNPP,92.9,318.28,36.97,D,3,90,forest,75.8,5.23,16.47,0,0,Wildfire
FIRMS-IND-11272,22.12216,84.68892,883c852361fffff,304.06,0.91,0.75,2026-08-20,1610,Aqua,78.2,288.55,4.4,N,41,85,residential,1.4,0.4,3.32,1,4,Urban/Infrastructure
FIRMS-IND-11273,23.25724,79.43819,883d980915fffff,380.96,0.52,0.49,2026-08-20,0850,Terra,93.4,347.17,60.52,N,6,90,forest,88.8,7.6,10.94,0,0,Wildfire
FIRMS-IND-11274,22.65715,73.14933,8842c84315fffff,338.48,1.04,0.5,2026-08-20,0920,SNPP,61.7,319.1,154.22,D,69,85,industrial,1.0,0.36,3.09,2,2,Industrial/Gas Flare
FIRMS-IND-11275,30.04318,75.02251,88424b8edbfffff,303.94,0.94,0.97,2026-08-20,0922,SNPP,84.8,270.0,32.56,N,1,90,farmland,13.7,3.24,7.08,0,1,Agricultural Burn
FIRMS-IND-11276,31.5838,75.32085,883d324463fffff,301.4,0.95,0.55,2026-08-20,0706,SNPP,88.0,279.19,6.45,N,0,85,waterbody,19.4,3.08,0.88,1,5,False Positive/Noise
FIRMS-IND-11277,30.96991,75.84837,8842492645fffff,335.37,0.61,0.54,2026-08-20,0942,NOAA-20,84.2,302.3,15.91,N,4,90,farmland,14.3,3.76,8.72,0,1,Agricultural Burn
FIRMS-IND-11278,30.02771,76.01717,883d16cddbfffff,309.64,0.49,0.77,2026-08-20,0911,NOAA-20,53.3,270.0,28.86,N,2,90,farmland,11.0,1.94,4.91,0,1,Agricultural Burn
FIRMS-IND-11279,22.49118,84.6943,883c85a505fffff,328.84,1.08,0.89,2026-08-20,0029,SNPP,66.9,307.93,211.8,N,53,85,mining,6.0,1.98,6.78,1,3,Mining Activity
FIRMS-IND-11280,22.951,77.4212,883d93b8e5fffff,335.7,0.6,0.43,2026-08-20,1545,Terra,55.3,296.27,39.35,D,6,79,forest,63.0,25.51,16.12,0,0,Wildfire
FIRMS-IND-11281,30.04083,75.99805,883d16cc3bfffff,329.7,1.0,0.97,2026-08-20,0406,NOAA-20,56.6,303.21,13.55,N,4,79,farmland,21.1,1.74,7.39,0,1,Agricultural Burn
FIRMS-IND-11282,22.21509,73.13092,8842ca8d59fffff,315.74,0.42,1.07,2026-08-20,2057,SNPP,55.7,294.37,75.58,D,3,85,farmland,5.1,0.99,4.16,0,1,Agricultural Burn
FIRMS-IND-11283,22.83866,85.37074,883caa8565fffff,348.57,0.82,0.86,2026-08-20,1201,Aqua,89.2,320.57,37.42,D,42,90,mining,10.4,0.83,5.76,1,3,Mining Activity
FIRMS-IND-11284,30.33655,76.13418,883d161253fffff,305.64,0.36,0.47,2026-08-20,1917,SNPP,88.6,270.0,16.36,D,2,85,farmland,20.3,3.71,6.96,0,1,Agricultural Burn
FIRMS-IND-11285,22.4327,80.67633,883d9b6501fffff,376.15,1.08,1.05,2026-08-20,2155,NOAA-20,62.1,343.59,167.58,N,7,79,forest,62.5,25.71,10.7,0,0,Wildfire
FIRMS-IND-11286,29.74817,75.71403,88424b2e59fffff,339.72,0.47,0.81,2026-08-20,1531,Terra,50.6,298.13,11.56,D,1,79,farmland,11.7,3.34,1.62,0,1,Agricultural Burn
FIRMS-IND-11287,21.79806,86.25646,883c8c11a9fffff,310.66,0.7,1.06,2026-08-20,0701,SNPP,82.1,294.27,3.48,N,17,85,residential,8.7,0.11,2.79,1,4,Urban/Infrastructure
FIRMS-IND-11288,20.68307,85.26035,883c83a09bfffff,310.35,0.48,0.69,2026-08-20,1423,Aqua,54.8,294.96,8.4,D,29,90,residential,10.0,0.24,4.76,1,4,Urban/Infrastructure
FIRMS-IND-11289,22.53428,78.58532,883d9e69cbfffff,304.53,0.66,0.5,2026-08-20,0114,Terra,67.5,286.78,25.82,D,18,90,residential,10.7,0.53,4.85,1,4,Urban/Infrastructure
FIRMS-IND-11290,22.1949,85.01813,883c85248bfffff,337.23,1.06,0.69,2026-08-20,1049,NOAA-20,85.3,320.22,64.37,D,41,79,mining,19.4,1.74,4.37,1,3,Mining Activity
FIRMS-IND-11291,29.35188,76.10683,883da58c89fffff,326.05,0.62,1.15,2026-08-20,1128,SNPP,74.2,282.71,42.98,D,1,90,farmland,11.4,4.07,4.24,0,1,Agricultural Burn
FIRMS-IND-11292,22.36955,80.09649,883d9b4115fffff,321.76,0.69,0.53,2026-08-20,0446,Aqua,84.1,297.64,36.23,N,28,85,residential,10.1,0.09,1.78,1,4,Urban/Infrastructure
FIRMS-IND-11293,21.93719,84.07086,883c855757fffff,339.94,0.98,0.48,2026-08-20,0733,SNPP,60.9,297.17,81.66,D,46,90,mining,0.4,0.39,7.95,1,3,Mining Activity
FIRMS-IND-11294,30.81864,75.21469,884249004dfffff,327.91,0.48,0.84,2026-08-20,1350,Aqua,57.3,305.17,21.21,D,3,85,farmland,7.1,1.14,1.02,0,1,Agricultural Burn
FIRMS-IND-11295,21.54532,85.11786,883c8112bdfffff,332.71,0.54,1.15,2026-08-20,1425,Terra,85.0,312.47,220.76,D,38,90,mining,6.8,0.46,4.86,1,3,Mining Activity
FIRMS-IND-11296,22.44785,73.79163,8842cbd189fffff,359.82,1.16,1.16,2026-08-20,0427,Terra,83.1,317.67,123.56,D,67,85,industrial,5.7,0.69,0.93,2,2,Industrial/Gas Flare
FIRMS-IND-11297,30.20905,75.43935,88424ba647fffff,296.4,1.18,0.44,2026-08-20,0957,Aqua,87.3,277.86,58.82,D,1,79,farmland,5.4,1.11,6.93,0,1,Agricultural Burn
FIRMS-IND-11298,22.01974,79.64108,883d9a65a7fffff,362.82,0.51,0.98,2026-08-20,0906,SNPP,62.5,337.85,205.71,N,6,85,forest,87.9,8.3,4.24,0,0,Wildfire
FIRMS-IND-11299,22.415,72.57689,8842ce7441fffff,411.65,1.13,0.76,2026-08-20,1457,NOAA-20,69.1,396.32,160.24,D,76,90,industrial,2.6,0.9,6.83,2,2,Industrial/Gas Flare
FIRMS-IND-11300,31.15662,75.15733,884249858dfffff,405.76,0.43,0.47,2026-08-20,0712,Terra,54.8,374.04,188.34,D,3,79,forest,82.6,6.39,15.19,0,0,Wildfire
FIRMS-IND-11301,20.43181,81.10993,883cb0693bfffff,340.93,0.82,1.04,2026-08-20,0116,SNPP,75.5,296.85,36.92,N,3,85,forest,88.8,26.4,4.81,0,0,Wildfire
FIRMS-IND-11302,30.8124,73.83281,88424894a9fffff,330.65,0.49,0.65,2026-08-20,1237,Aqua,98.5,296.4,19.49,D,4,85,farmland,23.0,4.01,8.08,0,1,Agricultural Burn
FIRMS-IND-11303,22.44343,73.86263,8842cbc207fffff,367.17,1.1,1.19,2026-08-20,0525,Aqua,54.3,326.72,656.74,D,66,90,industrial,4.8,0.64,4.34,2,2,Industrial/Gas Flare
FIRMS-IND-11304,30.54888,75.15631,8842494647fffff,307.43,0.7,1.02,2026-08-20,0629,Terra,70.1,280.03,7.91,D,1,79,waterbody,37.9,19.4,0.94,1,5,False Positive/Noise
FIRMS-IND-11305,30.46632,74.82803,8842495145fffff,335.59,1.12,1.12,2026-08-20,1726,Aqua,66.7,299.41,68.64,N,1,90,farmland,17.9,1.16,4.08,0,1,Agricultural Burn
FIRMS-IND-11306,23.0102,72.83766,8842c8d199fffff,370.72,0.62,0.95,2026-08-20,0749,NOAA-20,99.8,329.65,237.64,D,71,85,industrial,8.4,1.28,2.27,2,2,Industrial/Gas Flare
FIRMS-IND-11307,30.18641,75.13999,88424bb313fffff,327.97,1.04,1.0,2026-08-20,1715,Terra,59.1,311.29,48.87,N,1,79,farmland,12.9,2.23,1.93,0,1,Agricultural Burn
FIRMS-IND-11308,21.83821,84.90432,883c8191d7fffff,315.97,1.13,0.37,2026-08-20,1547,Aqua,86.3,289.57,104.16,N,69,85,mining,13.8,0.58,9.03,1,3,Mining Activity
FIRMS-IND-11309,21.34922,72.0768,8842dd5553fffff,324.51,0.61,1.03,2026-08-20,1847,SNPP,64.3,301.15,7.57,D,36,85,residential,7.7,0.45,5.33,1,4,Urban/Infrastructure
FIRMS-IND-11310,22.13609,73.70226,8842ca352dfffff,402.6,0.96,0.8,2026-08-20,0936,Terra,52.7,371.71,59.97,D,81,90,industrial,4.3,1.48,2.12,2,2,Industrial/Gas Flare
FIRMS-IND-11311,28.89081,76.54335,883da5664dfffff,324.71,1.18,0.96,2026-08-20,0217,Terra,78.6,293.98,10.94,D,4,90,farmland,20.2,2.3,3.98,0,1,Agricultural Burn
FIRMS-IND-11312,28.64764,74.55181,883da4c283fffff,352.82,0.41,0.63,2026-08-20,0222,Terra,99.8,337.68,30.61,D,1,90,farmland,22.2,1.83,9.4,0,1,Agricultural Burn
FIRMS-IND-11313,22.16853,85.24876,883caa42e7fffff,318.62,0.61,0.67,2026-08-20,0818,Terra,82.8,288.29,60.07,D,63,85,mining,19.7,1.46,13.02,1,3,Mining Activity
FIRMS-IND-11314,23.39504,73.06023,8842c8956dfffff,349.78,0.68,0.93,2026-08-20,0431,Terra,64.2,321.01,247.57,N,75,90,industrial,3.4,1.04,7.75,2,2,Industrial/Gas Flare
FIRMS-IND-11315,30.02795,74.61611,88424b9a0dfffff,311.2,0.83,0.89,2026-08-20,0632,Aqua,66.9,280.26,131.67,N,1,85,farmland,5.3,2.16,3.32,0,1,Agricultural Burn
FIRMS-IND-11316,30.53288,76.39998,883d16bab9fffff,315.55,0.6,0.58,2026-08-20,1932,Terra,72.7,288.88,13.78,N,4,85,farmland,9.1,2.07,5.87,0,1,Agricultural Burn
FIRMS-IND-11317,21.58491,78.94054,886096715bfffff,339.07,1.04,1.05,2026-08-20,1253,NOAA-20,96.7,311.83,69.62,D,5,90,forest,67.2,16.53,10.84,0,0,Wildfire
FIRMS-IND-11318,22.34017,78.93808,883d9acecdfffff,372.94,0.37,0.44,2026-08-20,0353,SNPP,62.1,352.19,81.98,D,7,85,forest,92.7,28.94,13.15,0,0,Wildfire
FIRMS-IND-11319,22.98743,73.41672,8842c801d3fffff,388.17,0.74,0.85,2026-08-20,1848,Terra,50.5,349.38,71.2,D,87,90,industrial,2.9,1.35,1.86,2,2,Industrial/Gas Flare
FIRMS-IND-11320,22.36736,73.00539,8842ca8211fffff,357.98,1.01,0.94,2026-08-20,0127,SNPP,75.8,321.11,118.21,D,6,79,forest,60.5,21.33,11.38,0,0,Wildfire
FIRMS-IND-11321,21.12507,84.88947,883c8150a9fffff,339.29,0.88,1.06,2026-08-20,1850,Terra,54.8,308.94,17.36,D,47,79,mining,14.7,1.59,6.4,1,3,Mining Activity
FIRMS-IND-11322,29.98464,76.06461,883d165667fffff,322.76,0.4,0.97,2026-08-20,1614,SNPP,74.4,291.25,70.38,N,1,90,farmland,24.3,2.49,3.41,0,1,Agricultural Burn
FIRMS-IND-11323,22.11923,72.99216,8842ca8907fffff,343.23,0.69,0.41,2026-08-20,1434,Aqua,93.3,310.81,93.1,D,85,90,industrial,8.9,0.56,4.75,2,2,Industrial/Gas Flare
FIRMS-IND-11324,22.31248,72.99348,8842ca8069fffff,414.64,1.13,0.63,2026-08-20,2116,NOAA-20,96.9,378.77,89.04,D,71,85,industrial,6.6,1.25,3.31,2,2,Industrial/Gas Flare
FIRMS-IND-11325,21.77369,78.90529,88609679b9fffff,340.86,0.98,0.4,2026-08-20,0730,SNPP,83.6,318.75,112.87,N,2,85,forest,63.1,10.81,6.78,0,0,Wildfire
FIRMS-IND-11326,21.06836,79.15092,8860968f05fffff,336.6,0.73,0.48,2026-08-20,2152,Aqua,58.0,312.31,164.6,D,3,85,forest,68.2,29.37,14.3,0,0,Wildfire
FIRMS-IND-11327,21.36242,80.18032,883cb47ad5fffff,374.95,0.46,1.04,2026-08-20,2004,NOAA-20,65.5,353.31,49.46,D,9,90,forest,62.8,15.65,12.08,0,0,Wildfire
FIRMS-IND-11328,31.53935,76.58514,883d14aa69fffff,305.19,0.68,0.46,2026-08-20,0636,SNPP,51.7,270.0,31.79,N,42,90,mining,1.4,0.31,11.98,1,3,Mining Activity
FIRMS-IND-11329,21.17971,84.40871,883c8032a9fffff,344.71,1.05,0.71,2026-08-20,1330,Aqua,91.4,320.05,67.27,D,67,85,mining,11.7,1.07,10.91,1,3,Mining Activity
FIRMS-IND-11330,23.26558,81.07364,883ca6d589fffff,400.35,1.18,0.5,2026-08-20,1014,Aqua,90.5,361.14,25.7,D,1,90,forest,65.6,28.69,17.01,0,0,Wildfire
FIRMS-IND-11331,21.92571,72.99409,8842cacee7fffff,367.87,0.83,0.64,2026-08-20,2241,NOAA-20,81.0,334.33,105.7,N,76,85,industrial,7.9,0.72,5.93,2,2,Industrial/Gas Flare
FIRMS-IND-11332,21.50697,77.42315,886093d597fffff,340.65,1.07,0.53,2026-08-20,1308,Aqua,64.3,298.87,49.39,N,9,90,forest,85.4,17.02,12.46,0,0,Wildfire
FIRMS-IND-11333,22.52741,79.23355,883d9a1731fffff,355.77,0.36,0.78,2026-08-20,1443,NOAA-20,60.2,335.0,31.75,D,3,85,forest,63.0,23.06,5.94,0,0,Wildfire
FIRMS-IND-11334,30.18553,76.39702,883d16009dfffff,335.98,0.57,0.56,2026-08-20,1720,Aqua,61.6,318.99,41.96,D,8,90,forest,91.2,18.01,8.91,0,0,Wildfire
FIRMS-IND-11335,30.47259,75.73414,88424965a9fffff,300.98,1.11,0.89,2026-08-20,0207,NOAA-20,89.2,270.0,13.05,N,1,90,farmland,10.9,0.7,7.54,0,1,Agricultural Burn
FIRMS-IND-11336,29.96784,75.73673,883d16cb07fffff,332.93,0.74,0.88,2026-08-20,0410,Aqua,71.3,304.53,19.76,N,1,85,farmland,17.2,1.34,6.9,0,1,Agricultural Burn
FIRMS-IND-11337,21.1537,85.69803,883c8e9319fffff,339.37,0.53,1.12,2026-08-20,1910,Terra,86.9,304.72,13.05,D,3,85,farmland,6.3,2.5,4.09,0,1,Agricultural Burn
FIRMS-IND-11338,21.03047,86.21564,883c8eba95fffff,370.84,0.44,1.04,2026-08-20,0508,NOAA-20,61.6,336.77,24.3,N,58,85,mining,17.2,1.53,2.78,1,3,Mining Activity
FIRMS-IND-11339,30.54855,76.12705,883d168721fffff,388.1,0.84,1.1,2026-08-20,0356,NOAA-20,88.6,365.45,117.74,D,76,85,industrial,4.6,1.25,0.63,2,2,Industrial/Gas Flare
FIRMS-IND-11340,28.87855,76.73947,883da1933bfffff,310.81,1.17,1.16,2026-08-20,0052,SNPP,71.1,294.31,14.84,N,4,79,farmland,24.1,1.01,2.87,0,1,Agricultural Burn
FIRMS-IND-11341,21.20177,85.76034,883c8e92c1fffff,333.89,0.72,0.58,2026-08-20,1153,SNPP,90.9,303.47,248.16,D,67,85,mining,7.7,0.75,8.66,1,3,Mining Activity
FIRMS-IND-11342,22.42403,78.1358,8860927951fffff,361.77,0.7,0.58,2026-08-20,0741,NOAA-20,67.0,318.49,25.1,D,9,90,forest,61.1,19.85,17.85,0,0,Wildfire
FIRMS-IND-11343,31.57243,75.42323,883d3244a3fffff,338.13,0.46,0.38,2026-08-20,1612,SNPP,94.7,319.64,5.54,D,4,85,farmland,20.0,1.24,8.62,0,1,Agricultural Burn
FIRMS-IND-11344,22.3889,72.75642,8842ce66d5fffff,394.28,1.14,0.57,2026-08-20,0613,NOAA-20,81.1,377.88,86.99,D,77,85,industrial,7.7,1.17,4.37,2,2,Industrial/Gas Flare
FIRMS-IND-11345,29.13259,76.16605,883da50233fffff,302.88,0.54,0.53,2026-08-20,0304,Aqua,91.1,281.96,62.19,D,3,90,farmland,14.3,4.85,3.68,0,1,Agricultural Burn
FIRMS-IND-11346,22.181,72.63504,8842ce6f45fffff,384.65,0.58,0.8,2026-08-20,1402,Aqua,55.7,361.44,117.49,D,77,90,industrial,8.7,0.27,7.47,2,2,Industrial/Gas Flare
FIRMS-IND-11347,21.42459,79.30785,886096cc03fffff,292.96,0.8,1.08,2026-08-20,0205,SNPP,79.6,270.0,2.13,D,0,90,grassland,17.1,17.88,0.33,1,5,False Positive/Noise
FIRMS-IND-11348,30.29027,75.35725,88424bb6e3fffff,342.11,0.42,1.11,2026-08-20,1619,Terra,59.5,305.34,45.84,D,1,90,farmland,20.6,0.59,5.89,0,1,Agricultural Burn
FIRMS-IND-11349,24.64574,78.38825,883d9c9669fffff,310.32,1.06,1.18,2026-08-20,0303,SNPP,82.4,278.23,172.46,N,87,85,industrial,8.0,0.35,1.08,2,2,Industrial/Gas Flare
FIRMS-IND-11350,22.43309,72.93439,8842ca92b3fffff,408.58,0.48,1.18,2026-08-20,1539,Terra,90.3,364.82,175.41,N,74,90,industrial,0.5,1.43,6.44,2,2,Industrial/Gas Flare
FIRMS-IND-11351,23.08502,86.39382,883cab8851fffff,307.42,1.14,1.01,2026-08-20,1231,Aqua,65.3,282.97,7.36,N,29,90,residential,9.1,0.18,5.29,1,4,Urban/Infrastructure
FIRMS-IND-11352,21.67225,77.62406,886093d8e1fffff,384.77,0.97,0.51,2026-08-20,2150,Terra,54.3,353.35,37.84,D,9,90,forest,65.4,10.49,16.88,0,0,Wildfire
FIRMS-IND-11353,21.45395,84.48497,883c80a417fffff,371.86,0.69,0.58,2026-08-20,1558,NOAA-20,82.7,354.32,32.78,N,54,79,mining,18.6,0.69,13.48,1,3,Mining Activity
FIRMS-IND-11354,30.63645,75.60752,88424974c7fffff,336.97,0.96,0.39,2026-08-20,0616,NOAA-20,58.2,293.75,38.05,D,2,90,farmland,16.9,1.22,2.71,0,1,Agricultural Burn
FIRMS-IND-11355,21.37123,84.49699,883c81db49fffff,375.85,0.64,0.7,2026-08-20,1330,NOAA-20,68.7,337.6,17.57,N,71,79,mining,8.3,1.13,9.25,1,3,Mining Activity
FIRMS-IND-11356,23.68684,77.56353,883d9101cbfffff,427.67,1.18,0.62,2026-08-20,1632,Terra,87.3,400.3,149.68,N,7,85,forest,79.6,7.82,5.65,0,0,Wildfire
FIRMS-IND-11357,22.40666,73.3248,8842cab11bfffff,390.89,0.48,0.7,2026-08-20,0140,Terra,52.4,346.9,600.58,D,86,79,industrial,6.6,0.86,3.73,2,2,Industrial/Gas Flare
FIRMS-IND-11358,31.19428,75.00251,88424982b9fffff,356.83,0.99,0.39,2026-08-20,0420,SNPP,88.5,328.63,163.56,N,72,85,industrial,0.4,1.47,0.94,2,2,Industrial/Gas Flare
FIRMS-IND-11359,30.97221,76.97975,883d1464adfffff,302.85,0.85,0.8,2026-08-20,1206,Terra,87.9,270.0,12.96,N,2,79,farmland,24.6,3.73,3.25,0,1,Agricultural Burn
FIRMS-IND-11360,30.17528,75.93961,883d16c735fffff,319.72,1.05,0.69,2026-08-20,0919,SNPP,61.5,304.25,26.67,N,4,85,farmland,23.3,1.84,6.0,0,1,Agricultural Burn
FIRMS-IND-11361,21.69741,80.74485,883cb425b7fffff,341.18,0.44,0.58,2026-08-20,0708,SNPP,72.0,321.78,53.35,N,6,90,forest,88.8,22.64,14.28,0,0,Wildfire
FIRMS-IND-11362,22.07355,85.07972,883caa5807fffff,321.29,0.56,0.99,2026-08-20,2110,Aqua,59.8,283.23,50.28,D,36,90,mining,20.0,2.93,7.33,1,3,Mining Activity
FIRMS-IND-11363,22.78947,79.11407,883d9a876bfffff,381.54,0.53,0.87,2026-08-20,0348,Aqua,72.4,341.38,94.4,N,9,90,forest,66.6,26.66,15.33,0,0,Wildfire
FIRMS-IND-11364,22.64676,72.92413,8842ce25c1fffff,378.29,0.43,0.66,2026-08-20,0813,NOAA-20,51.3,349.8,85.75,N,75,90,industrial,6.5,1.36,7.33,2,2,Industrial/Gas Flare
FIRMS-IND-11365,23.47259,76.44723,883d90175bfffff,326.59,0.8,0.68,2026-08-20,0523,NOAA-20,85.1,305.28,20.78,D,6,90,forest,84.9,20.72,8.81,0,0,Wildfire
FIRMS-IND-11366,23.95117,81.03653,883d99352bfffff,361.55,0.66,1.08,2026-08-20,1655,NOAA-20,75.1,329.06,143.33,N,79,90,industrial,9.2,0.42,2.43,2,2,Industrial/Gas Flare
FIRMS-IND-11367,30.95975,75.26327,8842491401fffff,326.28,1.17,0.98,2026-08-20,1712,Terra,57.1,286.88,34.48,D,3,90,farmland,11.8,1.62,7.2,0,1,Agricultural Burn
FIRMS-IND-11368,30.73452,74.95969,884249ce91fffff,313.3,0.89,0.37,2026-08-20,2029,SNPP,97.4,277.8,11.09,D,2,79,farmland,11.7,3.89,3.44,0,1,Agricultural Burn
FIRMS-IND-11369,22.02784,84.56045,883c85396bfffff,321.48,0.75,0.97,2026-08-20,0811,SNPP,84.0,297.68,1.17,N,0,85,grassland,22.5,7.75,0.17,1,5,False Positive/Noise
FIRMS-IND-11370,22.07609,73.16007,8842ca1035fffff,388.16,0.39,0.51,2026-08-20,2007,Aqua,79.8,358.78,87.37,D,82,90,industrial,6.5,0.51,4.21,2,2,Industrial/Gas Flare
FIRMS-IND-11371,22.68079,73.41131,8842c84597fffff,371.09,0.87,0.51,2026-08-20,2028,SNPP,75.2,354.3,110.85,D,84,90,industrial,7.9,1.0,6.46,2,2,Industrial/Gas Flare
FIRMS-IND-11372,22.17659,74.47088,8842cb71e5fffff,314.97,1.02,0.51,2026-08-20,1545,Aqua,76.8,296.43,16.46,N,68,79,mining,8.2,1.93,13.7,1,3,Mining Activity
FIRMS-IND-11373,25.95606,77.26365,883d846f17fffff,303.23,0.8,0.88,2026-08-20,1729,SNPP,51.7,278.09,2.1,D,1,79,grassland,38.0,13.34,0.28,1,5,False Positive/Noise
FIRMS-IND-11374,21.75414,85.80548,883c8cc36dfffff,340.13,0.36,0.7,2026-08-20,0425,Aqua,54.7,316.04,92.19,D,32,79,mining,9.6,0.73,14.19,1,3,Mining Activity
FIRMS-IND-11375,30.55791,75.39684,8842497039fffff,331.71,0.45,0.57,2026-08-20,1621,SNPP,94.2,310.86,15.58,N,1,85,farmland,19.3,0.95,6.62,0,1,Agricultural Burn
FIRMS-IND-11376,22.33013,73.36382,8842cabab7fffff,376.72,0.73,1.02,2026-08-20,0723,NOAA-20,72.0,346.39,407.21,D,89,85,industrial,1.6,1.08,6.13,2,2,Industrial/Gas Flare
FIRMS-IND-11377,22.64669,78.95989,883d9a8a43fffff,360.6,1.03,0.73,2026-08-20,0717,SNPP,92.6,337.45,38.01,D,3,85,forest,94.3,14.26,19.27,0,0,Wildfire
FIRMS-IND-11378,22.01634,85.41289,883caa4ce3fffff,352.3,1.2,1.07,2026-08-20,2139,SNPP,73.4,319.69,48.47,N,34,90,mining,16.2,0.59,12.19,1,3,Mining Activity
FIRMS-IND-11379,21.65417,86.14326,883c8c1963fffff,306.98,0.37,0.74,2026-08-20,1420,NOAA-20,98.6,273.65,34.41,D,30,90,mining,16.8,0.23,13.3,1,3,Mining Activity
FIRMS-IND-11380,30.83206,75.90191,8842492ec9fffff,305.32,0.81,0.73,2026-08-20,0316,SNPP,62.0,286.48,22.29,N,4,90,farmland,19.7,4.9,1.33,0,1,Agricultural Burn
FIRMS-IND-11381,29.91041,73.97791,8842484e39fffff,326.67,0.95,0.52,2026-08-20,1831,SNPP,59.0,302.42,39.54,D,2,90,farmland,12.6,1.29,7.51,0,1,Agricultural Burn
FIRMS-IND-11382,21.91671,80.95674,883cb55667fffff,326.84,0.79,0.48,2026-08-20,2202,Terra,92.2,305.68,61.39,N,50,79,mining,19.6,1.04,2.09,1,3,Mining Activity
FIRMS-IND-11383,22.93448,74.05164,8842cb9605fffff,355.74,1.06,0.54,2026-08-20,0943,NOAA-20,73.2,332.56,119.57,N,68,79,industrial,8.2,0.75,2.18,2,2,Industrial/Gas Flare
FIRMS-IND-11384,21.29977,85.8093,883c812c11fffff,347.93,0.62,0.65,2026-08-20,1532,SNPP,94.7,331.25,124.1,D,39,85,mining,14.9,1.83,8.33,1,3,Mining Activity
FIRMS-IND-11385,22.39821,73.67898,8842cbda4dfffff,381.24,0.61,0.91,2026-08-20,0325,NOAA-20,52.6,336.46,144.51,D,68,79,industrial,3.5,0.24,4.57,2,2,Industrial/Gas Flare
FIRMS-IND-11386,29.94894,74.78076,88424b8a0bfffff,305.93,1.11,0.59,2026-08-20,0848,Terra,81.3,290.89,33.79,D,4,90,farmland,18.2,3.95,6.15,0,1,Agricultural Burn
FIRMS-IND-11387,22.323,80.75668,883d9b6cb1fffff,309.31,0.89,0.44,2026-08-20,0433,SNPP,56.8,285.6,7.23,N,1,79,waterbody,32.6,3.02,0.49,1,5,False Positive/Noise
FIRMS-IND-11388,31.09296,75.5473,884249af03fffff,322.86,0.65,0.48,2026-08-20,0956,Terra,88.6,304.66,104.47,D,1,79,farmland,9.6,1.13,2.81,0,1,Agricultural Burn
FIRMS-IND-11389,29.97604,75.96355,883d16cd31fffff,316.92,0.45,0.38,2026-08-20,1731,SNPP,59.9,287.58,64.71,D,4,90,farmland,13.0,3.06,6.03,0,1,Agricultural Burn
FIRMS-IND-11390,22.16027,72.40127,8842ce7909fffff,372.78,1.04,0.67,2026-08-20,0553,Aqua,52.1,348.62,64.72,D,65,90,industrial,5.5,0.74,1.5,2,2,Industrial/Gas Flare
FIRMS-IND-11391,22.32112,72.99792,8842ca8045fffff,462.61,0.75,1.05,2026-08-20,0729,NOAA-20,72.3,439.46,82.95,N,66,90,industrial,0.1,1.06,6.83,2,2,Industrial/Gas Flare
FIRMS-IND-11392,22.21203,79.57396,883d9a749bfffff,360.84,0.72,1.13,2026-08-20,0347,SNPP,68.8,345.71,274.58,N,3,85,forest,91.9,10.2,9.35,0,0,Wildfire
FIRMS-IND-11393,31.7155,76.38406,883d1486abfffff,313.37,0.48,0.46,2026-08-20,0841,SNPP,52.5,273.27,59.24,D,1,90,farmland,20.6,2.73,1.37,0,1,Agricultural Burn
FIRMS-IND-11394,32.21768,75.16995,883d328e41fffff,323.98,0.78,0.63,2026-08-20,0504,SNPP,58.3,284.59,52.7,D,4,90,farmland,16.5,1.79,6.97,0,1,Agricultural Burn
FIRMS-IND-11395,22.89673,72.74643,8842c8db13fffff,379.43,0.64,0.39,2026-08-20,0954,NOAA-20,83.5,362.41,456.18,D,87,90,industrial,0.5,0.41,2.34,2,2,Industrial/Gas Flare
FIRMS-IND-11396,30.00237,74.96829,88424b8e3bfffff,359.4,0.71,0.73,2026-08-20,1227,Terra,89.1,335.75,43.97,D,1,90,farmland,18.2,2.5,3.62,0,1,Agricultural Burn
FIRMS-IND-11397,29.34561,76.03093,883da58c47fffff,338.02,0.56,0.45,2026-08-20,0639,Terra,97.0,323.01,85.31,N,3,85,farmland,18.6,1.93,7.53,0,1,Agricultural Burn
FIRMS-IND-11398,22.59604,79.15835,883d9a8d13fffff,310.82,0.87,0.44,2026-08-20,2124,NOAA-20,75.8,288.68,25.89,D,8,90,forest,85.2,16.14,19.97,0,0,Wildfire
FIRMS-IND-11399,30.51536,75.56751,8842496287fffff,315.24,0.76,0.88,2026-08-20,0246,SNPP,90.7,292.0,10.78,N,4,90,farmland,16.3,3.9,8.74,0,1,Agricultural Burn
FIRMS-IND-11400,20.61428,78.99035,886094402bfffff,323.32,0.93,0.97,2026-08-20,1453,NOAA-20,74.6,305.03,49.71,D,7,90,forest,82.6,25.14,19.09,0,0,Wildfire
FIRMS-IND-11401,31.48277,74.62093,88424d2313fffff,325.6,0.77,1.09,2026-08-20,0557,Terra,93.1,302.39,16.83,N,2,79,farmland,13.8,3.05,2.61,0,1,Agricultural Burn
FIRMS-IND-11402,28.93971,77.32702,883da1b089fffff,335.41,0.67,0.96,2026-08-20,0339,NOAA-20,93.0,320.31,8.87,D,1,85,farmland,23.7,0.71,9.03,0,1,Agricultural Burn
FIRMS-IND-11403,30.77011,77.43785,883d101769fffff,376.66,0.92,0.58,2026-08-20,0852,SNPP,55.7,340.09,369.1,N,84,90,industrial,7.3,0.21,3.88,2,2,Industrial/Gas Flare
FIRMS-IND-11404,22.77197,79.34379,883d9abad9fffff,371.1,1.04,0.75,2026-08-20,0903,NOAA-20,59.6,334.34,230.13,D,7,90,forest,81.8,27.06,19.82,0,0,Wildfire
FIRMS-IND-11405,24.41411,79.35817,883d9dcf0bfffff,318.63,0.7,0.37,2026-08-20,1140,Aqua,77.2,278.37,42.13,N,62,90,mining,4.5,0.74,10.8,1,3,Mining Activity
FIRMS-IND-11406,22.30838,73.26998,8842cabb1bfffff,329.76,0.84,0.39,2026-08-20,2237,Terra,83.4,305.91,127.45,N,73,85,industrial,9.2,0.38,5.94,2,2,Industrial/Gas Flare
FIRMS-IND-11407,31.04166,75.78745,88424936a9fffff,338.18,1.03,0.57,2026-08-20,0442,SNPP,91.8,299.05,51.66,D,2,85,forest,87.1,24.2,11.46,0,0,Wildfire
FIRMS-IND-11408,22.80888,73.05262,8842c8cd23fffff,345.38,0.4,0.69,2026-08-20,0305,NOAA-20,78.5,304.02,183.04,D,70,90,industrial,10.0,1.16,6.01,2,2,Industrial/Gas Flare
FIRMS-IND-11409,22.25428,79.62937,883d9a2847fffff,353.6,0.42,0.51,2026-08-20,1428,Terra,81.2,329.27,28.87,D,38,85,mining,7.1,0.62,12.34,1,3,Mining Activity
FIRMS-IND-11410,23.25546,84.46417,883cae113bfffff,361.03,0.57,0.59,2026-08-20,0829,NOAA-20,88.5,337.62,91.5,D,50,79,mining,13.2,2.91,11.17,1,3,Mining Activity
FIRMS-IND-11411,22.14382,85.21843,883caa4041fffff,356.14,0.54,0.98,2026-08-20,2250,SNPP,59.1,322.41,71.56,D,37,79,mining,11.2,1.49,13.7,1,3,Mining Activity
FIRMS-IND-11412,31.40198,76.13302,883d14891dfffff,352.92,0.79,0.41,2026-08-20,0254,SNPP,65.3,335.98,212.01,D,79,79,industrial,1.3,0.46,1.28,2,2,Industrial/Gas Flare
FIRMS-IND-11413,22.03257,73.15514,8842ca1ad9fffff,339.56,0.81,0.87,2026-08-20,0747,SNPP,64.5,304.22,38.65,D,66,85,mining,13.4,0.93,10.28,1,3,Mining Activity
FIRMS-IND-11414,22.86207,79.57461,883d9aa645fffff,364.55,0.99,0.56,2026-08-20,2247,SNPP,83.3,338.0,78.15,N,7,90,forest,73.3,9.38,14.04,0,0,Wildfire
FIRMS-IND-11415,22.67135,73.52057,8842c878c9fffff,344.91,0.68,1.15,2026-08-20,0322,Aqua,59.3,328.98,77.33,N,52,85,mining,15.0,2.49,11.99,1,3,Mining Activity
FIRMS-IND-11416,22.45905,85.1242,883caace55fffff,316.8,0.63,0.72,2026-08-20,2028,Aqua,97.7,291.54,32.6,D,64,90,mining,13.9,2.59,4.54,1,3,Mining Activity
FIRMS-IND-11417,23.12797,85.42299,883ca84a41fffff,361.8,0.49,0.47,2026-08-20,0125,SNPP,69.4,328.7,32.8,D,70,85,mining,10.4,0.29,6.06,1,3,Mining Activity
FIRMS-IND-11418,31.32368,74.82292,88424d2d33fffff,339.49,0.88,0.69,2026-08-20,0901,Terra,79.5,303.29,32.43,N,1,90,farmland,5.8,0.75,4.14,0,1,Agricultural Burn
FIRMS-IND-11419,20.97131,77.72077,8860903b05fffff,308.22,1.19,0.83,2026-08-20,0343,Terra,84.1,281.06,57.51,D,6,85,forest,92.5,11.4,9.24,0,0,Wildfire
FIRMS-IND-11420,22.1192,73.22145,8842ca10d3fffff,350.72,0.44,0.87,2026-08-20,1848,SNPP,78.3,326.4,143.74,D,6,85,forest,77.2,17.16,13.68,0,0,Wildfire
FIRMS-IND-11421,29.90993,74.36996,8842486a9dfffff,370.67,0.94,0.53,2026-08-20,0819,SNPP,71.7,334.89,87.81,D,8,79,forest,68.2,7.24,4.57,0,0,Wildfire
FIRMS-IND-11422,21.03119,84.77131,883c815a07fffff,304.16,0.9,0.71,2026-08-20,1551,Terra,78.9,279.89,20.22,N,46,79,mining,5.5,2.44,10.71,1,3,Mining Activity
FIRMS-IND-11423,21.57682,85.38747,883c81a953fffff,310.79,0.68,0.59,2026-08-20,0532,NOAA-20,69.8,270.0,10.13,D,1,85,farmland,13.9,2.69,3.14,0,1,Agricultural Burn
FIRMS-IND-11424,22.76814,78.59961,883d9e6217fffff,373.75,0.93,0.93,2026-08-20,1604,Terra,79.3,346.96,125.16,D,6,85,forest,73.4,7.54,12.9,0,0,Wildfire
FIRMS-IND-11425,29.59206,76.02937,883d16496bfffff,329.8,0.63,0.78,2026-08-20,0756,Aqua,72.3,305.08,40.61,N,2,90,farmland,13.1,1.74,3.74,0,1,Agricultural Burn
FIRMS-IND-11426,22.20865,73.46275,8842caa831fffff,391.49,1.16,1.18,2026-08-20,1658,Terra,90.9,373.81,98.01,D,71,90,industrial,8.7,1.0,4.3,2,2,Industrial/Gas Flare
FIRMS-IND-11427,30.62373,75.27612,88424909d1fffff,347.05,0.7,1.12,2026-08-20,1823,Aqua,83.2,330.35,25.38,D,62,79,mining,2.3,1.08,3.18,1,3,Mining Activity
FIRMS-IND-11428,23.87124,78.85701,883d9c7539fffff,358.53,0.85,1.01,2026-08-20,2211,NOAA-20,65.5,329.17,95.14,D,9,85,forest,85.5,24.34,18.65,0,0,Wildfire
FIRMS-IND-11429,20.13104,79.83268,8860b249a3fffff,336.27,0.37,0.82,2026-08-20,0032,NOAA-20,85.2,315.45,24.76,D,2,85,farmland,14.6,4.16,4.46,0,1,Agricultural Burn
FIRMS-IND-11430,22.11186,85.30244,883caa40a3fffff,353.4,0.57,0.73,2026-08-20,0618,Aqua,95.2,310.21,29.8,D,65,90,mining,0.6,0.59,3.1,1,3,Mining Activity
FIRMS-IND-11431,31.14619,76.71899,883d147655fffff,346.86,0.81,0.57,2026-08-20,1845,NOAA-20,64.8,302.59,98.26,N,67,79,mining,0.5,2.13,6.05,1,3,Mining Activity
FIRMS-IND-11432,22.92171,75.08244,883d96c627fffff,318.84,0.56,0.6,2026-08-20,0228,Aqua,98.9,290.44,2.48,D,32,79,residential,12.3,0.18,4.81,1,4,Urban/Infrastructure
FIRMS-IND-11433,21.97752,73.86472,8842ca2c07fffff,377.06,0.81,0.86,2026-08-20,0212,Aqua,86.0,343.25,497.02,N,87,90,industrial,2.8,0.37,5.71,2,2,Industrial/Gas Flare
FIRMS-IND-11434,21.85821,74.33804,88609b41b7fffff,397.78,1.03,0.71,2026-08-20,1758,SNPP,88.3,359.06,114.83,N,85,85,industrial,6.8,0.72,7.4,2,2,Industrial/Gas Flare
FIRMS-IND-11435,22.01048,72.89637,8842cac2bbfffff,377.47,0.89,0.63,2026-08-20,2002,Terra,67.4,333.6,54.56,D,81,85,industrial,1.2,1.22,4.22,2,2,Industrial/Gas Flare
FIRMS-IND-11436,29.70828,76.73625,883d166d11fffff,301.0,0.38,0.56,2026-08-20,0513,NOAA-20,96.0,279.02,7.53,D,3,90,farmland,10.0,0.51,3.01,0,1,Agricultural Burn
FIRMS-IND-11437,30.89901,75.40981,8842490637fffff,312.73,0.94,0.52,2026-08-20,1520,Terra,60.9,278.63,48.8,N,2,79,farmland,22.0,2.35,7.48,0,1,Agricultural Burn
FIRMS-IND-11438,21.28335,73.18369,8842d9b941fffff,437.2,0.44,0.61,2026-08-20,2241,Aqua,91.1,416.02,106.01,N,89,85,industrial,6.7,0.91,6.96,2,2,Industrial/Gas Flare
FIRMS-IND-11439,22.09618,73.58851,8842ca3117fffff,297.81,0.54,0.66,2026-08-20,1129,Terra,57.4,270.0,2.41,N,1,90,waterbody,13.8,13.1,0.25,1,5,False Positive/Noise
FIRMS-IND-11440,23.32506,80.29842,883d994865fffff,303.26,0.8,0.35,2026-08-20,2221,NOAA-20,77.1,281.65,4.4,N,26,85,residential,13.9,0.7,1.12,1,4,Urban/Infrastructure
FIRMS-IND-11441,21.30612,78.3278,8860905a2bfffff,353.85,0.83,1.07,2026-08-20,2035,NOAA-20,53.9,323.42,59.77,N,6,90,forest,91.4,10.1,9.49,0,0,Wildfire
FIRMS-IND-11442,22.0265,78.37185,8860921b59fffff,377.6,0.47,0.76,2026-08-20,1143,NOAA-20,92.6,348.95,179.83,D,1,90,forest,74.3,25.52,16.83,0,0,Wildfire
FIRMS-IND-11443,22.8664,73.02145,8842c8cf39fffff,378.96,0.51,1.0,2026-08-20,1303,NOAA-20,97.1,333.96,148.98,N,75,90,industrial,9.8,1.26,5.96,2,2,Industrial/Gas Flare
FIRMS-IND-11444,22.43571,85.2555,883caa1b07fffff,324.99,1.04,0.71,2026-08-20,0743,Aqua,50.7,282.98,29.04,D,68,90,mining,5.9,0.88,6.22,1,3,Mining Activity
FIRMS-IND-11445,20.05998,79.86547,8860b24807fffff,347.75,0.95,1.06,2026-08-20,2047,Aqua,79.7,316.6,165.82,N,8,90,forest,66.4,25.05,9.41,0,0,Wildfire
FIRMS-IND-11446,31.14595,75.80236,883d14d831fffff,313.11,0.82,1.19,2026-08-20,1947,Terra,56.6,279.88,50.59,N,3,85,farmland,6.9,2.18,4.81,0,1,Agricultural Burn
FIRMS-IND-11447,22.32231,84.98676,883caac82bfffff,334.84,0.4,0.74,2026-08-20,1519,SNPP,58.8,309.62,82.39,D,48,85,mining,17.8,2.26,13.74,1,3,Mining Activity
FIRMS-IND-11448,22.39746,86.24433,883cab59c7fffff,313.16,0.4,1.14,2026-08-20,1751,SNPP,68.9,270.0,16.98,D,60,90,mining,17.7,1.37,6.5,1,3,Mining Activity
FIRMS-IND-11449,21.89503,73.08008,8842ca196dfffff,381.57,1.17,0.99,2026-08-20,2108,SNPP,99.4,364.57,55.54,N,83,85,industrial,3.9,0.37,7.73,2,2,Industrial/Gas Flare
FIRMS-IND-11450,22.37263,85.46653,883caa0aa9fffff,318.8,1.15,0.76,2026-08-20,1951,SNPP,70.5,280.35,80.93,D,3,90,farmland,15.7,2.65,4.98,0,1,Agricultural Burn
FIRMS-IND-11451,22.69977,84.73425,883cae6b17fffff,346.82,0.88,0.85,2026-08-20,1109,NOAA-20,65.4,323.43,24.68,D,59,85,mining,18.2,1.63,4.05,1,3,Mining Activity
FIRMS-IND-11452,21.77166,85.80422,883c8cda93fffff,334.48,1.01,0.88,2026-08-20,0506,NOAA-20,69.4,310.29,98.55,D,58,85,mining,15.1,1.29,12.72,1,3,Mining Activity
FIRMS-IND-11453,22.10678,84.57709,883c853a25fffff,360.95,0.65,0.74,2026-08-20,1322,Aqua,92.9,322.13,80.97,N,34,85,mining,1.4,1.17,14.73,1,3,Mining Activity
FIRMS-IND-11454,21.44759,85.20986,883c8102e1fffff,332.64,0.98,0.38,2026-08-20,1847,NOAA-20,78.4,314.95,35.59,N,30,90,mining,8.8,2.94,6.93,1,3,Mining Activity
FIRMS-IND-11455,21.46781,85.48793,883c813143fffff,350.67,0.76,0.93,2026-08-20,1226,SNPP,70.7,318.16,20.14,D,53,90,mining,15.6,1.67,14.44,1,3,Mining Activity
FIRMS-IND-11456,30.91989,74.02379,88424d48d3fffff,324.53,1.17,1.07,2026-08-20,0618,SNPP,87.0,307.29,8.57,D,2,79,farmland,18.8,3.91,2.23,0,1,Agricultural Burn
FIRMS-IND-11457,22.06071,84.68725,883c8538a3fffff,311.55,1.0,0.86,2026-08-20,0003,Aqua,90.8,289.87,3.89,D,0,90,grassland,36.7,12.07,0.92,1,5,False Positive/Noise
FIRMS-IND-11458,28.88502,76.14382,883da5093bfffff,286.32,0.59,0.43,2026-08-20,0636,SNPP,66.1,270.0,37.97,N,3,85,farmland,9.8,3.92,8.85,0,1,Agricultural Burn
FIRMS-IND-11459,22.91252,73.96712,8842c82de5fffff,403.89,0.94,0.75,2026-08-20,1839,NOAA-20,57.6,361.44,228.2,D,71,90,industrial,5.2,0.86,3.18,2,2,Industrial/Gas Flare
FIRMS-IND-11460,21.89864,79.70958,883cb4d6ebfffff,336.3,0.86,0.98,2026-08-20,0646,Aqua,63.6,304.14,141.85,D,4,90,forest,79.7,23.57,13.76,0,0,Wildfire
FIRMS-IND-11461,22.826,73.69631,8842c875d3fffff,354.24,0.4,1.04,2026-08-20,1809,NOAA-20,72.4,320.22,281.34,D,78,90,industrial,4.6,1.36,5.38,2,2,Industrial/Gas Flare
FIRMS-IND-11462,30.86584,75.9394,88424925ebfffff,330.6,0.64,0.77,2026-08-20,0926,NOAA-20,83.2,293.98,14.91,D,4,79,farmland,20.9,1.98,4.22,0,1,Agricultural Burn
FIRMS-IND-11463,21.01903,84.60538,883c802e59fffff,347.97,0.79,0.54,2026-08-20,1953,Aqua,66.1,318.15,71.23,D,34,90,mining,10.7,0.3,10.36,1,3,Mining Activity
FIRMS-IND-11464,22.69807,85.64085,883caaab3bfffff,358.46,1.09,1.14,2026-08-20,1422,SNPP,61.2,326.62,35.64,D,54,90,mining,1.4,0.56,3.46,1,3,Mining Activity
FIRMS-IND-11465,31.47074,74.32266,88424d0425fffff,344.27,0.43,0.64,2026-08-20,1833,SNPP,53.1,300.72,35.44,N,1,85,farmland,8.1,4.15,1.62,0,1,Agricultural Burn
FIRMS-IND-11466,30.57631,75.34308,8842497227fffff,289.2,0.64,0.49,2026-08-20,1626,NOAA-20,84.1,270.0,13.23,D,4,90,farmland,20.4,3.8,6.3,0,1,Agricultural Burn
FIRMS-IND-11467,20.11617,77.92369,8860955567fffff,304.81,0.91,0.45,2026-08-20,1822,Terra,96.2,279.49,39.91,D,41,79,residential,4.1,0.79,2.35,1,4,Urban/Infrastructure
FIRMS-IND-11468,22.44408,85.95759,883caa218dfffff,329.91,0.53,0.94,2026-08-20,1756,SNPP,76.0,302.63,118.2,D,5,79,forest,87.3,25.77,16.56,0,0,Wildfire
FIRMS-IND-11469,21.65718,78.48775,8860929a87fffff,356.07,0.93,0.88,2026-08-20,0619,Aqua,91.0,320.31,150.44,D,5,90,forest,77.6,7.35,13.48,0,0,Wildfire
FIRMS-IND-11470,23.7301,78.88699,883d9c6195fffff,351.93,0.68,0.85,2026-08-20,1454,SNPP,55.5,317.76,65.08,D,4,90,forest,88.9,22.57,9.55,0,0,Wildfire
FIRMS-IND-11471,21.5146,85.02099,883c81130bfffff,352.92,1.01,0.55,2026-08-20,1826,NOAA-20,59.7,335.63,169.98,D,34,79,mining,14.7,1.27,3.12,1,3,Mining Activity
FIRMS-IND-11472,22.54166,73.98866,8842cbd4bdfffff,359.84,1.15,0.68,2026-08-20,2255,SNPP,71.7,328.6,78.79,N,72,90,industrial,5.9,0.89,5.32,2,2,Industrial/Gas Flare
FIRMS-IND-11473,22.52241,73.15078,8842c84b13fffff,390.28,0.55,0.63,2026-08-20,2252,NOAA-20,80.8,350.83,313.62,D,66,85,industrial,4.0,0.88,3.52,2,2,Industrial/Gas Flare
FIRMS-IND-11474,22.45918,78.69803,883d9ad007fffff,417.68,0.98,0.4,2026-08-20,2058,Terra,85.0,375.44,62.39,D,81,85,industrial,2.5,1.41,2.2,2,2,Industrial/Gas Flare
FIRMS-IND-11475,21.65974,73.0083,8842ca5a95fffff,379.7,0.88,0.42,2026-08-20,0419,NOAA-20,80.2,350.39,158.75,D,71,90,industrial,9.3,0.25,5.97,2,2,Industrial/Gas Flare
FIRMS-IND-11476,20.8164,85.60355,883c8ed707fffff,338.95,0.65,0.58,2026-08-20,0801,SNPP,66.6,315.55,71.21,N,32,79,mining,5.8,0.96,6.53,1,3,Mining Activity
FIRMS-IND-11477,21.64587,85.06011,883c818f3dfffff,319.35,0.93,0.67,2026-08-20,1521,NOAA-20,97.1,292.7,63.37,N,46,85,mining,1.5,1.87,13.28,1,3,Mining Activity
FIRMS-IND-11478,19.25827,77.14498,8860866d17fffff,332.92,0.87,0.69,2026-08-20,1554,Aqua,85.0,309.12,91.77,D,4,79,forest,93.8,22.53,13.9,0,0,Wildfire
FIRMS-IND-11479,30.53492,75.69375,884249640dfffff,337.23,0.38,1.16,2026-08-20,1822,Aqua,54.8,310.79,64.24,N,1,85,farmland,22.1,2.01,3.67,0,1,Agricultural Burn
FIRMS-IND-11480,22.20127,79.82792,883cb4976dfffff,312.9,0.91,0.56,2026-08-20,1819,Aqua,53.0,277.56,3.72,D,1,90,grassland,9.2,11.29,0.72,1,5,False Positive/Noise
FIRMS-IND-11481,21.97821,85.41341,883caa4d95fffff,331.9,0.7,0.78,2026-08-20,0313,NOAA-20,56.5,315.8,37.52,N,55,90,mining,9.1,2.46,12.18,1,3,Mining Activity
FIRMS-IND-11482,22.17607,85.9755,883c8c9163fffff,324.98,0.84,0.89,2026-08-20,1751,Terra,83.2,300.68,68.34,D,34,90,mining,15.1,1.67,6.21,1,3,Mining Activity
FIRMS-IND-11483,21.94701,77.17042,8860934515fffff,354.39,0.89,0.92,2026-08-20,0419,Terra,64.9,320.69,241.15,N,4,79,forest,70.2,24.43,8.63,0,0,Wildfire
FIRMS-IND-11484,22.8031,79.90189,883d9bc233fffff,348.09,1.06,0.54,2026-08-20,2252,NOAA-20,67.8,318.42,59.18,N,6,79,forest,61.9,24.01,12.8,0,0,Wildfire
FIRMS-IND-11485,22.01593,84.70887,883c852a2bfffff,344.17,1.04,1.05,2026-08-20,1617,Terra,86.5,309.01,42.66,D,35,85,mining,10.0,2.02,14.43,1,3,Mining Activity
FIRMS-IND-11486,21.18168,73.47225,8842d932e3fffff,385.42,0.48,0.86,2026-08-20,0053,SNPP,87.1,340.86,114.05,D,88,79,industrial,8.9,0.41,7.92,2,2,Industrial/Gas Flare
FIRMS-IND-11487,21.8272,85.22993,883c81848bfffff,329.11,0.95,1.19,2026-08-20,0431,NOAA-20,89.4,301.09,19.03,D,71,79,mining,5.6,2.05,10.56,1,3,Mining Activity
FIRMS-IND-11488,31.53241,74.51669,88424d31cdfffff,319.4,1.1,1.12,2026-08-20,1234,Aqua,80.8,276.28,31.88,D,1,85,farmland,23.4,3.1,7.55,0,1,Agricultural Burn
FIRMS-IND-11489,21.53254,73.85621,88609b2b5bfffff,429.79,0.87,0.51,2026-08-20,1635,Terra,80.1,385.67,349.57,D,73,85,industrial,6.3,0.66,1.9,2,2,Industrial/Gas Flare
FIRMS-IND-11490,20.91081,79.44271,883cb69b3bfffff,345.09,0.75,0.98,2026-08-20,0756,SNPP,78.3,320.29,227.27,N,3,90,forest,84.2,21.49,3.24,0,0,Wildfire
FIRMS-IND-11491,23.65493,76.223,883d9082edfffff,379.2,0.73,1.09,2026-08-20,2152,Terra,63.7,339.4,57.87,D,5,79,forest,86.6,14.38,12.65,0,0,Wildfire
FIRMS-IND-11492,29.57957,74.76817,88424bcc63fffff,342.99,0.41,0.91,2026-08-20,1634,Aqua,63.7,302.56,74.41,D,1,90,farmland,20.5,4.26,5.43,0,1,Agricultural Burn
FIRMS-IND-11493,21.56333,78.10599,886092b14bfffff,348.0,0.62,0.6,2026-08-20,1920,NOAA-20,99.7,328.04,117.12,N,4,90,forest,60.8,18.98,13.92,0,0,Wildfire
FIRMS-IND-11494,29.81187,76.13832,883d164013fffff,325.67,1.03,0.38,2026-08-20,2027,Terra,72.1,285.18,27.58,D,1,85,farmland,17.4,3.12,2.84,0,1,Agricultural Burn
FIRMS-IND-11495,30.5737,74.35166,884248ad45fffff,359.26,1.11,1.19,2026-08-20,1141,Aqua,89.0,332.48,101.67,D,72,85,industrial,1.2,1.49,1.85,2,2,Industrial/Gas Flare
FIRMS-IND-11496,22.10181,73.34331,8842ca15bdfffff,335.5,0.45,0.43,2026-08-20,0822,Terra,67.7,298.89,38.18,N,4,90,farmland,22.7,1.03,2.29,0,1,Agricultural Burn
FIRMS-IND-11497,20.35002,80.3654,883cb29021fffff,372.49,0.85,1.05,2026-08-20,2231,SNPP,79.4,332.71,41.9,D,4,90,forest,88.8,22.44,4.3,0,0,Wildfire
FIRMS-IND-11498,31.647,73.5973,88426b6c9dfffff,339.29,0.89,0.92,2026-08-20,1916,Terra,72.6,309.36,13.99,D,3,90,farmland,9.7,3.29,1.16,0,1,Agricultural Burn
FIRMS-IND-11499,22.94894,84.65054,883cae7333fffff,327.16,0.55,0.86,2026-08-20,1501,NOAA-20,69.6,286.27,25.33,N,74,90,mining,13.1,1.45,10.89,1,3,Mining Activity
FIRMS-IND-11500,22.51586,85.40748,883caa035dfffff,324.34,0.83,0.5,2026-08-20,1832,Aqua,64.8,294.09,25.1,D,23,85,residential,4.9,0.66,3.01,1,4,Urban/Infrastructure
FIRMS-IND-11501,23.69691,79.09364,883d98990bfffff,340.58,1.04,0.75,2026-08-20,0624,SNPP,72.4,305.1,117.29,N,8,79,forest,63.0,22.63,15.51,0,0,Wildfire
FIRMS-IND-11502,29.37819,76.10098,883da58eb3fffff,309.21,0.76,0.6,2026-08-20,2204,NOAA-20,75.1,273.25,6.15,D,3,85,farmland,11.5,4.56,9.44,0,1,Agricultural Burn
FIRMS-IND-11503,22.44291,78.49533,88609259d7fffff,349.63,1.0,0.53,2026-08-20,2034,NOAA-20,99.0,312.68,98.94,N,3,85,forest,90.8,9.98,8.99,0,0,Wildfire
FIRMS-IND-11504,22.50119,79.99976,883d9b503dfffff,351.56,0.9,0.37,2026-08-20,0547,Terra,53.9,319.11,47.2,N,5,90,forest,82.8,7.52,17.38,0,0,Wildfire
FIRMS-IND-11505,21.5405,72.66131,8842dd2a13fffff,363.32,0.63,0.64,2026-08-20,1728,Aqua,87.5,320.59,62.77,N,87,79,industrial,5.2,1.2,4.55,2,2,Industrial/Gas Flare
FIRMS-IND-11506,22.14601,85.70029,883caa6057fffff,366.41,1.14,0.95,2026-08-20,1930,NOAA-20,70.4,336.92,72.66,N,54,90,mining,5.8,1.87,14.09,1,3,Mining Activity
FIRMS-IND-11507,23.09655,72.68095,8842cc69ddfffff,288.68,0.92,0.97,2026-08-20,2227,SNPP,66.4,270.0,79.21,D,75,85,industrial,2.9,0.4,4.52,2,2,Industrial/Gas Flare
FIRMS-IND-11508,21.46577,85.22152,883c8102c7fffff,328.67,0.7,0.74,2026-08-20,2018,NOAA-20,71.9,309.52,70.22,D,53,90,mining,3.7,1.37,8.01,1,3,Mining Activity
FIRMS-IND-11509,31.93546,75.73882,883d323a81fffff,321.18,0.46,0.57,2026-08-20,1912,Terra,51.2,296.62,21.88,D,4,90,farmland,10.5,2.99,6.54,0,1,Agricultural Burn
FIRMS-IND-11510,22.98243,73.58505,8842c83b6bfffff,353.21,0.41,0.48,2026-08-20,1837,NOAA-20,86.4,311.24,85.76,N,86,85,industrial,7.2,1.14,2.59,2,2,Industrial/Gas Flare
FIRMS-IND-11511,29.77194,75.19628,88424b076bfffff,320.91,1.18,1.2,2026-08-20,2251,Aqua,56.7,284.12,7.94,N,2,90,farmland,20.1,2.99,9.44,0,1,Agricultural Burn
FIRMS-IND-11512,22.03708,85.10045,883caa5989fffff,363.56,0.96,0.59,2026-08-20,1715,Terra,89.3,331.11,31.26,N,47,85,mining,9.8,0.8,13.79,1,3,Mining Activity
FIRMS-IND-11513,21.0828,77.51521,88609029cbfffff,339.9,0.81,0.89,2026-08-20,1028,Aqua,94.2,308.21,46.97,D,2,79,forest,64.2,16.37,10.74,0,0,Wildfire
FIRMS-IND-11514,21.08127,79.18222,88609688d9fffff,355.09,1.04,1.18,2026-08-20,2204,Terra,76.0,335.1,26.57,N,5,85,forest,83.3,12.64,7.54,0,0,Wildfire
FIRMS-IND-11515,31.13603,76.69454,883d147645fffff,317.15,0.41,0.81,2026-08-20,1134,SNPP,51.0,292.42,2.09,N,28,90,residential,8.7,0.09,4.9,1,4,Urban/Infrastructure
FIRMS-IND-11516,22.11151,73.37644,8842ca0661fffff,334.72,0.62,0.4,2026-08-20,2202,NOAA-20,50.6,301.34,228.56,N,67,79,industrial,1.8,1.2,2.0,2,2,Industrial/Gas Flare
FIRMS-IND-11517,30.86238,75.34833,8842490701fffff,347.6,0.79,1.17,2026-08-20,1117,SNPP,56.9,331.3,26.95,D,1,85,farmland,21.7,3.45,3.99,0,1,Agricultural Burn
FIRMS-IND-11518,20.63753,84.8434,883c838e1bfffff,343.71,0.35,1.11,2026-08-20,0637,Aqua,68.7,316.64,35.02,D,52,85,mining,7.9,1.59,5.19,1,3,Mining Activity
FIRMS-IND-11519,21.48654,85.44177,883c8104dbfffff,304.58,0.56,0.46,2026-08-20,0250,SNPP,65.6,288.81,35.82,D,62,90,mining,2.1,1.46,3.63,1,3,Mining Activity
FIRMS-IND-11520,23.2105,77.09303,883d93964dfffff,418.79,1.19,0.77,2026-08-20,1100,Terra,53.3,403.12,50.88,N,8,79,forest,87.4,16.55,19.22,0,0,Wildfire
FIRMS-IND-11521,22.93881,73.30616,8842c818b1fffff,374.95,0.44,0.89,2026-08-20,1433,NOAA-20,86.5,347.54,84.21,D,84,90,industrial,7.0,1.3,1.16,2,2,Industrial/Gas Flare
FIRMS-IND-11522,21.92559,73.31729,8842ca0a95fffff,393.03,1.19,0.45,2026-08-20,0352,Terra,70.8,370.86,239.21,N,66,90,industrial,9.6,1.48,6.15,2,2,Industrial/Gas Flare
FIRMS-IND-11523,30.06587,75.47333,88424bae13fffff,308.05,0.64,0.51,2026-08-20,1457,Aqua,62.8,282.33,8.84,D,35,85,residential,13.8,0.51,4.61,1,4,Urban/Infrastructure
FIRMS-IND-11524,21.37565,85.60287,883c812335fffff,326.48,0.49,1.16,2026-08-20,2221,NOAA-20,82.6,289.36,15.48,D,40,90,mining,7.7,0.61,2.58,1,3,Mining Activity
FIRMS-IND-11525,29.63847,76.01502,883d164b01fffff,322.25,0.92,1.07,2026-08-20,0042,SNPP,84.4,288.62,51.29,D,3,85,farmland,6.7,1.02,9.55,0,1,Agricultural Burn
FIRMS-IND-11526,21.95336,73.04946,8842ca1b45fffff,358.35,0.99,1.09,2026-08-20,0424,NOAA-20,78.3,338.07,146.82,D,86,90,industrial,6.4,1.03,7.32,2,2,Industrial/Gas Flare
FIRMS-IND-11527,23.30056,78.53131,883d9eaa65fffff,329.06,0.81,0.9,2026-08-20,2136,SNPP,77.1,304.43,52.64,D,61,90,mining,13.6,2.18,13.03,1,3,Mining Activity
FIRMS-IND-11528,22.34339,72.61114,8842ce62dbfffff,363.23,0.65,0.36,2026-08-20,1756,SNPP,82.2,322.11,18.8,N,40,90,mining,15.9,2.0,12.43,1,3,Mining Activity
FIRMS-IND-11529,30.91244,75.21876,8842491547fffff,348.02,0.66,1.08,2026-08-20,1405,Terra,65.1,311.55,7.47,N,1,79,farmland,20.8,2.77,5.61,0,1,Agricultural Burn
FIRMS-IND-11530,23.10842,80.36618,883d9bbb53fffff,400.92,0.35,0.96,2026-08-20,1809,SNPP,76.4,377.19,62.81,N,2,85,forest,94.2,10.14,12.81,0,0,Wildfire
FIRMS-IND-11531,22.86584,72.45483,8842cea109fffff,294.11,0.57,0.46,2026-08-20,1327,Terra,67.4,270.0,2.72,N,1,90,grassland,20.6,17.73,0.24,1,5,False Positive/Noise
FIRMS-IND-11532,22.77667,73.16188,8842c85735fffff,358.46,1.05,0.67,2026-08-20,0223,Aqua,91.3,335.78,390.96,D,89,90,industrial,5.1,0.25,4.53,2,2,Industrial/Gas Flare
FIRMS-IND-11533,20.78624,84.33657,883c807589fffff,329.24,0.64,0.53,2026-08-20,0400,Terra,68.0,287.74,60.8,D,27,90,residential,8.9,0.52,3.17,1,4,Urban/Infrastructure
FIRMS-IND-11534,22.58759,79.84603,883d9bc95bfffff,398.83,0.61,0.64,2026-08-20,0537,SNPP,97.9,365.46,25.07,D,9,90,forest,76.8,18.08,3.51,0,0,Wildfire
FIRMS-IND-11535,21.46817,85.48025,883c813141fffff,376.3,0.57,0.79,2026-08-20,1626,NOAA-20,93.8,345.6,16.48,D,52,85,mining,12.3,2.57,6.95,1,3,Mining Activity
FIRMS-IND-11536,21.28328,79.77833,883cb45883fffff,364.51,1.17,0.57,2026-08-20,0940,Terra,84.6,324.95,50.68,N,1,90,forest,79.9,6.67,5.7,0,0,Wildfire
FIRMS-IND-11537,22.41559,86.05318,883caa2e37fffff,415.67,0.73,0.79,2026-08-20,0250,Aqua,85.0,373.32,141.78,D,84,90,industrial,1.7,0.43,7.69,2,2,Industrial/Gas Flare
FIRMS-IND-11538,31.13393,76.32955,883d1419a3fffff,339.91,0.66,0.38,2026-08-20,1747,Aqua,82.3,311.77,61.92,N,1,79,farmland,11.0,1.46,2.69,0,1,Agricultural Burn
FIRMS-IND-11539,21.05152,76.90153,886093b759fffff,326.01,0.72,0.58,2026-08-20,0654,Aqua,82.9,304.29,20.46,D,53,79,mining,18.2,0.64,6.18,1,3,Mining Activity
FIRMS-IND-11540,21.5376,85.09879,883c8112adfffff,329.41,0.57,0.77,2026-08-20,1702,NOAA-20,53.0,303.29,17.14,D,60,90,mining,3.1,0.39,2.82,1,3,Mining Activity
FIRMS-IND-11541,21.71858,73.74038,8842ca65a3fffff,434.95,0.84,0.94,2026-08-20,0740,NOAA-20,82.3,392.45,323.91,D,69,79,industrial,0.8,0.67,2.34,2,2,Industrial/Gas Flare
FIRMS-IND-11542,21.15669,84.50135,883c803543fffff,370.35,0.39,0.95,2026-08-20,1625,Aqua,51.2,351.17,28.66,D,68,90,mining,10.2,2.8,7.1,1,3,Mining Activity
FIRMS-IND-11543,21.70925,72.64666,8842dd3561fffff,380.61,0.98,0.56,2026-08-20,1223,Aqua,95.1,340.87,53.28,D,73,90,industrial,6.2,1.03,1.61,2,2,Industrial/Gas Flare
FIRMS-IND-11544,30.9693,75.01874,88424988a3fffff,330.56,0.51,1.19,2026-08-20,1051,NOAA-20,70.2,306.9,27.04,N,3,79,farmland,21.8,2.23,7.16,0,1,Agricultural Burn
FIRMS-IND-11545,21.54893,79.32712,88609652adfffff,310.14,0.81,0.73,2026-08-20,0109,SNPP,87.9,282.02,49.59,D,3,90,forest,87.3,21.88,8.55,0,0,Wildfire
FIRMS-IND-11546,22.56994,72.97706,8842c85b21fffff,332.64,0.35,0.56,2026-08-20,0934,SNPP,51.5,292.8,66.51,D,43,90,mining,4.0,1.38,4.89,1,3,Mining Activity
FIRMS-IND-11547,23.46752,79.48556,883d980009fffff,361.54,0.68,0.49,2026-08-20,1730,Aqua,77.9,326.08,77.81,N,9,85,forest,75.2,25.69,11.57,0,0,Wildfire
FIRMS-IND-11548,21.20819,73.95837,88609ba8c3fffff,394.74,0.4,0.75,2026-08-20,1906,Aqua,79.3,355.8,148.59,D,86,90,industrial,7.6,0.18,4.01,2,2,Industrial/Gas Flare
FIRMS-IND-11549,30.62911,75.5967,88424974e9fffff,316.61,0.48,1.04,2026-08-20,0720,Aqua,91.0,289.12,14.44,N,3,85,farmland,15.4,4.01,3.41,0,1,Agricultural Burn
FIRMS-IND-11550,20.3224,78.47666,88609439ebfffff,382.56,1.04,1.01,2026-08-20,2116,Terra,95.0,344.46,33.67,D,1,90,forest,65.5,26.33,13.66,0,0,Wildfire
FIRMS-IND-11551,23.54399,77.65701,883d9172cbfffff,393.74,0.96,0.89,2026-08-20,1224,SNPP,53.5,365.85,32.83,D,2,85,forest,60.8,8.77,15.07,0,0,Wildfire
FIRMS-IND-11552,21.22612,84.70261,883c81c821fffff,343.89,0.45,1.1,2026-08-20,1612,NOAA-20,59.7,309.29,83.65,D,65,90,mining,19.0,2.98,9.39,1,3,Mining Activity
FIRMS-IND-11553,22.20725,73.7483,8842ca3415fffff,313.12,0.43,0.77,2026-08-20,0742,Terra,90.6,289.06,38.64,D,4,90,farmland,10.9,0.81,3.57,0,1,Agricultural Burn
FIRMS-IND-11554,22.80224,84.45985,883cae4e03fffff,320.81,1.18,0.41,2026-08-20,1443,NOAA-20,65.5,289.24,100.93,N,31,90,mining,7.5,0.38,11.59,1,3,Mining Activity
FIRMS-IND-11555,30.63986,75.02406,884249560bfffff,332.1,1.02,1.0,2026-08-20,0626,NOAA-20,60.8,304.6,32.65,D,2,90,farmland,5.4,1.01,6.23,0,1,Agricultural Burn
FIRMS-IND-11556,31.79165,76.23525,883d1494c9fffff,302.74,0.41,0.99,2026-08-20,0808,Aqua,76.1,270.0,11.31,D,4,90,farmland,11.1,4.15,9.2,0,1,Agricultural Burn
FIRMS-IND-11557,22.42367,73.41904,8842caa25dfffff,360.65,0.6,0.84,2026-08-20,2131,Terra,76.4,324.06,99.73,N,66,90,industrial,5.2,0.39,6.33,2,2,Industrial/Gas Flare
FIRMS-IND-11558,21.99619,77.39261,88609358d7fffff,356.95,1.11,0.63,2026-08-20,0921,SNPP,65.7,313.39,61.97,D,4,85,forest,68.7,20.41,15.12,0,0,Wildfire
FIRMS-IND-11559,29.52528,76.67726,883d12d129fffff,304.8,0.53,0.68,2026-08-20,1904,NOAA-20,79.9,270.0,40.05,D,2,90,farmland,21.3,1.9,6.18,0,1,Agricultural Burn
FIRMS-IND-11560,22.59816,72.77169,8842ce2031fffff,401.56,0.62,0.51,2026-08-20,1230,NOAA-20,94.6,374.28,194.16,D,79,79,industrial,4.7,0.67,7.61,2,2,Industrial/Gas Flare
FIRMS-IND-11561,22.3674,79.2181,883d9a015bfffff,382.96,0.93,0.98,2026-08-20,2101,Aqua,99.9,344.74,55.51,D,1,79,forest,69.8,25.02,3.37,0,0,Wildfire
FIRMS-IND-11562,22.23615,73.50332,8842caa889fffff,363.39,1.17,0.8,2026-08-20,0846,NOAA-20,64.3,342.72,128.66,D,82,90,industrial,8.7,1.34,1.26,2,2,Industrial/Gas Flare
FIRMS-IND-11563,22.27491,73.94134,8842cbc88dfffff,355.17,0.81,0.54,2026-08-20,1433,Aqua,75.9,322.22,217.21,D,81,79,industrial,7.1,0.55,1.42,2,2,Industrial/Gas Flare
FIRMS-IND-11564,22.00454,73.54592,8842ca3845fffff,310.13,0.42,1.19,2026-08-20,0317,Terra,76.4,278.6,12.74,N,20,90,residential,7.9,0.1,2.63,1,4,Urban/Infrastructure
FIRMS-IND-11565,22.08595,85.84441,883caa6e89fffff,348.65,0.84,0.37,2026-08-20,0238,NOAA-20,73.8,315.03,20.2,D,37,90,mining,2.8,0.26,13.58,1,3,Mining Activity
FIRMS-IND-11566,21.57896,77.29529,8860931a49fffff,347.54,0.48,1.15,2026-08-20,0854,NOAA-20,84.1,312.58,170.55,D,2,90,forest,65.0,27.84,17.95,0,0,Wildfire
FIRMS-IND-11567,28.79008,75.5468,883da43583fffff,333.51,0.76,1.2,2026-08-20,0435,SNPP,98.7,301.13,6.43,D,1,85,farmland,15.2,2.01,4.08,0,1,Agricultural Burn
FIRMS-IND-11568,21.81067,73.1727,8842ca54e3fffff,363.65,0.98,0.57,2026-08-20,2004,Terra,72.5,340.12,74.63,N,76,85,industrial,1.1,1.47,7.97,2,2,Industrial/Gas Flare
FIRMS-IND-11569,22.51325,73.52732,8842cab489fffff,374.95,0.87,1.16,2026-08-20,1226,NOAA-20,66.0,355.67,244.8,N,79,90,industrial,2.8,1.27,1.61,2,2,Industrial/Gas Flare
FIRMS-IND-11570,20.63729,77.69953,886090aad1fffff,313.26,1.14,0.64,2026-08-20,1932,SNPP,93.6,270.0,10.2,D,3,90,farmland,6.4,4.96,7.13,0,1,Agricultural Burn
FIRMS-IND-11571,22.29336,78.98668,883d9accc3fffff,313.03,0.82,1.1,2026-08-20,1220,Aqua,55.7,289.91,82.11,D,1,90,forest,72.9,28.65,11.35,0,0,Wildfire
FIRMS-IND-11572,22.21235,78.15793,88609209a3fffff,351.92,0.87,0.9,2026-08-20,0116,NOAA-20,69.9,327.84,49.72,D,1,90,forest,66.8,6.44,10.05,0,0,Wildfire
FIRMS-IND-11573,30.85281,75.47942,88424904adfffff,360.47,0.67,0.64,2026-08-20,0512,NOAA-20,59.5,326.57,15.25,D,2,79,farmland,12.4,4.39,1.67,0,1,Agricultural Burn
FIRMS-IND-11574,21.3173,85.24239,883c810f49fffff,350.54,0.45,0.74,2026-08-20,2036,Terra,94.5,329.58,50.83,N,66,85,mining,18.0,0.98,9.5,1,3,Mining Activity
FIRMS-IND-11575,22.2128,77.98918,8860927725fffff,344.8,0.65,0.44,2026-08-20,0601,Terra,74.5,312.91,172.54,D,82,79,industrial,3.2,1.02,3.34,2,2,Industrial/Gas Flare
FIRMS-IND-11576,22.59961,73.65575,8842c86abdfffff,324.87,0.88,0.95,2026-08-20,1708,SNPP,86.3,285.6,208.64,D,80,90,industrial,9.5,0.85,5.29,2,2,Industrial/Gas Flare
FIRMS-IND-11577,22.19454,73.65793,8842ca376bfffff,405.19,0.35,0.92,2026-08-20,0628,Terra,86.6,364.29,52.18,N,72,90,industrial,2.3,1.44,1.16,2,2,Industrial/Gas Flare
FIRMS-IND-11578,22.21447,85.61928,883caa70adfffff,342.95,0.67,0.83,2026-08-20,1124,NOAA-20,75.3,307.11,31.74,D,62,85,mining,8.4,2.07,10.01,1,3,Mining Activity
FIRMS-IND-11579,21.22845,79.98494,883cb44c05fffff,401.09,1.15,0.91,2026-08-20,1938,Terra,91.7,379.96,152.23,D,8,79,forest,91.7,5.41,8.56,0,0,Wildfire
FIRMS-IND-11580,21.57431,84.70972,883c81d741fffff,320.12,0.78,0.76,2026-08-20,2021,SNPP,65.8,290.39,62.16,D,41,85,mining,4.6,0.22,9.79,1,3,Mining Activity
FIRMS-IND-11581,21.6227,72.67981,8842dd2001fffff,350.01,0.94,0.52,2026-08-20,1952,Aqua,53.7,305.38,68.53,D,3,85,forest,93.6,20.22,6.62,0,0,Wildfire
FIRMS-IND-11582,29.98556,75.9408,883d16cd05fffff,325.3,1.14,0.92,2026-08-20,1557,SNPP,61.9,282.87,7.62,D,2,90,farmland,5.0,0.51,9.43,0,1,Agricultural Burn
FIRMS-IND-11583,30.2336,74.42196,8842482b4dfffff,318.05,1.03,0.52,2026-08-20,2256,Terra,79.3,291.37,26.69,N,4,79,farmland,21.8,2.72,4.06,0,1,Agricultural Burn
FIRMS-IND-11584,29.87871,76.25046,883d164441fffff,355.93,0.86,1.04,2026-08-20,0912,NOAA-20,84.9,333.78,52.5,N,2,85,farmland,7.1,2.57,4.77,0,1,Agricultural Burn
FIRMS-IND-11585,21.79005,85.79551,883c8cd1a5fffff,304.48,0.38,0.87,2026-08-20,0035,SNPP,73.5,276.43,37.8,D,41,85,mining,9.2,2.64,3.12,1,3,Mining Activity
FIRMS-IND-11586,22.83118,78.5536,883d9e70d7fffff,332.4,1.0,0.74,2026-08-20,1205,SNPP,79.2,313.11,101.56,N,72,79,industrial,5.1,1.12,5.74,2,2,Industrial/Gas Flare
FIRMS-IND-11587,21.43778,78.04755,8860904d07fffff,315.5,0.91,0.45,2026-08-20,0431,NOAA-20,79.5,295.9,79.71,D,66,90,mining,9.1,2.77,5.7,1,3,Mining Activity
FIRMS-IND-11588,21.12216,85.21242,883c817329fffff,338.47,0.69,0.57,2026-08-20,1245,Aqua,89.0,295.63,21.25,D,51,85,mining,18.9,2.57,9.7,1,3,Mining Activity
FIRMS-IND-11589,21.88605,84.18291,883c85559bfffff,354.55,0.49,0.48,2026-08-20,0102,Terra,65.7,310.19,24.21,N,36,79,mining,19.9,2.74,10.95,1,3,Mining Activity
FIRMS-IND-11590,22.37588,85.22341,883caaccbdfffff,328.65,0.71,0.43,2026-08-20,1523,Aqua,79.3,290.29,19.37,N,49,90,mining,10.1,0.72,10.9,1,3,Mining Activity
FIRMS-IND-11591,22.75624,78.31805,883d9e440dfffff,450.59,1.03,1.14,2026-08-20,0308,SNPP,90.6,428.9,53.92,D,78,90,industrial,6.7,0.61,7.11,2,2,Industrial/Gas Flare
FIRMS-IND-11592,22.28124,73.05156,8842ca81c3fffff,445.36,0.7,0.89,2026-08-20,1354,SNPP,90.9,413.11,245.04,D,80,90,industrial,0.1,0.4,6.74,2,2,Industrial/Gas Flare
FIRMS-IND-11593,31.33494,75.57637,884249b4b3fffff,304.7,1.15,1.02,2026-08-20,0334,NOAA-20,57.1,286.88,28.64,D,27,90,residential,3.7,0.53,1.44,1,4,Urban/Infrastructure
FIRMS-IND-11594,23.46727,79.23368,883d98c5ddfffff,333.01,1.11,0.55,2026-08-20,0545,Aqua,86.5,306.94,69.65,D,6,90,forest,79.0,25.15,7.69,0,0,Wildfire
FIRMS-IND-11595,22.63493,85.24711,883caa89a9fffff,368.1,1.16,1.14,2026-08-20,2054,SNPP,87.5,341.63,106.74,N,61,79,mining,14.1,1.65,10.05,1,3,Mining Activity
FIRMS-IND-11596,23.13426,77.45355,883d93b0c9fffff,385.34,0.57,0.66,2026-08-20,0838,Aqua,84.8,342.8,26.41,N,2,85,forest,82.1,6.47,9.39,0,0,Wildfire
FIRMS-IND-11597,22.94263,86.79275,883cab0639fffff,327.17,0.84,0.42,2026-08-20,1447,Aqua,99.3,297.14,21.6,D,47,79,mining,8.1,2.91,4.62,1,3,Mining Activity
FIRMS-IND-11598,20.20173,85.4024,883c832a91fffff,322.27,0.79,0.57,2026-08-20,1456,SNPP,65.7,300.9,22.74,D,54,85,mining,14.1,2.93,6.45,1,3,Mining Activity
FIRMS-IND-11599,28.85154,77.11476,883da18431fffff,329.53,0.52,0.81,2026-08-20,1038,SNPP,73.0,292.78,56.35,N,3,85,farmland,5.4,4.25,1.5,0,1,Agricultural Burn
FIRMS-IND-11600,21.72419,77.99565,886092aa0bfffff,393.09,1.15,0.36,2026-08-20,0033,NOAA-20,84.3,354.07,30.41,D,9,90,forest,83.9,20.25,19.54,0,0,Wildfire
FIRMS-IND-11601,22.55464,84.86884,883caad10bfffff,388.07,0.51,0.83,2026-08-20,2252,SNPP,63.1,368.2,200.5,D,80,90,industrial,2.9,1.04,6.71,2,2,Industrial/Gas Flare
FIRMS-IND-11602,30.52592,74.72381,88424826cbfffff,349.25,1.0,0.62,2026-08-20,2140,SNPP,57.9,305.27,8.11,D,2,85,farmland,20.0,2.88,5.64,0,1,Agricultural Burn
FIRMS-IND-11603,22.08089,79.11225,883d9a4701fffff,345.7,0.41,0.73,2026-08-20,1646,Terra,86.9,308.97,52.35,N,3,85,forest,79.8,11.74,19.74,0,0,Wildfire
FIRMS-IND-11604,29.83721,76.30067,883d1645ddfffff,331.85,0.96,0.51,2026-08-20,0648,SNPP,66.0,288.47,22.4,D,3,85,farmland,17.6,2.42,3.25,0,1,Agricultural Burn
FIRMS-IND-11605,21.94835,78.2721,88609211e9fffff,390.46,0.84,1.18,2026-08-20,2021,Aqua,69.8,350.73,129.43,N,6,90,forest,79.8,10.43,10.19,0,0,Wildfire
FIRMS-IND-11606,21.27417,80.03848,883cb44eb1fffff,325.95,0.93,0.47,2026-08-20,0142,SNPP,55.1,304.33,67.92,N,2,85,forest,83.1,28.17,7.76,0,0,Wildfire
FIRMS-IND-11607,22.5864,79.88381,883d9bc9cbfffff,351.3,1.13,0.68,2026-08-20,2022,NOAA-20,97.5,320.23,121.26,D,6,90,forest,89.0,21.91,11.01,0,0,Wildfire
FIRMS-IND-11608,22.28047,85.9157,883caa29e3fffff,319.61,0.71,0.8,2026-08-20,0715,SNPP,88.7,292.74,38.25,N,39,90,mining,13.1,2.94,2.74,1,3,Mining Activity
FIRMS-IND-11609,19.52094,81.03613,883cb26ecdfffff,318.93,0.93,0.6,2026-08-20,1109,SNPP,92.0,280.35,15.75,D,37,90,residential,2.5,0.72,3.95,1,4,Urban/Infrastructure
FIRMS-IND-11610,21.40695,84.85712,883c81c545fffff,349.13,0.58,0.9,2026-08-20,0406,NOAA-20,50.2,317.67,100.17,D,74,85,mining,8.3,2.1,9.14,1,3,Mining Activity
FIRMS-IND-11611,20.84643,79.60904,883cb68859fffff,386.93,1.02,0.4,2026-08-20,0124,NOAA-20,72.4,353.75,52.18,D,8,90,forest,61.4,27.23,17.5,0,0,Wildfire
FIRMS-IND-11612,22.77028,76.81856,883d93d2b9fffff,403.26,0.87,0.36,2026-08-20,2117,SNPP,57.3,387.51,278.1,N,7,79,forest,61.9,8.82,10.13,0,0,Wildfire
FIRMS-IND-11613,30.2395,75.31546,88424bb46dfffff,368.18,0.86,0.94,2026-08-20,1726,Aqua,86.0,329.38,83.34,D,5,90,forest,70.7,7.44,18.25,0,0,Wildfire
FIRMS-IND-11614,21.05996,85.88186,883c8e805bfffff,313.38,1.09,0.57,2026-08-20,1518,NOAA-20,56.7,282.78,3.44,D,1,79,grassland,26.2,13.3,0.76,1,5,False Positive/Noise
FIRMS-IND-11615,22.28919,85.424,883caa0915fffff,334.04,0.82,0.87,2026-08-20,2223,SNPP,56.4,291.27,25.7,D,55,79,mining,0.1,1.61,13.02,1,3,Mining Activity
FIRMS-IND-11616,22.27278,73.58001,8842caac61fffff,316.67,0.84,0.8,2026-08-20,1741,SNPP,94.1,297.16,296.57,N,75,90,industrial,4.5,0.99,1.93,2,2,Industrial/Gas Flare
FIRMS-IND-11617,29.77824,76.56201,883d166105fffff,311.76,0.67,0.75,2026-08-20,1627,Terra,70.5,280.8,37.43,N,3,90,farmland,11.7,2.94,8.32,0,1,Agricultural Burn
FIRMS-IND-11618,28.99782,77.46133,883da1b411fffff,313.14,0.5,0.6,2026-08-20,2049,NOAA-20,78.8,290.03,27.71,D,3,85,farmland,9.6,3.31,1.36,0,1,Agricultural Burn
FIRMS-IND-11619,22.38503,84.93776,883caaca63fffff,335.96,0.97,0.75,2026-08-20,0358,Aqua,93.0,294.98,23.83,D,45,90,mining,2.9,1.19,10.65,1,3,Mining Activity
FIRMS-IND-11620,29.5793,75.68344,883da59241fffff,334.86,0.53,1.16,2026-08-20,1115,Aqua,66.5,305.92,109.3,N,6,90,forest,63.0,7.7,8.08,0,0,Wildfire
FIRMS-IND-11621,30.21947,76.22262,883d161195fffff,298.29,1.09,0.78,2026-08-20,0806,NOAA-20,52.5,271.33,48.51,D,2,90,farmland,21.5,4.39,6.13,0,1,Agricultural Burn
FIRMS-IND-11622,22.41626,73.00402,8842ca9555fffff,364.71,1.02,0.95,2026-08-20,2029,Terra,97.3,338.15,53.92,N,74,85,industrial,3.2,0.55,2.95,2,2,Industrial/Gas Flare
FIRMS-IND-11623,23.65391,81.36056,883ca694b5fffff,362.29,0.53,0.68,2026-08-20,0723,Terra,88.8,327.71,70.49,N,3,85,forest,89.6,21.53,17.05,0,0,Wildfire
FIRMS-IND-11624,21.92552,73.2207,8842ca0a47fffff,398.71,0.67,0.67,2026-08-20,1324,NOAA-20,73.2,358.63,302.32,D,75,79,industrial,3.1,0.29,2.88,2,2,Industrial/Gas Flare
FIRMS-IND-11625,20.83924,85.69155,883c8ed41bfffff,340.4,1.03,0.53,2026-08-20,1630,SNPP,51.7,300.12,30.65,D,33,85,mining,7.2,1.5,9.22,1,3,Mining Activity
FIRMS-IND-11626,21.96561,79.09838,883d9a4e29fffff,383.72,0.92,0.78,2026-08-20,2244,Terra,63.8,357.84,24.39,D,2,79,forest,61.6,17.94,16.53,0,0,Wildfire
FIRMS-IND-11627,22.42378,84.67809,883c85ae35fffff,329.28,0.75,0.6,2026-08-20,2015,SNPP,97.9,287.55,32.37,N,59,85,mining,6.5,0.46,4.73,1,3,Mining Activity
FIRMS-IND-11628,22.10567,84.37605,883c8500adfffff,330.66,0.43,0.7,2026-08-20,0302,NOAA-20,70.6,300.65,39.26,D,73,85,mining,1.1,1.53,4.72,1,3,Mining Activity
FIRMS-IND-11629,23.34925,72.51716,8842cc7055fffff,307.75,1.11,0.65,2026-08-20,0127,NOAA-20,65.8,291.38,5.11,D,23,85,residential,11.1,0.25,5.12,1,4,Urban/Infrastructure
FIRMS-IND-11630,30.07374,75.74861,883d16d8bbfffff,336.62,0.95,1.09,2026-08-20,1700,NOAA-20,96.9,313.39,21.38,D,3,90,farmland,5.6,3.72,2.99,0,1,Agricultural Burn
FIRMS-IND-11631,23.78248,78.95796,883d9c650dfffff,354.35,0.93,0.64,2026-08-20,2234,Terra,93.2,338.97,87.15,D,4,90,forest,80.9,22.76,11.92,0,0,Wildfire
FIRMS-IND-11632,21.96071,80.58838,883cb5d931fffff,347.24,0.49,0.51,2026-08-20,1149,Terra,68.9,324.39,155.25,D,3,85,forest,84.8,10.23,7.62,0,0,Wildfire
FIRMS-IND-11633,22.30338,85.06014,883caa5241fffff,346.76,0.37,0.66,2026-08-20,0652,Aqua,75.4,312.14,140.52,N,33,79,mining,11.3,1.22,10.35,1,3,Mining Activity
FIRMS-IND-11634,22.27282,85.39667,883caa0929fffff,348.94,0.65,0.68,2026-08-20,1753,Aqua,72.1,323.58,186.37,D,61,85,mining,17.6,1.66,10.6,1,3,Mining Activity
FIRMS-IND-11635,21.29503,86.02756,883c8c4a6bfffff,322.11,0.9,0.94,2026-08-20,1525,SNPP,81.1,289.71,9.83,N,19,85,residential,1.3,0.55,4.0,1,4,Urban/Infrastructure
FIRMS-IND-11636,22.05699,73.23106,8842ca026bfffff,413.12,0.39,0.71,2026-08-20,2056,Aqua,94.9,390.31,118.11,D,73,79,industrial,9.6,0.25,1.01,2,2,Industrial/Gas Flare
FIRMS-IND-11637,32.25282,76.97218,883d337699fffff,339.95,0.71,0.41,2026-08-20,0227,NOAA-20,76.1,297.64,31.56,D,3,79,farmland,21.1,0.95,5.1,0,1,Agricultural Burn
FIRMS-IND-11638,22.50688,86.14142,883caa25d7fffff,398.86,0.89,1.06,2026-08-20,0115,SNPP,69.8,358.66,248.94,D,54,79,mining,5.7,1.75,9.44,1,3,Mining Activity
FIRMS-IND-11639,22.81332,79.31801,883d9ab155fffff,410.22,0.53,1.14,2026-08-20,0238,NOAA-20,75.8,376.51,185.83,D,2,79,forest,60.8,8.68,19.6,0,0,Wildfire
FIRMS-IND-11640,23.38666,72.67295,8842cc742bfffff,313.24,0.75,0.37,2026-08-20,1741,Aqua,79.5,289.9,180.92,D,80,90,industrial,4.3,0.87,6.37,2,2,Industrial/Gas Flare
FIRMS-IND-11641,20.79723,79.91015,883cb616a5fffff,334.93,0.89,0.92,2026-08-20,2205,NOAA-20,84.6,310.42,34.18,D,8,85,forest,61.5,13.46,5.56,0,0,Wildfire
FIRMS-IND-11642,22.6286,85.53567,883caa1435fffff,307.96,0.76,0.48,2026-08-20,1300,Terra,80.2,280.09,6.04,N,1,90,waterbody,36.2,18.9,0.1,1,5,False Positive/Noise
FIRMS-IND-11643,20.26706,84.8304,883c8318d5fffff,339.23,0.76,0.98,2026-08-20,1848,Aqua,73.7,298.77,90.94,N,68,90,mining,3.4,2.46,3.89,1,3,Mining Activity
FIRMS-IND-11644,21.81337,73.3777,8842ca7227fffff,319.92,0.75,0.48,2026-08-20,1650,SNPP,60.6,290.92,5.03,N,0,90,grassland,17.8,15.99,0.5,1,5,False Positive/Noise
FIRMS-IND-11645,22.13685,74.2817,8842cb4555fffff,358.33,0.95,0.77,2026-08-20,0744,NOAA-20,91.0,331.99,141.01,N,67,85,industrial,8.0,1.16,2.84,2,2,Industrial/Gas Flare
FIRMS-IND-11646,23.06215,73.31446,8842c80241fffff,331.09,0.78,0.6,2026-08-20,0220,NOAA-20,85.7,291.27,254.08,D,71,90,industrial,2.7,0.12,3.55,2,2,Industrial/Gas Flare
FIRMS-IND-11647,29.22706,76.10097,883da51767fffff,320.62,0.79,1.19,2026-08-20,1336,Terra,83.1,276.92,16.33,D,3,79,farmland,5.3,4.72,5.01,0,1,Agricultural Burn
FIRMS-IND-11648,20.96602,77.50197,8860902133fffff,332.39,1.14,0.84,2026-08-20,1614,NOAA-20,90.9,307.14,63.53,N,69,90,industrial,7.8,0.61,5.16,2,2,Industrial/Gas Flare
FIRMS-IND-11649,22.48036,86.43996,883cab40e1fffff,320.67,1.08,0.7,2026-08-20,2005,Aqua,66.6,277.85,26.56,D,32,90,mining,7.1,0.41,13.14,1,3,Mining Activity
FIRMS-IND-11650,25.99214,77.81132,883d808ce3fffff,392.8,1.06,0.41,2026-08-20,1251,SNPP,99.3,359.36,45.15,N,9,85,forest,72.6,18.51,9.9,0,0,Wildfire
FIRMS-IND-11651,31.46303,76.3316,883d148d17fffff,332.78,0.63,0.4,2026-08-20,0910,SNPP,62.5,308.39,13.3,D,3,85,farmland,21.5,1.73,7.55,0,1,Agricultural Burn
FIRMS-IND-11652,22.0337,78.839,883d9a5a57fffff,396.81,0.46,0.5,2026-08-20,0547,Terra,57.3,361.21,20.49,N,4,90,forest,60.8,27.62,4.93,0,0,Wildfire
FIRMS-IND-11653,30.90931,75.81872,8842492769fffff,377.68,0.52,0.78,2026-08-20,0826,Terra,56.2,355.13,57.73,D,70,90,industrial,8.3,0.48,3.07,2,2,Industrial/Gas Flare
FIRMS-IND-11654,31.13968,76.69008,883d140d93fffff,332.67,0.92,0.96,2026-08-20,1010,NOAA-20,92.1,308.79,31.06,N,1,90,farmland,19.4,4.61,6.78,0,1,Agricultural Burn
FIRMS-IND-11655,30.36903,75.62365,8842496f07fffff,329.2,0.98,0.47,2026-08-20,1655,Terra,96.9,288.22,27.26,D,3,79,farmland,18.2,4.99,2.32,0,1,Agricultural Burn
FIRMS-IND-11656,30.48313,75.42611,88424971a7fffff,332.64,0.36,0.39,2026-08-20,2223,Terra,67.1,307.31,86.41,D,1,90,forest,90.6,25.18,16.35,0,0,Wildfire
FIRMS-IND-11657,30.52594,76.33026,883d16ba39fffff,333.53,1.12,0.68,2026-08-20,0605,NOAA-20,62.4,306.09,45.72,D,4,90,farmland,18.7,3.27,8.68,0,1,Agricultural Burn
FIRMS-IND-11658,22.9821,86.14545,883cabd725fffff,349.15,0.74,0.92,2026-08-20,0524,Aqua,97.9,321.2,206.74,D,42,85,mining,5.3,0.34,14.23,1,3,Mining Activity
FIRMS-IND-11659,22.20156,72.86771,8842ca9915fffff,388.86,0.97,0.54,2026-08-20,2017,SNPP,66.1,355.24,98.2,N,76,90,industrial,5.6,0.74,5.3,2,2,Industrial/Gas Flare
FIRMS-IND-11660,22.13998,79.60087,883d9a663bfffff,339.27,0.92,0.98,2026-08-20,0948,Aqua,68.6,307.82,45.19,N,3,90,forest,87.9,27.54,6.64,0,0,Wildfire
FIRMS-IND-11661,21.60983,72.99249,8842ca58edfffff,345.39,0.62,0.59,2026-08-20,0928,Aqua,50.9,319.99,10.09,D,2,85,farmland,8.2,3.73,8.46,0,1,Agricultural Burn
FIRMS-IND-11662,21.14327,84.29619,883c803369fffff,327.51,0.53,0.61,2026-08-20,0853,NOAA-20,65.6,295.72,37.05,D,49,85,mining,8.0,1.27,5.14,1,3,Mining Activity
FIRMS-IND-11663,21.7377,78.33916,8860928a93fffff,340.9,0.7,1.13,2026-08-20,0103,SNPP,56.3,316.27,59.98,D,1,79,forest,94.3,8.49,15.06,0,0,Wildfire
FIRMS-IND-11664,20.36531,79.02957,886094cddbfffff,357.44,0.82,1.18,2026-08-20,1832,Aqua,98.8,316.02,28.82,N,7,85,forest,64.6,16.09,13.75,0,0,Wildfire
FIRMS-IND-11665,30.66433,75.76814,88424929d1fffff,312.09,0.54,0.66,2026-08-20,2033,SNPP,88.7,289.8,21.12,D,1,90,farmland,24.4,1.65,9.93,0,1,Agricultural Burn
FIRMS-IND-11666,21.48082,86.033,883c8c50adfffff,314.38,0.48,0.86,2026-08-20,2106,Terra,59.0,279.35,35.03,D,32,90,mining,1.8,1.89,3.18,1,3,Mining Activity
FIRMS-IND-11667,18.3406,78.07114,8860b162cbfffff,306.74,0.86,1.01,2026-08-20,1423,NOAA-20,69.6,270.0,3.27,N,1,90,waterbody,9.6,13.47,0.02,1,5,False Positive/Noise
FIRMS-IND-11668,29.08582,75.07044,883da4b031fffff,287.31,0.67,0.5,2026-08-20,1409,SNPP,54.1,270.0,2.31,D,0,79,grassland,9.7,10.97,0.06,1,5,False Positive/Noise
FIRMS-IND-11669,22.22161,72.52473,8842ce7893fffff,415.86,0.83,0.88,2026-08-20,0904,NOAA-20,62.6,371.86,74.38,N,87,85,industrial,0.6,0.21,0.57,2,2,Industrial/Gas Flare
FIRMS-IND-11670,21.19317,85.01025,883c815403fffff,310.39,0.6,0.74,2026-08-20,0545,Terra,68.0,280.03,3.71,N,0,90,waterbody,33.7,13.93,0.85,1,5,False Positive/Noise
FIRMS-IND-11671,30.31433,74.44807,8842483887fffff,295.68,0.57,0.89,2026-08-20,0532,NOAA-20,83.3,275.52,3.35,D,21,85,residential,11.2,0.06,3.01,1,4,Urban/Infrastructure
FIRMS-IND-11672,22.69661,81.00785,883ca65969fffff,339.18,0.56,0.69,2026-08-20,0506,NOAA-20,83.1,315.44,65.74,N,7,85,forest,84.0,8.36,5.58,0,0,Wildfire
FIRMS-IND-11673,20.60283,80.02827,883cb605a1fffff,387.76,1.18,0.89,2026-08-20,1756,NOAA-20,98.6,368.4,25.75,D,3,79,forest,66.1,20.79,4.54,0,0,Wildfire
FIRMS-IND-11674,21.50995,85.29936,883c811597fffff,371.63,1.19,0.84,2026-08-20,0248,Aqua,75.2,355.67,22.12,D,42,90,mining,11.6,2.76,6.74,1,3,Mining Activity
FIRMS-IND-11675,22.4379,73.88215,8842cbc231fffff,363.93,0.7,0.4,2026-08-20,1440,Terra,68.4,323.85,254.1,D,76,85,industrial,3.1,0.54,6.17,2,2,Industrial/Gas Flare
FIRMS-IND-11676,22.3812,73.71357,8842cbda07fffff,335.38,0.78,0.46,2026-08-20,0007,SNPP,95.1,314.36,121.96,N,84,90,industrial,9.2,1.16,3.79,2,2,Industrial/Gas Flare
FIRMS-IND-11677,31.91657,76.1091,883d335b69fffff,330.4,0.87,0.76,2026-08-20,2115,Terra,74.1,310.32,14.29,D,1,79,farmland,7.3,2.64,5.32,0,1,Agricultural Burn
FIRMS-IND-11678,31.17893,75.81385,883d14d81bfffff,348.39,0.65,0.63,2026-08-20,0355,Aqua,54.4,309.48,16.51,D,3,90,farmland,12.9,0.95,2.56,0,1,Agricultural Burn
FIRMS-IND-11679,21.53466,85.57009,883c8132a3fffff,350.54,1.09,1.16,2026-08-20,0404,NOAA-20,52.4,310.63,27.73,N,63,90,mining,18.1,2.79,8.45,1,3,Mining Activity
FIRMS-IND-11680,30.3061,74.95709,8842494a61fffff,325.98,0.99,0.57,2026-08-20,1948,NOAA-20,73.2,310.72,12.48,D,4,90,farmland,22.2,2.07,1.45,0,1,Agricultural Burn
FIRMS-IND-11681,22.14148,84.68795,883c853a93fffff,315.9,0.65,0.7,2026-08-20,1755,Aqua,83.7,284.02,36.43,N,31,85,mining,17.8,2.84,8.45,1,3,Mining Activity
FIRMS-IND-11682,22.22314,72.93657,8842ca999bfffff,389.44,0.69,0.76,2026-08-20,1243,NOAA-20,81.6,347.81,167.08,D,71,90,industrial,4.5,1.05,6.14,2,2,Industrial/Gas Flare
FIRMS-IND-11683,22.79099,85.6641,883caaa165fffff,334.21,0.91,1.07,2026-08-20,0306,Aqua,91.2,310.58,90.05,D,61,90,mining,12.4,2.64,2.51,1,3,Mining Activity
FIRMS-IND-11684,22.6233,84.51295,883c85b0d9fffff,359.61,0.41,0.76,2026-08-20,0452,SNPP,61.4,328.3,35.66,N,50,90,mining,14.8,1.8,11.93,1,3,Mining Activity
FIRMS-IND-11685,31.53314,75.92718,883d149b01fffff,315.3,0.76,0.79,2026-08-20,0028,NOAA-20,99.1,284.5,32.6,N,2,79,farmland,15.6,2.71,1.06,0,1,Agricultural Burn
FIRMS-IND-11686,30.54639,75.64628,8842496757fffff,358.75,0.55,1.13,2026-08-20,1647,Terra,91.6,343.12,33.29,D,4,79,farmland,12.7,3.41,9.93,0,1,Agricultural Burn
FIRMS-IND-11687,29.72591,75.18199,88424b008dfffff,325.23,0.86,0.38,2026-08-20,1407,Terra,62.8,307.95,11.87,D,2,90,farmland,11.3,2.58,1.17,0,1,Agricultural Burn
FIRMS-IND-11688,31.37113,76.71479,883d1404dbfffff,307.56,0.67,0.69,2026-08-20,0325,Aqua,76.6,270.0,25.55,D,1,79,farmland,21.9,2.72,8.45,0,1,Agricultural Burn
FIRMS-IND-11689,21.69297,72.07036,8842dd1201fffff,308.02,0.79,0.73,2026-08-20,0943,NOAA-20,53.5,274.46,25.28,D,21,90,residential,4.4,0.17,3.75,1,4,Urban/Infrastructure
FIRMS-IND-11690,20.73611,78.39775,8860946d83fffff,321.38,0.66,0.63,2026-08-20,0647,Terra,90.9,305.96,140.56,D,2,90,forest,94.4,8.9,8.04,0,0,Wildfire
FIRMS-IND-11691,29.11952,77.5483,883d126a4bfffff,319.76,0.91,1.01,2026-08-20,1254,NOAA-20,59.3,277.93,41.56,D,67,79,mining,10.6,2.12,4.92,1,3,Mining Activity
FIRMS-IND-11692,20.9043,85.7126,883c8ed6dbfffff,321.44,0.83,1.0,2026-08-20,1219,SNPP,92.1,293.83,15.68,N,71,90,mining,10.8,1.14,13.61,1,3,Mining Activity
FIRMS-IND-11693,22.26929,80.44064,883d9b6b63fffff,359.52,0.65,0.6,2026-08-20,1316,SNPP,92.7,315.39,43.27,N,1,90,forest,65.8,27.26,19.85,0,0,Wildfire
FIRMS-IND-11694,29.43232,77.28092,883d120a63fffff,332.87,0.82,1.05,2026-08-20,0946,NOAA-20,51.1,306.79,49.48,D,1,85,farmland,5.0,2.43,6.72,0,1,Agricultural Burn
FIRMS-IND-11695,23.71049,81.2373,883ca69663fffff,376.35,1.16,0.81,2026-08-20,1114,Aqua,90.0,359.15,239.23,N,4,90,forest,73.4,7.96,12.65,0,0,Wildfire
FIRMS-IND-11696,21.13266,78.59904,8860963755fffff,363.81,0.65,1.11,2026-08-20,0904,SNPP,81.1,335.16,142.91,N,9,85,forest,94.1,25.5,19.88,0,0,Wildfire
FIRMS-IND-11697,21.23794,86.31881,883c8eb60dfffff,373.85,0.66,1.14,2026-08-20,0741,Aqua,86.8,341.53,82.8,D,63,79,mining,11.0,0.64,2.84,1,3,Mining Activity
FIRMS-IND-11698,22.88922,73.55583,8842c80d83fffff,404.16,0.62,0.63,2026-08-20,0540,NOAA-20,84.8,367.14,97.41,D,84,85,industrial,3.8,1.39,4.59,2,2,Industrial/Gas Flare
FIRMS-IND-11699,22.46364,85.77281,883caa3851fffff,345.44,0.71,0.61,2026-08-20,1313,NOAA-20,97.1,326.49,40.59,D,70,85,mining,3.4,1.45,12.06,1,3,Mining Activity
FIRMS-IND-11700,21.97353,84.05966,883c85cd97fffff,320.58,0.61,0.56,2026-08-20,1936,Aqua,81.2,287.08,149.03,D,74,85,mining,5.2,1.0,6.58,1,3,Mining Activity
FIRMS-IND-11701,21.25085,84.8961,883c81cd8dfffff,361.96,0.84,0.77,2026-08-20,1430,NOAA-20,52.1,331.95,32.69,N,71,90,mining,1.5,1.5,11.19,1,3,Mining Activity
FIRMS-IND-11702,22.66172,84.33032,883cae49c1fffff,350.54,1.13,0.96,2026-08-20,1557,Aqua,93.9,325.66,146.63,N,39,85,mining,9.7,1.73,3.04,1,3,Mining Activity
FIRMS-IND-11703,20.99731,86.04871,883c8e85a5fffff,336.86,0.48,0.71,2026-08-20,1557,Terra,72.2,297.65,38.46,D,63,85,mining,9.9,2.26,12.18,1,3,Mining Activity
FIRMS-IND-11704,22.99126,73.62135,8842c83b11fffff,336.3,0.74,1.11,2026-08-20,1658,Aqua,90.7,299.93,72.23,D,67,90,mining,1.8,0.89,13.83,1,3,Mining Activity
FIRMS-IND-11705,24.57821,80.34103,883d9d243dfffff,355.52,1.05,1.04,2026-08-20,0328,Aqua,59.3,322.39,81.73,N,71,85,mining,3.1,0.85,5.45,1,3,Mining Activity
FIRMS-IND-11706,22.50094,84.94851,883caac347fffff,336.41,0.58,0.54,2026-08-20,1734,Aqua,92.2,320.07,86.95,D,32,90,mining,8.5,0.55,13.84,1,3,Mining Activity
FIRMS-IND-11707,22.47678,72.55469,8842ce7659fffff,371.04,1.03,0.95,2026-08-20,0719,Aqua,64.2,348.78,138.6,N,75,90,industrial,5.5,0.54,7.31,2,2,Industrial/Gas Flare
FIRMS-IND-11708,30.62996,75.61293,884249748dfffff,330.48,0.39,1.07,2026-08-20,1341,NOAA-20,54.4,298.29,26.7,D,57,85,mining,16.3,2.38,4.33,1,3,Mining Activity
FIRMS-IND-11709,21.43956,73.79943,88609b2151fffff,400.48,0.93,1.13,2026-08-20,1605,Aqua,50.8,358.16,88.38,N,65,85,industrial,0.9,1.42,6.75,2,2,Industrial/Gas Flare
FIRMS-IND-11710,30.90363,74.69359,884249d705fffff,315.37,0.99,0.44,2026-08-20,2056,Terra,65.7,271.15,110.28,N,3,90,farmland,23.7,3.37,9.82,0,1,Agricultural Burn
FIRMS-IND-11711,22.53503,73.41306,8842cab661fffff,305.68,0.42,0.81,2026-08-20,1203,NOAA-20,60.0,270.0,6.21,N,0,79,grassland,4.7,8.04,0.81,1,5,False Positive/Noise
FIRMS-IND-11712,21.68532,73.36602,8842ca7a23fffff,361.39,1.01,0.56,2026-08-20,1609,NOAA-20,88.1,329.21,286.17,D,79,85,industrial,6.3,0.39,4.45,2,2,Industrial/Gas Flare
FIRMS-IND-11713,31.95365,76.44596,883d3341d7fffff,336.9,0.77,1.03,2026-08-20,0738,Aqua,95.9,294.95,9.59,D,2,90,farmland,9.5,0.86,7.57,0,1,Agricultural Burn
FIRMS-IND-11714,21.03857,79.11773,8860968e27fffff,393.75,0.44,0.38,2026-08-20,0826,NOAA-20,75.9,363.31,98.5,D,1,85,forest,62.9,7.73,17.35,0,0,Wildfire
FIRMS-IND-11715,21.78961,85.51351,883c81a0d1fffff,312.14,0.8,1.17,2026-08-20,2154,SNPP,57.1,275.91,25.26,N,64,85,mining,0.3,2.12,12.72,1,3,Mining Activity
FIRMS-IND-11716,21.44271,85.13026,883c8111b1fffff,337.31,0.97,0.73,2026-08-20,0432,SNPP,58.1,307.4,47.61,D,4,85,forest,85.7,27.3,5.77,0,0,Wildfire
FIRMS-IND-11717,22.51867,84.41931,883c85bac9fffff,355.25,1.14,1.06,2026-08-20,0544,Terra,84.1,333.43,65.27,D,46,90,mining,1.8,2.88,5.18,1,3,Mining Activity
FIRMS-IND-11718,23.08097,72.37531,8842cc4de1fffff,311.94,0.37,0.96,2026-08-20,1503,Aqua,65.6,291.32,3.1,N,0,85,waterbody,14.1,5.63,0.98,1,5,False Positive/Noise
FIRMS-IND-11719,30.09889,76.02611,883d16ce95fffff,331.34,0.76,0.35,2026-08-20,1853,Terra,75.1,309.33,7.73,D,3,90,farmland,7.3,1.71,4.64,0,1,Agricultural Burn
FIRMS-IND-11720,29.99662,76.43806,883d1672cdfffff,359.5,0.39,0.99,2026-08-20,0501,Aqua,59.7,328.2,11.8,D,1,90,farmland,6.6,2.52,7.23,0,1,Agricultural Burn
FIRMS-IND-11721,29.21574,76.28572,883da50647fffff,331.0,0.59,0.53,2026-08-20,1125,SNPP,75.4,312.59,41.35,D,4,90,farmland,16.9,1.57,8.49,0,1,Agricultural Burn
FIRMS-IND-11722,30.30295,75.25896,8842494d91fffff,287.25,1.07,0.8,2026-08-20,1023,Aqua,73.1,270.0,57.32,D,2,79,farmland,20.6,3.73,4.68,0,1,Agricultural Burn
FIRMS-IND-11723,30.84079,75.06353,8842491101fffff,329.16,0.98,0.52,2026-08-20,1837,SNPP,87.6,294.45,6.54,N,4,85,farmland,15.7,2.12,2.58,0,1,Agricultural Burn
FIRMS-IND-11724,22.6937,86.72285,883cab0d0dfffff,347.99,0.35,1.11,2026-08-20,0458,Terra,53.0,328.21,42.45,D,59,85,mining,0.6,1.14,8.32,1,3,Mining Activity
FIRMS-IND-11725,31.00601,76.3249,883d14559dfffff,321.5,1.04,0.9,2026-08-20,0516,NOAA-20,82.5,286.29,5.92,N,1,90,farmland,10.2,4.95,4.77,0,1,Agricultural Burn
FIRMS-IND-11726,21.49541,84.80248,883c81d5e7fffff,327.07,0.52,1.01,2026-08-20,0315,NOAA-20,98.2,309.23,33.49,N,65,79,mining,4.7,1.2,3.89,1,3,Mining Activity
FIRMS-IND-11727,21.95633,73.57624,8842ca3917fffff,366.72,0.72,0.62,2026-08-20,0743,Terra,58.2,344.27,86.63,D,72,79,industrial,8.8,0.86,5.55,2,2,Industrial/Gas Flare
FIRMS-IND-11728,21.78189,79.57237,883cb4d0edfffff,282.29,0.88,0.56,2026-08-20,1424,SNPP,66.6,270.0,1.36,D,1,90,grassland,22.9,16.48,0.08,1,5,False Positive/Noise
FIRMS-IND-11729,21.23257,85.49495,883c8176bdfffff,348.61,0.45,0.6,2026-08-20,0336,NOAA-20,82.1,312.91,16.84,D,35,90,mining,19.7,1.69,11.38,1,3,Mining Activity
FIRMS-IND-11730,21.58499,84.26445,883c854db7fffff,303.83,1.18,0.64,2026-08-20,0658,Aqua,68.2,281.2,32.6,N,59,85,mining,5.4,1.43,4.45,1,3,Mining Activity
FIRMS-IND-11731,21.48098,84.64556,883c81d1cbfffff,324.46,0.68,1.17,2026-08-20,1011,Terra,87.9,288.45,73.18,D,37,90,residential,10.2,0.22,3.75,1,4,Urban/Infrastructure
FIRMS-IND-11732,21.68058,73.8853,88609b675bfffff,323.89,0.96,0.7,2026-08-20,0229,SNPP,67.7,302.83,111.52,N,71,90,industrial,5.6,1.11,1.45,2,2,Industrial/Gas Flare
FIRMS-IND-11733,22.57494,72.8721,8842ce2e15fffff,393.53,1.06,0.51,2026-08-20,1720,Terra,80.8,376.2,31.98,D,1,90,forest,87.8,20.44,4.09,0,0,Wildfire
FIRMS-IND-11734,31.12298,74.40264,88424d622dfffff,375.95,1.0,0.69,2026-08-20,1233,NOAA-20,88.3,351.63,344.15,N,2,90,forest,64.7,24.94,14.56,0,0,Wildfire
FIRMS-IND-11735,30.05673,76.72421,883d162b03fffff,332.39,1.17,0.53,2026-08-20,2108,Terra,88.8,305.48,31.78,N,3,90,farmland,10.8,4.59,4.81,0,1,Agricultural Burn
FIRMS-IND-11736,21.50485,85.9075,883c8c536bfffff,325.37,1.19,0.65,2026-08-20,1949,Terra,51.5,295.89,45.81,D,30,85,mining,14.8,0.27,14.04,1,3,Mining Activity
FIRMS-IND-11737,22.67685,73.15643,8842c84227fffff,322.4,0.78,0.97,2026-08-20,1409,Terra,95.6,286.51,30.66,N,70,85,mining,13.3,0.29,6.88,1,3,Mining Activity
FIRMS-IND-11738,30.65601,74.60312,884249d9c7fffff,280.0,1.0,0.69,2026-08-20,1237,Terra,60.8,270.0,46.65,N,2,85,farmland,16.9,0.59,4.59,0,1,Agricultural Burn
FIRMS-IND-11739,22.89702,73.39072,8842c80aa3fffff,393.8,1.16,0.79,2026-08-20,1410,NOAA-20,63.1,366.32,278.47,D,86,90,industrial,0.9,0.96,3.29,2,2,Industrial/Gas Flare
FIRMS-IND-11740,22.71751,79.8812,883d9bc103fffff,371.95,0.69,1.12,2026-08-20,1632,NOAA-20,57.6,331.41,59.51,N,9,85,forest,69.0,13.47,5.78,0,0,Wildfire
FIRMS-IND-11741,22.86385,84.89774,883cae6091fffff,332.47,1.05,0.75,2026-08-20,0917,Aqua,58.5,297.69,29.29,N,41,79,mining,2.6,0.55,13.64,1,3,Mining Activity
FIRMS-IND-11742,21.7235,86.57261,883c8c3b43fffff,386.78,0.91,0.98,2026-08-20,0904,Terra,84.6,351.47,142.61,D,71,90,industrial,2.4,0.2,3.0,2,2,Industrial/Gas Flare
FIRMS-IND-11743,22.32069,72.45817,8842ce71c9fffff,352.09,0.62,1.07,2026-08-20,0403,Aqua,57.9,332.94,116.91,D,84,90,industrial,2.1,1.27,8.0,2,2,Industrial/Gas Flare
FIRMS-IND-11744,29.71255,75.15085,88424b003bfffff,335.02,0.99,0.35,2026-08-20,0558,Aqua,58.3,301.21,31.52,D,1,90,farmland,15.9,4.39,9.7,0,1,Agricultural Burn
FIRMS-IND-11745,22.43711,73.65402,8842caa4c7fffff,311.27,1.15,0.97,2026-08-20,0824,Aqua,87.4,290.19,3.63,D,1,79,grassland,36.0,9.92,0.25,1,5,False Positive/Noise
FIRMS-IND-11746,21.9276,72.62205,8842dda5b1fffff,334.65,0.7,1.1,2026-08-20,2141,NOAA-20,65.4,312.97,55.09,D,43,90,mining,18.0,2.88,7.42,1,3,Mining Activity
FIRMS-IND-11747,22.18947,85.41891,883caa441dfffff,344.58,1.16,0.97,2026-08-20,1531,NOAA-20,87.9,305.73,213.75,D,35,79,mining,5.6,2.26,11.13,1,3,Mining Activity
FIRMS-IND-11748,22.71068,79.23253,883d9abb49fffff,356.81,0.92,0.45,2026-08-20,0656,NOAA-20,82.1,333.9,48.55,D,7,79,forest,70.9,29.08,19.71,0,0,Wildfire
FIRMS-IND-11749,31.31881,75.81483,883d14d003fffff,335.13,0.99,0.61,2026-08-20,0145,Terra,85.5,291.59,48.7,D,3,79,farmland,13.2,4.91,4.24,0,1,Agricultural Burn
FIRMS-IND-11750,29.69591,75.85694,88424b2c9bfffff,408.26,1.05,1.05,2026-08-20,1133,NOAA-20,72.4,371.07,72.2,N,88,85,industrial,6.2,0.82,2.77,2,2,Industrial/Gas Flare
FIRMS-IND-11751,21.32998,77.33011,8860938127fffff,360.27,0.8,1.09,2026-08-20,2232,NOAA-20,96.8,337.75,67.42,D,2,85,forest,63.0,5.54,14.7,0,0,Wildfire
FIRMS-IND-11752,22.77546,72.95351,8842c8c981fffff,308.89,1.17,0.66,2026-08-20,0800,SNPP,72.4,270.14,254.08,N,80,79,industrial,0.1,1.02,5.65,2,2,Industrial/Gas Flare
FIRMS-IND-11753,21.11977,84.67832,883c80245bfffff,323.54,0.79,1.04,2026-08-20,0744,Terra,71.1,306.48,38.0,N,4,90,farmland,5.8,1.52,9.12,0,1,Agricultural Burn
FIRMS-IND-11754,30.0896,75.78458,883d16c109fffff,380.99,0.37,0.4,2026-08-20,0457,Aqua,79.6,361.73,31.28,D,62,85,mining,4.8,2.85,5.95,1,3,Mining Activity
FIRMS-IND-11755,30.41612,75.75414,8842496cd9fffff,331.67,0.99,1.01,2026-08-20,1922,NOAA-20,68.1,315.28,20.55,N,58,90,mining,19.3,0.96,7.03,1,3,Mining Activity
FIRMS-IND-11756,22.30476,73.52522,8842caa1b3fffff,453.08,0.72,0.41,2026-08-20,2119,NOAA-20,84.2,418.98,278.92,N,87,90,industrial,3.1,0.72,3.18,2,2,Industrial/Gas Flare
FIRMS-IND-11757,29.1033,76.39395,883da505b9fffff,333.03,1.01,0.79,2026-08-20,1114,Aqua,70.3,312.14,10.46,D,1,90,farmland,15.6,4.87,8.34,0,1,Agricultural Burn
FIRMS-IND-11758,21.26528,73.17445,8842d9b969fffff,340.39,0.43,0.9,2026-08-20,1424,Aqua,82.6,323.8,353.05,D,69,85,industrial,1.8,1.36,1.64,2,2,Industrial/Gas Flare
FIRMS-IND-11759,31.08003,75.74351,883d14d92dfffff,378.95,0.43,0.44,2026-08-20,1256,SNPP,68.2,347.23,266.8,N,6,85,forest,90.4,7.25,7.02,0,0,Wildfire
FIRMS-IND-11760,20.50193,80.24372,883cb62a37fffff,366.22,1.08,1.04,2026-08-20,0336,Terra,92.0,332.16,149.09,D,5,79,forest,86.3,22.93,19.4,0,0,Wildfire
FIRMS-IND-11761,31.34501,75.21105,883d3248a5fffff,324.59,0.37,0.72,2026-08-20,1608,Terra,73.5,303.41,3.75,D,41,85,residential,5.6,0.55,2.79,1,4,Urban/Infrastructure
FIRMS-IND-11762,22.18817,79.15631,883d9a0945fffff,375.53,0.69,0.9,2026-08-20,0257,Aqua,60.0,355.21,39.65,N,1,85,forest,73.1,9.16,7.81,0,0,Wildfire
FIRMS-IND-11763,30.2167,76.04483,883d16c4c7fffff,365.8,0.51,0.97,2026-08-20,0425,Terra,94.0,347.17,97.48,D,81,90,industrial,4.7,0.46,1.71,2,2,Industrial/Gas Flare
FIRMS-IND-11764,22.19835,85.49574,883caa449bfffff,296.54,1.0,1.11,2026-08-20,2153,SNPP,97.7,270.0,1.83,N,1,79,waterbody,4.3,1.0,0.11,1,5,False Positive/Noise
FIRMS-IND-11765,21.50564,84.58786,883c81d317fffff,343.02,0.56,1.01,2026-08-20,0352,SNPP,70.7,321.18,33.99,N,41,79,mining,2.8,2.1,4.5,1,3,Mining Activity
FIRMS-IND-11766,19.65328,78.52107,886094b61dfffff,311.38,0.85,0.58,2026-08-20,0230,Aqua,92.6,273.7,4.35,D,1,85,waterbody,26.8,8.74,0.55,1,5,False Positive/Noise
FIRMS-IND-11767,29.48657,74.83324,88424b5769fffff,341.63,1.0,0.45,2026-08-20,1229,NOAA-20,56.4,303.47,58.67,D,6,90,forest,85.3,22.03,17.79,0,0,Wildfire
FIRMS-IND-11768,22.70882,74.117,8842cb8181fffff,428.7,1.05,1.2,2026-08-20,1917,Aqua,90.5,399.62,413.11,N,72,90,industrial,4.8,0.25,4.25,2,2,Industrial/Gas Flare
FIRMS-IND-11769,21.7702,73.08069,8842ca5547fffff,296.82,0.72,0.42,2026-08-20,2203,NOAA-20,97.4,273.64,3.73,N,1,90,grassland,19.1,11.35,0.84,1,5,False Positive/Noise
FIRMS-IND-11770,20.69645,79.57918,883cb6c45bfffff,335.74,0.5,1.15,2026-08-20,0424,Terra,86.9,291.52,100.06,N,9,90,forest,87.6,9.31,13.68,0,0,Wildfire
FIRMS-IND-11771,23.10063,77.47218,883d93b0a9fffff,374.39,0.8,0.6,2026-08-20,1448,SNPP,79.7,331.56,99.16,D,3,79,forest,94.6,8.92,15.21,0,0,Wildfire
FIRMS-IND-11772,30.54398,75.77229,884249648dfffff,340.38,0.89,0.62,2026-08-20,0140,Aqua,87.7,322.31,18.08,D,2,90,farmland,7.1,1.35,9.26,0,1,Agricultural Burn
FIRMS-IND-11773,29.85839,76.23346,883d16446dfffff,309.2,0.62,0.79,2026-08-20,2222,SNPP,82.6,274.54,43.47,D,4,90,farmland,20.5,2.76,8.05,0,1,Agricultural Burn
FIRMS-IND-11774,22.14429,78.36081,886092561dfffff,367.26,0.45,0.59,2026-08-20,1641,Terra,56.5,322.79,86.75,D,3,79,forest,91.3,9.47,11.75,0,0,Wildfire
FIRMS-IND-11775,21.91668,85.36811,883c81b2b9fffff,355.44,0.63,0.68,2026-08-20,1132,SNPP,74.2,325.98,24.07,D,71,90,mining,9.5,0.2,9.55,1,3,Mining Activity
FIRMS-IND-11776,21.81014,80.265,883cb406ebfffff,341.42,0.52,0.82,2026-08-20,0143,Terra,94.7,306.93,72.05,D,8,85,forest,93.9,9.5,13.67,0,0,Wildfire
FIRMS-IND-11777,21.29908,84.98547,883c81196bfffff,357.12,0.83,1.14,2026-08-20,0230,Terra,80.9,330.56,86.12,N,44,79,mining,18.0,2.16,4.46,1,3,Mining Activity
FIRMS-IND-11778,30.54769,75.47786,88424970b7fffff,323.75,1.0,1.17,2026-08-20,2213,SNPP,79.8,289.13,9.99,N,4,79,farmland,17.1,2.66,4.85,0,1,Agricultural Burn
FIRMS-IND-11779,21.44015,85.47837,883c813167fffff,322.74,1.15,1.15,2026-08-20,0227,Aqua,65.5,302.51,38.71,D,66,90,mining,6.8,2.03,14.44,1,3,Mining Activity
FIRMS-IND-11780,22.65098,73.71455,8842c86f5bfffff,320.59,1.17,0.57,2026-08-20,1316,NOAA-20,52.3,282.34,143.77,D,86,85,industrial,4.6,0.72,7.05,2,2,Industrial/Gas Flare
FIRMS-IND-11781,31.87466,75.6765,883d323869fffff,330.98,0.48,0.75,2026-08-20,0617,Terra,92.8,293.85,236.48,D,44,90,mining,2.0,1.74,10.47,1,3,Mining Activity
FIRMS-IND-11782,29.27771,76.81556,883d12c921fffff,310.48,0.52,0.73,2026-08-20,0713,Terra,77.9,270.3,83.9,N,52,79,mining,3.5,1.25,6.06,1,3,Mining Activity
FIRMS-IND-11783,19.90952,79.35495,8860b260adfffff,377.12,1.13,0.4,2026-08-20,0527,Terra,51.7,333.29,27.85,N,2,79,forest,79.7,22.65,19.2,0,0,Wildfire
FIRMS-IND-11784,23.13229,73.53479,8842c806c3fffff,301.12,0.61,0.79,2026-08-20,1809,SNPP,53.3,270.0,7.79,N,1,85,waterbody,14.2,9.03,0.99,1,5,False Positive/Noise
FIRMS-IND-11785,23.03978,72.83977,8842c8d0e3fffff,312.62,0.85,0.84,2026-08-20,1011,Aqua,71.1,294.18,31.05,N,4,85,farmland,7.3,3.99,8.32,0,1,Agricultural Burn
FIRMS-IND-11786,23.16317,73.86854,8842c8358bfffff,377.4,1.16,0.59,2026-08-20,0034,Aqua,89.9,349.36,101.58,D,70,85,industrial,1.3,0.43,4.52,2,2,Industrial/Gas Flare
FIRMS-IND-11787,21.64864,72.31308,8842dd074bfffff,419.41,1.03,0.51,2026-08-20,2021,Terra,59.2,400.71,255.42,D,80,79,industrial,6.8,1.24,5.33,2,2,Industrial/Gas Flare
FIRMS-IND-11788,22.7689,78.83163,883d9e64b9fffff,340.48,0.64,0.6,2026-08-20,2043,Aqua,82.6,320.22,91.71,N,3,90,forest,64.0,8.84,19.83,0,0,Wildfire
FIRMS-IND-11789,30.13888,75.73536,883d16c347fffff,324.24,0.54,0.44,2026-08-20,0149,NOAA-20,64.0,299.71,5.28,D,1,90,farmland,13.6,2.61,8.75,0,1,Agricultural Burn
FIRMS-IND-11790,21.58343,72.99688,8842ca59d5fffff,367.81,0.87,0.8,2026-08-20,1614,NOAA-20,92.5,335.26,53.29,D,72,85,industrial,6.0,0.27,5.45,2,2,Industrial/Gas Flare
FIRMS-IND-11791,22.16695,84.73388,883c852267fffff,356.79,0.7,0.8,2026-08-20,0533,Terra,62.7,319.03,202.77,D,1,90,forest,82.7,16.45,12.64,0,0,Wildfire
FIRMS-IND-11792,21.77001,72.4475,8842dda8e7fffff,418.5,0.6,0.96,2026-08-20,1358,NOAA-20,66.4,396.96,140.14,D,79,85,industrial,3.9,1.32,4.37,2,2,Industrial/Gas Flare
FIRMS-IND-11793,22.28827,85.25731,883caa546bfffff,308.44,0.96,0.55,2026-08-20,0816,Aqua,90.6,270.0,18.98,D,65,90,mining,0.0,1.89,2.13,1,3,Mining Activity
FIRMS-IND-11794,31.53518,76.67559,883d14aae3fffff,323.17,0.94,1.14,2026-08-20,2245,Aqua,91.5,285.19,18.85,D,2,90,farmland,16.7,4.51,1.81,0,1,Agricultural Burn
FIRMS-IND-11795,26.05869,79.34873,883d817697fffff,330.64,0.52,0.44,2026-08-20,1022,SNPP,96.0,303.38,59.47,D,7,85,forest,83.5,7.26,6.49,0,0,Wildfire
FIRMS-IND-11796,22.73992,73.51327,8842c871ebfffff,382.67,0.97,0.36,2026-08-20,2101,Aqua,67.5,348.59,79.52,N,71,85,industrial,0.3,0.96,5.1,2,2,Industrial/Gas Flare
FIRMS-IND-11797,22.0345,73.41721,8842ca0503fffff,386.53,0.64,0.97,2026-08-20,1854,Aqua,67.4,368.94,161.38,D,75,90,industrial,3.6,0.21,5.16,2,2,Industrial/Gas Flare
FIRMS-IND-11798,22.86697,73.38088,8842c80815fffff,370.95,0.98,0.69,2026-08-20,2029,Terra,90.2,334.8,50.91,D,71,90,industrial,9.6,0.53,5.93,2,2,Industrial/Gas Flare
FIRMS-IND-11799,29.3362,77.0354,883d1252d3fffff,317.46,0.72,0.7,2026-08-20,1341,Terra,92.9,275.39,19.55,D,33,85,residential,9.8,0.47,4.26,1,4,Urban/Infrastructure
FIRMS-IND-11800,22.66048,77.47286,883d9305edfffff,346.49,1.06,0.46,2026-08-20,1719,Terra,93.5,305.46,79.44,D,1,90,forest,86.2,27.62,6.6,0,0,Wildfire
FIRMS-IND-11801,22.1171,84.90833,883c85252bfffff,309.57,0.76,0.42,2026-08-20,0951,Aqua,59.4,276.49,5.59,N,1,79,farmland,10.6,2.03,7.17,0,1,Agricultural Burn
FIRMS-IND-11802,22.01763,73.9605,8842cb5949fffff,392.21,0.35,1.09,2026-08-20,1837,Aqua,74.7,359.72,105.82,D,83,90,industrial,3.5,1.2,5.51,2,2,Industrial/Gas Flare
FIRMS-IND-11803,22.03295,78.10528,8860920191fffff,414.47,0.94,0.74,2026-08-20,0027,SNPP,98.9,389.43,96.39,N,4,79,forest,67.9,22.49,3.5,0,0,Wildfire
FIRMS-IND-11804,21.00497,79.39158,886096984dfffff,363.34,0.92,0.57,2026-08-20,0316,NOAA-20,60.9,344.95,183.04,D,7,90,forest,79.3,25.51,13.76,0,0,Wildfire
FIRMS-IND-11805,21.13685,80.36634,883cb0d207fffff,332.61,1.02,0.8,2026-08-20,1954,NOAA-20,95.5,314.17,211.77,N,9,90,forest,93.9,8.23,12.83,0,0,Wildfire
FIRMS-IND-11806,31.16922,75.98642,883d14c1e3fffff,329.24,0.93,0.46,2026-08-20,1723,SNPP,80.1,285.06,50.93,N,3,85,farmland,21.7,1.54,5.62,0,1,Agricultural Burn
FIRMS-IND-11807,22.21245,73.34516,8842ca1691fffff,394.67,1.16,0.64,2026-08-20,0801,NOAA-20,50.5,356.25,72.01,N,71,90,industrial,6.0,0.67,0.99,2,2,Industrial/Gas Flare
FIRMS-IND-11808,30.05945,74.30179,884248620bfffff,314.13,0.7,0.45,2026-08-20,0729,Terra,91.8,285.04,6.71,D,1,85,grassland,1.3,9.35,0.72,1,5,False Positive/Noise
FIRMS-IND-11809,29.40558,77.95012,883d122d25fffff,309.25,1.08,0.52,2026-08-20,1149,NOAA-20,52.8,274.27,1.51,D,0,79,grassland,12.4,9.17,0.22,1,5,False Positive/Noise
FIRMS-IND-11810,23.72922,83.96294,883ca17447fffff,342.93,0.74,1.0,2026-08-20,2108,Aqua,68.3,306.51,19.0,D,39,90,mining,4.2,0.56,13.82,1,3,Mining Activity
FIRMS-IND-11811,21.37249,84.73154,883c81c153fffff,307.27,1.07,0.67,2026-08-20,1719,Aqua,73.0,270.0,6.33,N,0,90,waterbody,12.4,1.86,0.42,1,5,False Positive/Noise
FIRMS-IND-11812,21.56793,85.47149,883c81a993fffff,380.61,1.02,1.12,2026-08-20,0425,Terra,50.9,343.29,187.64,D,83,90,industrial,6.7,0.69,0.97,2,2,Industrial/Gas Flare
FIRMS-IND-11813,21.91997,79.91835,883cb488d1fffff,334.41,0.96,1.07,2026-08-20,0148,Terra,53.0,293.71,25.66,N,4,85,forest,82.2,10.18,3.31,0,0,Wildfire
FIRMS-IND-11814,23.39543,81.82389,883ca6adc1fffff,296.31,0.67,0.8,2026-08-20,1605,Terra,74.0,277.43,68.99,D,4,85,forest,62.0,26.62,18.39,0,0,Wildfire
FIRMS-IND-11815,21.98669,72.90512,8842cac0d5fffff,315.32,1.08,0.8,2026-08-20,0215,NOAA-20,83.6,296.36,5.9,D,0,90,grassland,22.9,3.52,0.18,1,5,False Positive/Noise
FIRMS-IND-11816,22.24993,79.62645,883d9a286bfffff,370.76,0.38,0.58,2026-08-20,0427,SNPP,88.5,350.67,33.78,D,4,85,forest,64.6,13.73,11.4,0,0,Wildfire
FIRMS-IND-11817,21.41045,79.2221,886096cc9bfffff,351.28,0.59,1.1,2026-08-20,0527,Aqua,76.1,315.61,90.19,D,5,79,forest,65.8,24.04,17.72,0,0,Wildfire
FIRMS-IND-11818,22.54599,78.91199,883d9ad4d1fffff,381.96,0.96,0.71,2026-08-20,1113,Aqua,52.0,351.46,239.72,D,3,90,forest,80.9,5.74,19.82,0,0,Wildfire
FIRMS-IND-11819,23.38522,80.63842,883d997933fffff,359.18,0.48,0.72,2026-08-20,1003,SNPP,97.0,335.22,22.48,D,35,90,mining,4.3,1.3,12.75,1,3,Mining Activity
FIRMS-IND-11820,30.13219,76.43632,883d160e03fffff,337.18,1.17,0.82,2026-08-20,0340,SNPP,69.6,320.17,14.73,D,1,85,farmland,17.0,2.18,5.07,0,1,Agricultural Burn
FIRMS-IND-11821,28.3109,75.73694,883da0810bfffff,321.12,0.68,1.14,2026-08-20,0600,NOAA-20,63.1,288.99,50.56,D,1,79,farmland,24.0,4.11,2.85,0,1,Agricultural Burn
FIRMS-IND-11822,30.07548,76.46266,883d160c05fffff,319.41,0.7,0.86,2026-08-20,1049,Aqua,90.1,276.02,56.18,D,1,85,farmland,6.3,3.38,4.88,0,1,Agricultural Burn
FIRMS-IND-11823,22.96847,80.03698,883d9b8b07fffff,296.34,0.53,0.94,2026-08-20,0206,Aqua,98.9,270.0,3.32,D,0,85,waterbody,7.8,18.36,0.41,1,5,False Positive/Noise
FIRMS-IND-11824,22.20104,79.19671,883d9a0919fffff,317.26,0.52,0.87,2026-08-20,0056,SNPP,71.7,275.1,6.37,N,30,79,residential,9.4,0.7,4.42,1,4,Urban/Infrastructure
FIRMS-IND-11825,22.39162,73.32484,8842cab117fffff,352.22,0.73,1.17,2026-08-20,2153,NOAA-20,68.7,318.13,326.99,N,73,90,industrial,7.5,1.4,4.65,2,2,Industrial/Gas Flare
FIRMS-IND-11826,21.97935,85.16012,883caa4b17fffff,324.45,0.39,0.51,2026-08-20,1110,NOAA-20,89.6,304.62,2.1,D,43,85,residential,11.6,0.21,2.16,1,4,Urban/Infrastructure
FIRMS-IND-11827,20.11151,80.31654,883cb2d6e3fffff,325.92,0.73,0.58,2026-08-20,0515,NOAA-20,56.8,306.23,5.02,N,35,90,residential,6.4,0.49,3.11,1,4,Urban/Infrastructure
FIRMS-IND-11828,21.99657,73.76008,8842ca21a7fffff,367.13,0.57,0.85,2026-08-20,0309,SNPP,59.3,326.04,361.12,N,70,85,industrial,5.7,0.96,3.97,2,2,Industrial/Gas Flare
FIRMS-IND-11829,31.55715,75.00979,883d325117fffff,314.47,0.78,0.5,2026-08-20,0335,Aqua,95.1,297.56,6.67,D,2,85,farmland,7.2,4.57,4.15,0,1,Agricultural Burn
FIRMS-IND-11830,30.74104,76.06206,883d1696cbfffff,310.2,1.1,0.4,2026-08-20,0238,SNPP,57.6,290.32,26.11,N,64,90,mining,8.4,1.28,6.57,1,3,Mining Activity
FIRMS-IND-11831,22.28985,85.49777,883caa0997fffff,332.3,0.64,0.83,2026-08-20,1321,Terra,78.7,305.49,22.06,D,39,85,mining,6.9,2.63,5.97,1,3,Mining Activity
FIRMS-IND-11832,21.12084,80.28267,883cb469adfffff,353.37,0.73,0.36,2026-08-20,1631,NOAA-20,83.0,328.34,20.42,N,3,85,forest,75.2,21.7,5.77,0,0,Wildfire
FIRMS-IND-11833,30.62408,75.58322,884249743bfffff,346.01,0.66,0.43,2026-08-20,0106,SNPP,89.9,311.39,36.19,D,2,79,farmland,9.9,0.78,7.4,0,1,Agricultural Burn
FIRMS-IND-11834,21.40971,85.22818,883c810011fffff,342.96,1.07,0.71,2026-08-20,2030,NOAA-20,97.6,312.92,145.48,D,32,90,mining,9.6,2.52,13.05,1,3,Mining Activity
FIRMS-IND-11835,30.49924,76.28461,883d16bb51fffff,334.7,0.99,0.88,2026-08-20,0307,NOAA-20,88.7,298.02,33.6,N,1,85,farmland,9.6,3.11,8.24,0,1,Agricultural Burn
FIRMS-IND-11836,22.45754,73.48025,8842cab5e9fffff,336.12,0.63,0.56,2026-08-20,1634,Aqua,66.8,319.13,212.96,N,67,90,industrial,8.1,0.89,4.45,2,2,Industrial/Gas Flare
FIRMS-IND-11837,29.96785,75.7225,883d16cb05fffff,303.17,1.02,0.72,2026-08-20,0029,SNPP,94.4,272.33,2.37,D,0,85,grassland,7.3,6.33,0.53,1,5,False Positive/Noise
FIRMS-IND-11838,23.28486,79.05415,883d98c8e1fffff,323.41,0.9,0.62,2026-08-20,1333,NOAA-20,89.2,295.14,234.7,D,6,90,forest,74.7,28.99,8.42,0,0,Wildfire
FIRMS-IND-11839,23.20011,72.5348,8842cc7817fffff,345.64,0.52,0.72,2026-08-20,2140,NOAA-20,66.8,303.33,289.42,D,80,90,industrial,7.3,0.89,2.04,2,2,Industrial/Gas Flare
FIRMS-IND-11840,19.51682,79.00619,8860b225ebfffff,373.84,0.67,0.87,2026-08-20,0739,SNPP,85.3,353.76,48.71,D,6,90,forest,67.7,11.0,3.66,0,0,Wildfire
FIRMS-IND-11841,21.98398,76.60206,883d926443fffff,311.01,0.91,0.71,2026-08-20,0047,Terra,81.4,277.67,22.12,D,3,85,farmland,14.7,2.93,4.86,0,1,Agricultural Burn
FIRMS-IND-11842,22.34257,79.1387,883d9a18c7fffff,322.27,1.1,0.97,2026-08-20,0904,Aqua,81.1,295.17,4.11,N,38,90,residential,5.8,0.24,3.99,1,4,Urban/Infrastructure
FIRMS-IND-11843,19.3686,78.43271,8860b3705bfffff,371.42,0.8,0.38,2026-08-20,1135,Terra,95.3,340.26,18.3,D,58,85,mining,12.3,2.92,9.26,1,3,Mining Activity
FIRMS-IND-11844,21.793,77.26865,886093540bfffff,315.58,0.64,0.58,2026-08-20,0905,NOAA-20,78.6,276.13,27.73,D,1,90,farmland,6.7,4.79,6.56,0,1,Agricultural Burn
FIRMS-IND-11845,20.22286,79.02306,886094c5c1fffff,303.89,0.52,0.85,2026-08-20,1638,NOAA-20,77.5,270.97,74.16,D,4,85,farmland,7.2,2.97,5.81,0,1,Agricultural Burn
FIRMS-IND-11846,30.05336,76.33798,883d160ab5fffff,318.05,0.63,0.62,2026-08-20,1705,SNPP,52.5,288.19,41.42,N,2,90,farmland,9.2,2.99,9.27,0,1,Agricultural Burn
FIRMS-IND-11847,22.46349,73.9216,8842cbc289fffff,385.33,0.36,1.03,2026-08-20,2202,SNPP,81.8,365.67,137.8,D,75,79,industrial,7.8,0.38,5.96,2,2,Industrial/Gas Flare
FIRMS-IND-11848,31.47804,75.80597,883d326c47fffff,325.69,0.88,0.94,2026-08-20,1212,SNPP,58.6,310.65,11.24,D,4,90,farmland,23.4,3.76,7.94,0,1,Agricultural Burn
FIRMS-IND-11849,30.39635,74.88739,8842495aa9fffff,341.95,0.5,1.17,2026-08-20,0744,Terra,90.5,320.35,61.21,D,67,90,mining,19.2,0.97,14.05,1,3,Mining Activity
FIRMS-IND-11850,20.95266,76.9565,8860914c59fffff,368.81,0.81,0.65,2026-08-20,0717,NOAA-20,77.0,350.63,79.24,D,55,90,mining,14.2,1.28,13.87,1,3,Mining Activity
FIRMS-IND-11851,22.02386,73.05656,8842cac4a9fffff,389.86,0.64,1.02,2026-08-20,1839,SNPP,92.9,345.2,177.03,D,74,90,industrial,1.7,0.43,3.51,2,2,Industrial/Gas Flare
FIRMS-IND-11852,21.75395,84.87853,883c819ab1fffff,297.58,1.15,0.99,2026-08-20,0340,SNPP,84.4,270.0,6.16,N,0,90,waterbody,36.6,2.87,0.66,1,5,False Positive/Noise
FIRMS-IND-11853,22.36495,72.71194,8842ce6639fffff,391.76,1.13,0.92,2026-08-20,1033,NOAA-20,68.6,355.59,136.07,D,76,79,industrial,1.7,0.14,2.45,2,2,Industrial/Gas Flare
FIRMS-IND-11854,30.58267,76.28164,883d168483fffff,320.02,1.06,0.4,2026-08-20,2205,Terra,83.0,299.27,30.02,D,4,85,farmland,10.8,3.36,4.05,0,1,Agricultural Burn
FIRMS-IND-11855,21.62116,85.52742,883c81ad43fffff,342.82,0.93,1.02,2026-08-20,0437,Terra,53.5,313.53,51.74,N,46,85,mining,10.9,1.75,10.91,1,3,Mining Activity
FIRMS-IND-11856,21.82987,73.68329,8842ca6617fffff,330.73,0.91,0.62,2026-08-20,1840,NOAA-20,80.5,295.51,208.37,D,70,90,industrial,4.9,1.02,4.58,2,2,Industrial/Gas Flare
FIRMS-IND-11857,22.37453,72.46819,8842ce72a1fffff,408.18,0.57,1.17,2026-08-20,1201,Aqua,69.9,373.09,141.63,D,79,90,industrial,8.1,1.15,2.35,2,2,Industrial/Gas Flare
FIRMS-IND-11858,22.45826,73.53432,8842cab5bbfffff,301.3,0.62,1.07,2026-08-20,0707,Aqua,51.2,270.0,3.81,D,1,85,grassland,28.6,14.74,0.18,1,5,False Positive/Noise
FIRMS-IND-11859,23.21911,81.42288,883ca60201fffff,386.07,0.54,0.39,2026-08-20,2110,Terra,65.1,345.27,82.26,D,9,79,forest,92.7,26.98,14.23,0,0,Wildfire
FIRMS-IND-11860,30.12001,75.06503,88424b848dfffff,391.85,0.84,0.99,2026-08-20,0652,SNPP,75.7,374.48,262.34,D,77,90,industrial,9.4,0.98,4.13,2,2,Industrial/Gas Flare
FIRMS-IND-11861,21.09834,81.14141,883cb006abfffff,334.98,0.89,0.42,2026-08-20,1834,NOAA-20,67.0,306.04,147.12,D,3,79,forest,83.7,15.96,3.78,0,0,Wildfire
FIRMS-IND-11862,30.54469,76.15123,883d16854bfffff,309.29,0.85,0.59,2026-08-20,1723,Aqua,56.0,293.76,126.77,N,36,79,mining,5.3,0.57,7.33,1,3,Mining Activity
FIRMS-IND-11863,21.35282,84.23333,883c80a169fffff,360.91,0.62,0.67,2026-08-20,0057,NOAA-20,97.8,341.74,93.58,D,36,79,mining,6.4,1.56,12.89,1,3,Mining Activity
FIRMS-IND-11864,20.96949,72.08448,8842d88413fffff,331.92,0.81,0.98,2026-08-20,2209,SNPP,59.5,307.41,30.63,D,3,85,farmland,23.5,1.45,1.76,0,1,Agricultural Burn
FIRMS-IND-11865,22.10569,85.00863,883caa5b51fffff,370.16,0.84,0.88,2026-08-20,2050,Terra,56.6,333.9,329.38,D,2,90,forest,63.7,15.2,14.46,0,0,Wildfire
FIRMS-IND-11866,21.38423,84.80462,883c81c0a9fffff,346.17,0.51,0.41,2026-08-20,0950,SNPP,85.3,327.07,83.53,D,69,79,industrial,4.8,0.66,5.22,2,2,Industrial/Gas Flare
FIRMS-IND-11867,21.26726,85.87894,883c8e9659fffff,341.66,0.65,0.82,2026-08-20,1204,Aqua,74.8,302.44,32.03,D,71,90,mining,11.3,2.59,3.91,1,3,Mining Activity
FIRMS-IND-11868,20.56457,84.98939,883c83b915fffff,318.32,0.64,0.61,2026-08-20,0923,NOAA-20,78.0,281.18,3.92,D,41,90,residential,3.2,0.06,5.68,1,4,Urban/Infrastructure
FIRMS-IND-11869,22.47323,76.86131,883d93c82bfffff,348.52,0.47,0.86,2026-08-20,0416,NOAA-20,64.4,320.4,309.71,D,1,90,forest,61.1,19.17,13.18,0,0,Wildfire
FIRMS-IND-11870,22.35164,73.71812,8842cbd84dfffff,385.61,1.1,1.17,2026-08-20,0556,Aqua,60.9,355.18,128.39,D,80,85,industrial,2.9,1.17,3.57,2,2,Industrial/Gas Flare
FIRMS-IND-11871,30.62012,75.60045,88424974e1fffff,319.31,1.01,0.92,2026-08-20,0838,Terra,69.6,298.55,26.35,N,39,90,residential,8.4,0.76,2.24,1,4,Urban/Infrastructure
FIRMS-IND-11872,30.15836,76.23389,883d160329fffff,325.48,0.89,1.0,2026-08-20,1325,NOAA-20,83.1,299.45,82.84,N,78,85,industrial,6.9,0.48,1.65,2,2,Industrial/Gas Flare
FIRMS-IND-11873,21.1555,76.84759,886093a2ddfffff,305.33,0.45,0.74,2026-08-20,2216,Terra,77.7,289.47,7.87,D,28,85,residential,5.1,0.75,1.29,1,4,Urban/Infrastructure
FIRMS-IND-11874,28.9568,75.00692,883da4b841fffff,328.43,0.99,0.88,2026-08-20,0443,Terra,89.2,307.74,41.97,D,1,90,farmland,15.6,4.96,8.12,0,1,Agricultural Burn
FIRMS-IND-11875,20.95706,86.00934,883c8e8eadfffff,342.09,0.82,0.8,2026-08-20,0658,NOAA-20,59.2,318.01,7.26,D,4,90,farmland,20.1,4.1,9.57,0,1,Agricultural Burn
FIRMS-IND-11876,22.29679,73.47212,8842caaad9fffff,340.55,1.12,1.0,2026-08-20,0349,Terra,84.0,324.19,162.0,D,80,79,industrial,4.4,0.43,5.89,2,2,Industrial/Gas Flare
FIRMS-IND-11877,21.71969,72.81827,8842dd2633fffff,383.27,0.49,0.92,2026-08-20,0308,Aqua,86.2,339.42,209.29,D,88,90,industrial,8.9,0.24,8.0,2,2,Industrial/Gas Flare
FIRMS-IND-11878,23.36597,84.96262,883cae3285fffff,354.88,0.61,0.79,2026-08-20,1051,Aqua,61.7,327.18,290.12,N,38,79,mining,19.9,1.17,3.77,1,3,Mining Activity
FIRMS-IND-11879,21.2597,79.23466,886096c4c5fffff,388.23,0.4,0.88,2026-08-20,1835,Aqua,80.8,343.77,55.2,D,1,85,forest,67.6,11.66,5.9,0,0,Wildfire
FIRMS-IND-11880,22.32975,85.47003,883caa08edfffff,319.59,1.02,0.44,2026-08-20,1620,Aqua,72.9,298.7,16.89,D,1,79,farmland,10.2,0.52,3.03,0,1,Agricultural Burn
FIRMS-IND-11881,22.94033,71.40363,8842c17241fffff,435.83,0.97,0.81,2026-08-20,1618,NOAA-20,76.6,418.78,184.05,D,71,85,industrial,6.7,0.68,6.66,2,2,Industrial/Gas Flare
FIRMS-IND-11882,30.7347,76.63409,883d16b4d3fffff,322.63,0.46,0.51,2026-08-20,1654,Aqua,63.3,295.38,37.95,D,3,79,farmland,17.6,2.34,7.87,0,1,Agricultural Burn
FIRMS-IND-11883,23.36252,81.05534,883ca6d6e9fffff,308.69,0.81,0.36,2026-08-20,1019,Terra,55.9,272.61,7.81,D,4,85,farmland,16.9,3.15,5.31,0,1,Agricultural Burn
FIRMS-IND-11884,22.11795,73.16137,8842ca1053fffff,362.81,1.02,0.88,2026-08-20,1745,NOAA-20,60.5,343.67,50.05,N,71,85,industrial,3.1,0.85,0.67,2,2,Industrial/Gas Flare
FIRMS-IND-11885,22.20153,85.50029,883caa7327fffff,375.27,0.9,0.49,2026-08-20,1408,SNPP,59.7,343.82,50.32,N,69,90,mining,4.2,0.37,9.4,1,3,Mining Activity
FIRMS-IND-11886,21.51928,72.84313,8842dd2dc3fffff,417.79,1.15,1.01,2026-08-20,1051,Aqua,76.8,395.6,425.28,D,83,85,industrial,0.7,0.16,5.72,2,2,Industrial/Gas Flare
FIRMS-IND-11887,22.22441,73.45422,8842caa803fffff,396.82,0.82,0.83,2026-08-20,0306,NOAA-20,84.4,354.13,94.55,N,65,90,industrial,9.2,0.48,4.8,2,2,Industrial/Gas Flare
FIRMS-IND-11888,30.80765,77.19213,883d108869fffff,306.08,0.58,1.16,2026-08-20,2105,SNPP,76.1,281.74,1.39,D,0,85,grassland,3.5,19.65,0.19,1,5,False Positive/Noise
FIRMS-IND-11889,22.13388,73.49368,8842ca3369fffff,330.6,0.49,0.68,2026-08-20,1420,Terra,59.1,304.31,68.66,N,83,90,industrial,9.9,0.63,3.97,2,2,Industrial/Gas Flare
FIRMS-IND-11890,21.40855,84.89048,883c81c51dfffff,338.12,0.46,0.39,2026-08-20,0029,Terra,96.8,305.8,67.06,D,68,85,mining,10.4,1.64,3.74,1,3,Mining Activity
FIRMS-IND-11891,21.80862,72.49721,8842ddaf27fffff,376.45,1.12,0.75,2026-08-20,1932,Aqua,88.8,338.93,411.92,D,73,90,industrial,0.4,0.7,4.28,2,2,Industrial/Gas Flare
FIRMS-IND-11892,23.30359,72.70664,8842cc62bbfffff,382.14,0.78,1.08,2026-08-20,1815,Aqua,88.4,341.85,142.58,D,79,85,industrial,9.1,0.15,6.7,2,2,Industrial/Gas Flare
FIRMS-IND-11893,22.06752,73.41556,8842ca0461fffff,328.3,1.16,0.51,2026-08-20,1316,Terra,68.7,308.61,51.17,D,79,90,industrial,3.1,1.03,1.91,2,2,Industrial/Gas Flare
FIRMS-IND-11894,29.91988,74.19012,8842487831fffff,353.16,0.48,1.02,2026-08-20,0701,NOAA-20,57.5,314.25,36.03,N,4,85,farmland,24.1,0.98,7.79,0,1,Agricultural Burn
FIRMS-IND-11895,30.33906,75.06952,8842494a99fffff,297.57,0.71,0.9,2026-08-20,0953,NOAA-20,70.6,270.0,56.61,N,49,85,mining,10.9,2.65,10.79,1,3,Mining Activity
FIRMS-IND-11896,21.7963,85.51703,883c81a0d9fffff,377.25,0.52,1.15,2026-08-20,2245,NOAA-20,50.2,336.94,48.29,D,39,90,mining,19.5,1.61,13.13,1,3,Mining Activity
FIRMS-IND-11897,22.36935,73.52663,8842caa081fffff,381.0,0.47,0.93,2026-08-20,0228,SNPP,94.9,361.54,253.92,N,81,85,industrial,5.1,1.08,7.72,2,2,Industrial/Gas Flare
FIRMS-IND-11898,22.95554,72.9747,8842c8c0e3fffff,345.94,0.73,1.18,2026-08-20,0019,NOAA-20,55.6,314.32,31.31,D,1,90,forest,76.5,27.87,15.85,0,0,Wildfire
FIRMS-IND-11899,21.47677,78.42309,8860962da7fffff,396.56,0.61,0.77,2026-08-20,1903,Aqua,58.1,371.78,20.01,D,2,90,forest,82.2,6.56,12.96,0,0,Wildfire
FIRMS-IND-11900,23.0028,73.26379,8842c81a91fffff,315.76,0.78,0.46,2026-08-20,1709,NOAA-20,53.6,276.3,26.23,N,2,79,farmland,10.8,3.65,3.29,0,1,Agricultural Burn
FIRMS-IND-11901,20.75605,79.88519,883cb61423fffff,343.98,1.01,0.68,2026-08-20,0135,Terra,82.6,302.81,90.89,D,7,85,forest,86.8,9.91,5.67,0,0,Wildfire
FIRMS-IND-11902,21.8546,84.42245,883c85703dfffff,309.27,0.44,0.55,2026-08-20,0808,NOAA-20,84.7,272.19,13.72,D,1,79,farmland,14.1,0.71,7.56,0,1,Agricultural Burn
FIRMS-IND-11903,21.15785,78.22949,88609052a3fffff,376.81,0.93,1.01,2026-08-20,2028,Aqua,94.9,335.2,21.08,D,4,85,forest,62.6,25.05,12.51,0,0,Wildfire
FIRMS-IND-11904,28.68593,75.34344,883da43ad5fffff,347.73,0.67,0.6,2026-08-20,1755,Aqua,51.1,332.02,215.65,D,9,85,forest,77.2,18.74,7.07,0,0,Wildfire
FIRMS-IND-11905,29.64463,76.17558,883d1648bbfffff,321.86,0.7,0.95,2026-08-20,1029,SNPP,74.5,293.41,47.61,D,3,79,farmland,11.8,2.29,4.36,0,1,Agricultural Burn
FIRMS-IND-11906,23.89949,73.28108,8842cd1901fffff,388.85,0.65,0.36,2026-08-20,0937,Aqua,82.4,356.36,250.6,D,66,79,industrial,4.5,1.48,5.25,2,2,Industrial/Gas Flare
FIRMS-IND-11907,31.45188,74.46675,88424d3a39fffff,326.96,0.9,0.77,2026-08-20,1614,NOAA-20,64.7,310.86,16.38,N,3,90,farmland,12.0,4.44,5.58,0,1,Agricultural Burn
FIRMS-IND-11908,30.26957,75.78833,883d16d731fffff,298.73,0.8,0.85,2026-08-20,1904,SNPP,65.7,270.0,3.97,D,1,79,grassland,6.9,9.69,0.16,1,5,False Positive/Noise
FIRMS-IND-11909,29.67619,76.46304,883da5b697fffff,333.9,0.72,0.88,2026-08-20,1140,Terra,95.5,290.09,32.4,D,4,85,farmland,6.7,2.35,5.19,0,1,Agricultural Burn
FIRMS-IND-11910,29.30986,75.92275,883da58ab1fffff,294.14,0.76,0.74,2026-08-20,2107,NOAA-20,64.1,270.0,88.07,D,2,90,forest,84.6,18.03,6.97,0,0,Wildfire
FIRMS-IND-11911,28.93986,75.20747,883da4aad9fffff,317.04,0.68,0.7,2026-08-20,0857,Aqua,81.1,294.28,45.59,D,3,79,farmland,17.9,2.29,5.55,0,1,Agricultural Burn
FIRMS-IND-11912,22.19966,72.72224,8842ce6c55fffff,401.45,0.6,0.63,2026-08-20,0937,SNPP,53.7,377.61,56.84,N,65,90,industrial,6.7,0.38,7.16,2,2,Industrial/Gas Flare
FIRMS-IND-11913,23.16398,80.45899,883d9bbad3fffff,397.0,0.85,0.63,2026-08-20,0554,Aqua,88.6,377.75,59.46,D,8,90,forest,64.2,6.05,10.93,0,0,Wildfire
FIRMS-IND-11914,30.30803,76.77338,883d163561fffff,343.04,0.68,0.57,2026-08-20,2257,NOAA-20,84.9,317.62,74.38,D,1,85,farmland,13.4,1.95,6.02,0,1,Agricultural Burn
FIRMS-IND-11915,21.87317,77.17357,8860934449fffff,285.45,1.12,0.57,2026-08-20,2025,Terra,92.0,270.0,27.1,N,38,90,residential,2.3,0.7,1.43,1,4,Urban/Infrastructure
FIRMS-IND-11916,32.66636,75.5551,883d307a4dfffff,330.08,0.93,0.93,2026-08-20,0932,Terra,79.3,285.15,9.88,D,4,85,farmland,16.2,1.02,1.24,0,1,Agricultural Burn
FIRMS-IND-11917,31.24944,75.08583,8842498605fffff,354.81,1.18,0.53,2026-08-20,2027,NOAA-20,52.1,330.7,90.89,N,85,79,industrial,9.3,0.91,4.34,2,2,Industrial/Gas Flare
FIRMS-IND-11918,31.22275,75.97887,883d14c039fffff,330.53,1.14,0.86,2026-08-20,1931,NOAA-20,54.9,311.37,26.35,D,3,85,farmland,14.7,4.47,9.92,0,1,Agricultural Burn
FIRMS-IND-11919,21.17461,84.61765,883c8034a3fffff,355.15,0.82,0.78,2026-08-20,1902,Aqua,69.3,314.7,77.43,N,42,90,mining,15.7,2.01,8.37,1,3,Mining Activity
FIRMS-IND-11920,21.88581,85.67896,883c81a69bfffff,327.79,0.65,0.89,2026-08-20,1626,SNPP,91.2,287.45,22.97,N,36,90,mining,14.6,1.37,13.56,1,3,Mining Activity
FIRMS-IND-11921,21.85048,73.17753,8842ca56b3fffff,375.58,0.41,0.84,2026-08-20,0822,Terra,96.4,354.51,143.99,D,6,85,forest,80.6,14.71,19.73,0,0,Wildfire
FIRMS-IND-11922,31.18286,74.80524,8842499117fffff,310.23,0.51,0.59,2026-08-20,0835,Aqua,73.8,285.16,14.98,D,4,90,farmland,18.9,3.05,5.09,0,1,Agricultural Burn
FIRMS-IND-11923,22.08442,72.66459,8842cad20dfffff,385.65,0.86,1.0,2026-08-20,1649,Aqua,79.3,344.55,147.78,N,67,90,industrial,5.6,1.37,1.04,2,2,Industrial/Gas Flare
FIRMS-IND-11924,29.68119,76.03444,883d164a29fffff,310.35,0.55,0.97,2026-08-20,1915,NOAA-20,67.0,292.16,35.35,N,3,79,farmland,8.4,2.8,8.54,0,1,Agricultural Burn
FIRMS-IND-11925,31.52739,74.59591,88424d226bfffff,332.75,0.72,1.04,2026-08-20,0803,Terra,77.3,300.45,19.86,N,4,79,farmland,22.1,2.27,5.21,0,1,Agricultural Burn
FIRMS-IND-11926,23.5398,78.66506,883d9eb5c1fffff,339.22,1.13,0.93,2026-08-20,2254,Aqua,96.9,299.04,63.24,D,1,79,forest,61.3,22.19,19.88,0,0,Wildfire
FIRMS-IND-11927,30.58624,76.70347,883d16a427fffff,316.42,0.96,0.5,2026-08-20,1611,Aqua,91.7,293.37,7.97,N,19,90,residential,13.2,0.12,1.89,1,4,Urban/Infrastructure
FIRMS-IND-11928,23.16866,73.45575,8842c814d7fffff,359.59,1.2,1.15,2026-08-20,1414,Terra,52.9,326.34,134.03,D,71,90,industrial,3.8,1.29,7.19,2,2,Industrial/Gas Flare
FIRMS-IND-11929,20.44364,85.18228,883c83a9b1fffff,334.05,0.71,1.11,2026-08-20,0957,Aqua,51.8,314.8,18.49,D,67,85,mining,15.5,1.21,14.27,1,3,Mining Activity
FIRMS-IND-11930,21.94921,79.22483,883d9a7b25fffff,321.33,0.4,0.93,2026-08-20,1929,Aqua,64.1,294.31,13.34,D,25,90,residential,6.2,0.6,5.14,1,4,Urban/Infrastructure
FIRMS-IND-11931,21.66442,84.288,883c854c83fffff,353.83,0.81,0.59,2026-08-20,0646,Aqua,86.5,334.41,44.72,D,34,90,mining,1.8,1.13,14.74,1,3,Mining Activity
FIRMS-IND-11932,21.1686,73.25388,8842d91485fffff,394.96,0.64,0.85,2026-08-20,2020,NOAA-20,78.4,364.14,50.82,D,88,85,industrial,3.3,1.41,7.9,2,2,Industrial/Gas Flare
FIRMS-IND-11933,21.90442,84.71234,883c852923fffff,302.23,1.04,0.57,2026-08-20,1321,Terra,77.3,270.0,27.07,D,41,90,mining,15.4,2.65,7.1,1,3,Mining Activity
FIRMS-IND-11934,30.28567,74.63535,8842482f03fffff,340.53,1.2,0.59,2026-08-20,1239,Aqua,70.0,324.76,12.9,D,2,85,farmland,13.2,2.22,2.18,0,1,Agricultural Burn
FIRMS-IND-11935,22.01078,78.68875,886092da95fffff,352.12,0.38,0.44,2026-08-20,1743,Aqua,63.3,322.13,142.41,N,6,79,forest,69.5,22.06,7.03,0,0,Wildfire
FIRMS-IND-11936,21.52872,84.98814,883c811349fffff,311.97,0.43,0.73,2026-08-20,1545,Terra,88.6,282.2,91.6,D,29,79,residential,5.3,0.43,5.52,1,4,Urban/Infrastructure
FIRMS-IND-11937,23.29887,78.964,883d98cb57fffff,341.86,0.35,0.87,2026-08-20,1609,NOAA-20,90.8,313.2,81.86,D,2,90,forest,77.4,23.76,10.26,0,0,Wildfire
FIRMS-IND-11938,21.04783,77.99153,8860900a21fffff,294.31,0.52,0.7,2026-08-20,0915,SNPP,90.5,272.96,10.26,D,19,90,residential,11.4,0.28,4.59,1,4,Urban/Infrastructure
FIRMS-IND-11939,19.31938,80.82717,883cb26925fffff,351.13,0.45,0.79,2026-08-20,0712,Terra,77.7,333.26,107.95,D,9,85,forest,67.0,24.55,3.75,0,0,Wildfire
FIRMS-IND-11940,29.75463,75.72433,88424b2565fffff,359.61,0.58,0.54,2026-08-20,1954,SNPP,98.3,330.34,49.18,D,1,90,farmland,12.8,0.76,1.96,0,1,Agricultural Burn
FIRMS-IND-11941,22.36518,73.48752,8842caa017fffff,383.8,0.77,0.72,2026-08-20,2056,Aqua,81.7,368.75,98.68,D,77,85,industrial,6.1,1.05,0.54,2,2,Industrial/Gas Flare
FIRMS-IND-11942,21.7123,72.98403,8842ca5113fffff,386.92,1.11,0.56,2026-08-20,0431,SNPP,77.6,357.22,62.67,N,86,85,industrial,4.3,0.69,3.8,2,2,Industrial/Gas Flare
FIRMS-IND-11943,22.54976,73.62376,8842c8682bfffff,366.9,0.61,1.17,2026-08-20,1240,Aqua,98.7,351.03,249.5,D,79,85,industrial,3.9,1.09,5.99,2,2,Industrial/Gas Flare
FIRMS-IND-11944,21.6188,85.94353,883c8cc899fffff,365.8,0.69,0.36,2026-08-20,0209,NOAA-20,87.2,336.09,35.96,D,36,85,mining,12.4,1.61,13.34,1,3,Mining Activity
FIRMS-IND-11945,30.21983,76.33692,883d160285fffff,291.23,1.16,0.73,2026-08-20,2112,NOAA-20,82.4,270.0,6.78,D,2,90,farmland,19.9,3.92,8.76,0,1,Agricultural Burn
FIRMS-IND-11946,20.73989,79.87199,883cb61519fffff,336.56,0.74,0.52,2026-08-20,0633,Aqua,90.7,311.56,60.79,N,5,85,forest,65.9,19.49,9.35,0,0,Wildfire
FIRMS-IND-11947,22.10545,85.31938,883caa4e4bfffff,345.73,1.15,0.7,2026-08-20,0250,Terra,52.1,300.86,201.83,D,7,85,forest,84.9,14.75,17.24,0,0,Wildfire
FIRMS-IND-11948,30.38831,75.40873,88424979dbfffff,319.22,0.8,0.57,2026-08-20,1938,Terra,64.9,275.96,32.83,N,2,90,farmland,5.1,3.69,5.15,0,1,Agricultural Burn
FIRMS-IND-11949,22.105,81.67576,883cb52013fffff,321.9,0.47,0.57,2026-08-20,1837,NOAA-20,54.8,294.98,52.02,N,58,90,mining,14.1,1.43,13.42,1,3,Mining Activity
FIRMS-IND-11950,21.55073,85.57905,883c8132b9fffff,385.98,0.47,0.99,2026-08-20,0118,Aqua,56.0,362.79,78.3,D,74,85,industrial,0.2,0.26,0.72,2,2,Industrial/Gas Flare
FIRMS-IND-11951,22.08484,74.31452,8842cb4e89fffff,395.96,0.85,0.38,2026-08-20,0027,Aqua,88.7,377.23,60.0,N,82,90,industrial,1.0,1.33,1.52,2,2,Industrial/Gas Flare
FIRMS-IND-11952,23.73861,78.44426,883d9c41d1fffff,316.64,0.56,0.49,2026-08-20,0920,SNPP,58.0,275.63,2.8,D,40,85,residential,3.4,0.42,2.82,1,4,Urban/Infrastructure
FIRMS-IND-11953,21.44615,73.40031,8842d9a2d1fffff,369.06,0.49,0.46,2026-08-20,1722,NOAA-20,77.0,350.93,635.55,D,68,85,industrial,1.4,0.75,5.89,2,2,Industrial/Gas Flare
FIRMS-IND-11954,20.92937,84.50934,883c802a87fffff,357.3,0.57,0.98,2026-08-20,1547,Aqua,58.4,321.7,79.65,N,45,85,mining,8.4,0.7,3.36,1,3,Mining Activity
FIRMS-IND-11955,31.40974,76.25838,883d14120dfffff,357.53,0.96,0.89,2026-08-20,1653,Terra,53.2,336.9,42.3,N,3,79,farmland,10.7,3.81,8.53,0,1,Agricultural Burn
FIRMS-IND-11956,31.55554,76.22844,883d1481b9fffff,310.81,0.73,0.71,2026-08-20,2224,Aqua,94.0,270.0,5.37,D,1,90,waterbody,25.8,17.89,0.13,1,5,False Positive/Noise
FIRMS-IND-11957,22.12994,85.06556,883caa5a17fffff,327.92,0.7,0.73,2026-08-20,0023,Aqua,50.4,304.01,77.42,D,42,79,mining,6.6,1.99,5.98,1,3,Mining Activity
FIRMS-IND-11958,29.51833,76.92243,883d12c0c7fffff,349.94,0.9,0.89,2026-08-20,2055,SNPP,74.3,312.19,30.67,D,3,79,farmland,24.2,2.09,3.56,0,1,Agricultural Burn
FIRMS-IND-11959,21.60331,84.96091,883c818807fffff,399.28,0.69,0.67,2026-08-20,0633,NOAA-20,82.3,368.42,100.94,D,3,79,forest,77.0,29.3,16.55,0,0,Wildfire
FIRMS-IND-11960,22.30498,73.50036,8842caa1abfffff,318.77,1.04,0.5,2026-08-20,2112,SNPP,82.9,293.75,119.01,D,80,79,industrial,2.7,1.43,5.09,2,2,Industrial/Gas Flare
FIRMS-IND-11961,30.13237,75.09131,88424b849dfffff,390.32,0.51,0.57,2026-08-20,1216,NOAA-20,54.5,345.37,38.94,N,6,90,forest,80.3,20.61,15.43,0,0,Wildfire
FIRMS-IND-11962,23.01635,72.46837,8842ceb555fffff,380.55,1.13,0.36,2026-08-20,0353,SNPP,92.4,336.92,157.98,N,65,90,industrial,0.7,0.89,7.4,2,2,Industrial/Gas Flare
FIRMS-IND-11963,20.65597,78.0697,8860908f55fffff,327.36,0.88,0.59,2026-08-20,1622,NOAA-20,88.5,288.61,61.35,D,7,79,forest,60.9,29.73,8.03,0,0,Wildfire
FIRMS-IND-11964,30.11753,75.91471,883d16ce4bfffff,314.51,0.54,0.54,2026-08-20,1007,SNPP,51.5,292.93,5.77,D,1,90,farmland,20.2,2.48,9.56,0,1,Agricultural Burn
FIRMS-IND-11965,22.64452,79.45655,883d9aaae3fffff,353.9,1.08,0.53,2026-08-20,0756,SNPP,97.0,335.37,214.53,N,1,85,forest,64.3,8.37,4.91,0,0,Wildfire
FIRMS-IND-11966,22.4652,73.13207,8842c84969fffff,319.77,0.52,0.94,2026-08-20,2152,Aqua,64.7,300.15,32.78,D,4,85,farmland,5.4,0.85,6.47,0,1,Agricultural Burn
FIRMS-IND-11967,21.80404,84.68059,883c856467fffff,355.79,0.51,0.76,2026-08-20,0130,Terra,69.3,334.28,63.29,N,55,90,mining,5.0,1.58,11.42,1,3,Mining Activity
FIRMS-IND-11968,30.88197,75.20985,884249025bfffff,334.08,0.77,0.88,2026-08-20,1937,Aqua,87.2,302.6,5.19,N,1,85,farmland,24.5,2.42,1.02,0,1,Agricultural Burn
FIRMS-IND-11969,29.98308,75.34646,88424baa87fffff,371.4,0.69,0.76,2026-08-20,0742,NOAA-20,64.5,351.21,71.41,D,1,85,forest,64.8,9.41,11.11,0,0,Wildfire
FIRMS-IND-11970,29.7109,76.25474,883d164c01fffff,368.4,0.87,0.9,2026-08-20,0300,SNPP,61.6,341.89,19.79,N,2,79,farmland,17.5,1.43,8.43,0,1,Agricultural Burn
FIRMS-IND-11971,23.04462,78.75572,883d9e2325fffff,372.99,1.08,0.9,2026-08-20,0211,Aqua,57.0,330.09,27.64,D,1,85,forest,92.2,28.74,17.38,0,0,Wildfire
FIRMS-IND-11972,21.74946,84.69638,883c856533fffff,376.43,0.6,0.65,2026-08-20,0617,SNPP,52.8,338.95,83.32,D,5,85,forest,81.8,19.66,8.75,0,0,Wildfire
FIRMS-IND-11973,22.62979,72.75887,8842ce2051fffff,357.91,1.19,0.79,2026-08-20,0719,Terra,86.6,342.88,63.78,N,72,79,industrial,8.0,1.49,5.39,2,2,Industrial/Gas Flare
FIRMS-IND-11974,23.82279,78.49094,883d9c4747fffff,365.07,0.89,0.53,2026-08-20,0028,Terra,59.5,348.07,78.55,D,3,90,forest,74.7,16.17,4.91,0,0,Wildfire
FIRMS-IND-11975,31.2787,77.206,883d155b47fffff,345.21,0.48,0.63,2026-08-20,0910,SNPP,78.2,308.42,24.78,N,1,90,farmland,8.9,3.38,2.18,0,1,Agricultural Burn
FIRMS-IND-11976,21.81443,85.58356,883c81a469fffff,363.18,0.52,1.0,2026-08-20,1820,SNPP,82.6,336.88,67.71,N,46,90,mining,3.5,0.93,4.29,1,3,Mining Activity
FIRMS-IND-11977,20.06459,77.14564,88609190c5fffff,322.28,0.39,0.77,2026-08-20,2133,NOAA-20,98.8,304.99,146.23,N,2,85,forest,78.5,23.76,7.72,0,0,Wildfire
FIRMS-IND-11978,30.90369,76.29429,883d1440c1fffff,312.16,0.44,0.99,2026-08-20,0205,Aqua,75.5,291.92,2.43,D,19,90,residential,14.7,0.36,2.75,1,4,Urban/Infrastructure
FIRMS-IND-11979,22.65883,79.70928,883d9bd90dfffff,284.96,0.86,0.66,2026-08-20,1731,SNPP,96.6,270.0,7.48,D,1,90,waterbody,6.3,8.43,0.3,1,5,False Positive/Noise
FIRMS-IND-11980,23.05374,73.13016,8842c8c6b7fffff,389.7,0.37,0.78,2026-08-20,1635,SNPP,96.3,348.52,72.71,D,77,85,industrial,8.0,0.41,4.03,2,2,Industrial/Gas Flare
FIRMS-IND-11981,29.15525,75.378,88424b6935fffff,345.94,1.02,1.06,2026-08-20,2123,SNPP,97.7,310.58,26.48,D,1,90,farmland,23.4,0.58,4.55,0,1,Agricultural Burn
FIRMS-IND-11982,31.18305,75.70659,883d14db59fffff,311.66,0.87,0.41,2026-08-20,0713,Terra,69.1,282.39,74.08,D,78,79,industrial,6.7,0.48,3.37,2,2,Industrial/Gas Flare
FIRMS-IND-11983,30.31221,76.4341,883d16065dfffff,319.23,0.78,0.75,2026-08-20,0117,Terra,63.3,291.47,12.3,N,2,90,farmland,8.7,4.72,9.67,0,1,Agricultural Burn
FIRMS-IND-11984,22.72388,72.69574,8842ce372dfffff,335.31,0.46,0.63,2026-08-20,0849,Aqua,73.3,318.38,51.47,D,89,85,industrial,5.6,0.45,5.41,2,2,Industrial/Gas Flare
FIRMS-IND-11985,21.79354,85.86317,883c8cc221fffff,358.17,0.49,0.47,2026-08-20,1025,Aqua,63.2,314.57,73.71,D,73,79,mining,17.8,2.77,14.56,1,3,Mining Activity
FIRMS-IND-11986,21.97367,85.52873,883c81b683fffff,338.85,1.08,0.62,2026-08-20,1740,Terra,70.4,314.48,54.77,D,35,79,mining,19.6,1.71,4.5,1,3,Mining Activity
FIRMS-IND-11987,30.10383,76.6124,883d16390bfffff,350.33,0.65,0.79,2026-08-20,0232,NOAA-20,96.9,318.55,46.9,D,3,90,farmland,9.3,3.02,6.94,0,1,Agricultural Burn
FIRMS-IND-11988,22.78964,80.07937,883d9bc5cbfffff,345.08,1.01,0.96,2026-08-20,0323,Aqua,53.8,327.95,36.43,D,7,85,forest,88.8,13.52,12.66,0,0,Wildfire
FIRMS-IND-11989,22.40465,85.84517,883caa2a41fffff,357.06,0.46,0.94,2026-08-20,1104,NOAA-20,50.1,336.76,136.47,D,2,90,farmland,19.4,0.77,7.85,0,1,Agricultural Burn
FIRMS-IND-11990,21.95403,85.83096,883caa6dadfffff,387.53,1.07,0.4,2026-08-20,1516,SNPP,87.3,364.05,41.86,D,31,79,mining,14.9,1.19,4.52,1,3,Mining Activity
FIRMS-IND-11991,22.24645,73.4545,8842caa85bfffff,354.34,1.08,0.93,2026-08-20,2015,Aqua,99.7,320.33,213.21,D,75,85,industrial,2.1,0.26,4.59,2,2,Industrial/Gas Flare
FIRMS-IND-11992,22.28707,77.90367,8860926295fffff,337.88,0.89,0.61,2026-08-20,1320,Aqua,52.1,295.02,26.58,D,1,90,forest,82.0,17.79,11.19,0,0,Wildfire
FIRMS-IND-11993,30.22195,75.3651,88424bb5cbfffff,327.39,1.19,0.57,2026-08-20,0632,NOAA-20,86.6,284.44,17.37,N,1,90,farmland,15.0,3.22,7.59,0,1,Agricultural Burn
FIRMS-IND-11994,29.7786,76.68085,883d166e67fffff,301.35,1.01,0.89,2026-08-20,0034,NOAA-20,98.7,270.0,108.67,N,2,90,farmland,8.4,0.7,2.93,0,1,Agricultural Burn
FIRMS-IND-11995,21.8275,72.30556,8842ddb9d7fffff,396.21,0.97,0.76,2026-08-20,0005,NOAA-20,50.9,364.91,85.33,D,85,90,industrial,5.0,0.55,7.83,2,2,Industrial/Gas Flare
FIRMS-IND-11996,22.19871,77.69518,883d936ca5fffff,353.27,0.54,0.77,2026-08-20,1604,Aqua,50.6,338.06,59.57,D,1,90,forest,68.1,23.73,11.74,0,0,Wildfire
FIRMS-IND-11997,22.82882,73.33062,8842c80955fffff,335.7,0.44,0.52,2026-08-20,0724,NOAA-20,62.6,314.87,150.02,D,83,90,industrial,1.2,0.31,4.76,2,2,Industrial/Gas Flare
FIRMS-IND-11998,20.9242,85.93947,883c8e8f03fffff,348.31,0.68,0.86,2026-08-20,0842,Aqua,87.7,325.96,20.64,N,68,79,mining,16.5,2.13,12.89,1,3,Mining Activity
FIRMS-IND-11999,21.67874,84.90153,883c818a41fffff,341.1,0.86,0.79,2026-08-20,0218,SNPP,99.9,312.14,155.5,N,64,90,mining,5.0,1.49,10.33,1,3,Mining Activity
FIRMS-IND-12000,20.53214,80.66181,883cb04a03fffff,337.78,1.18,0.66,2026-08-20,0803,Aqua,59.8,302.57,172.94,N,1,85,forest,91.1,27.83,3.26,0,0,Wildfire
FIRMS-IND-12001,30.60501,76.89361,883d10dad3fffff,313.29,0.61,1.04,2026-08-20,0054,Aqua,99.6,281.77,40.87,D,4,85,farmland,21.5,2.62,7.3,0,1,Agricultural Burn
FIRMS-IND-12002,22.91304,73.85397,8842c828e3fffff,382.88,1.06,0.81,2026-08-20,0339,SNPP,63.6,350.07,97.5,D,72,85,industrial,9.5,0.11,2.88,2,2,Industrial/Gas Flare
FIRMS-IND-12003,22.55869,84.9335,883caad18bfffff,328.84,0.61,0.5,2026-08-20,1310,Terra,75.9,287.28,43.28,D,2,90,farmland,7.1,1.63,3.89,0,1,Agricultural Burn
FIRMS-IND-12004,21.15116,85.31036,883c817011fffff,342.62,0.59,1.14,2026-08-20,1758,SNPP,69.5,302.31,123.17,D,67,85,mining,13.8,1.64,6.23,1,3,Mining Activity
FIRMS-IND-12005,21.81772,78.92351,883d9a4969fffff,371.8,1.17,0.38,2026-08-20,1045,NOAA-20,96.2,337.84,90.41,D,3,90,forest,79.0,15.78,19.34,0,0,Wildfire
FIRMS-IND-12006,22.35591,80.58224,883d9b61a3fffff,311.45,0.71,0.93,2026-08-20,0340,Aqua,65.1,282.22,23.87,D,66,79,mining,16.0,0.92,2.05,1,3,Mining Activity
FIRMS-IND-12007,22.06276,73.06405,8842cac4dbfffff,334.92,0.66,1.13,2026-08-20,1501,SNPP,65.1,317.57,51.52,D,75,85,industrial,1.8,1.43,1.18,2,2,Industrial/Gas Flare
FIRMS-IND-12008,30.85811,76.08605,883d145ae7fffff,289.67,0.99,0.7,2026-08-20,1026,NOAA-20,90.5,270.0,7.64,N,0,85,grassland,32.1,6.07,0.18,1,5,False Positive/Noise
FIRMS-IND-12009,20.3923,79.97029,883cb672a3fffff,300.78,1.19,0.42,2026-08-20,2151,Terra,95.5,283.1,7.55,N,0,79,grassland,12.1,4.64,0.98,1,5,False Positive/Noise
FIRMS-IND-12010,31.72065,75.37907,883d3209cbfffff,316.35,0.51,0.87,2026-08-20,1753,NOAA-20,89.9,295.54,27.71,D,3,85,farmland,5.5,3.61,1.2,0,1,Agricultural Burn
FIRMS-IND-12011,21.53175,85.59315,883c8130ddfffff,346.27,0.39,0.78,2026-08-20,1623,Terra,60.6,319.92,15.8,N,52,90,mining,15.3,0.69,3.45,1,3,Mining Activity
FIRMS-IND-12012,22.3681,73.78431,8842cbd8c9fffff,333.68,0.8,0.94,2026-08-20,0337,Terra,91.3,301.93,169.92,D,80,90,industrial,5.6,1.13,3.9,2,2,Industrial/Gas Flare
FIRMS-IND-12013,21.48556,84.28759,883c80b52dfffff,363.8,0.65,0.99,2026-08-20,1405,Terra,61.4,322.64,16.1,D,57,85,mining,17.6,0.37,4.95,1,3,Mining Activity
FIRMS-IND-12014,22.23559,73.00635,8842ca8acdfffff,348.09,0.78,0.86,2026-08-20,0333,Terra,83.9,332.17,112.69,N,79,90,industrial,9.8,1.36,1.96,2,2,Industrial/Gas Flare
FIRMS-IND-12015,22.64236,73.39802,8842c87b45fffff,378.01,1.08,0.9,2026-08-20,2121,Aqua,77.9,342.39,219.79,N,77,90,industrial,2.1,0.28,4.96,2,2,Industrial/Gas Flare
FIRMS-IND-12016,20.80529,78.20757,8860908925fffff,348.56,0.87,0.61,2026-08-20,1316,Terra,86.7,325.66,266.58,N,7,85,forest,63.7,6.42,17.85,0,0,Wildfire
FIRMS-IND-12017,21.92436,86.00895,883c8cd48bfffff,353.66,1.02,0.96,2026-08-20,0646,Terra,55.2,331.68,62.04,N,32,85,mining,20.0,1.17,12.58,1,3,Mining Activity
FIRMS-IND-12018,30.47499,75.97791,883d168141fffff,295.09,1.1,0.45,2026-08-20,1718,Aqua,66.9,270.0,1.54,D,0,90,waterbody,14.1,16.43,0.18,1,5,False Positive/Noise
FIRMS-IND-12019,21.46229,78.25188,8860904b2dfffff,331.28,0.9,0.98,2026-08-20,0616,SNPP,66.4,296.81,59.2,N,42,90,mining,4.5,0.82,3.55,1,3,Mining Activity
FIRMS-IND-12020,29.74307,75.93562,883d16580bfffff,355.14,0.76,0.69,2026-08-20,2133,NOAA-20,51.2,324.76,120.84,D,6,85,forest,94.7,21.39,19.7,0,0,Wildfire
FIRMS-IND-12021,23.24596,79.21516,883d98576bfffff,402.7,0.84,0.53,2026-08-20,1802,NOAA-20,87.0,365.51,46.36,D,8,85,forest,85.1,12.83,5.77,0,0,Wildfire
FIRMS-IND-12022,23.20808,78.76407,883d9e32b3fffff,352.68,1.05,0.37,2026-08-20,0943,NOAA-20,58.9,336.61,62.14,D,5,90,forest,69.1,29.94,16.05,0,0,Wildfire
FIRMS-IND-12023,22.4094,72.74627,8842ce2933fffff,349.71,0.82,0.56,2026-08-20,1326,Aqua,97.6,317.89,23.58,D,61,85,mining,2.6,0.56,4.92,1,3,Mining Activity
FIRMS-IND-12024,29.67161,76.48983,883d166b63fffff,340.71,1.01,0.53,2026-08-20,0205,SNPP,97.2,311.1,11.82,D,3,90,farmland,23.2,1.26,6.03,0,1,Agricultural Burn
FIRMS-IND-12025,29.43239,75.72538,883da59ac9fffff,297.35,1.13,0.72,2026-08-20,1952,SNPP,57.3,270.0,15.72,D,1,90,farmland,19.0,0.52,1.96,0,1,Agricultural Burn
FIRMS-IND-12026,21.74854,73.6026,8842ca60ddfffff,395.56,0.99,0.85,2026-08-20,0946,Aqua,52.6,352.07,425.42,D,83,85,industrial,4.1,1.32,4.66,2,2,Industrial/Gas Flare
FIRMS-IND-12027,21.98283,85.13483,883caa4b0bfffff,401.04,1.05,0.79,2026-08-20,1033,NOAA-20,73.8,372.23,81.02,D,8,79,forest,72.3,27.29,12.8,0,0,Wildfire
FIRMS-IND-12028,22.8364,72.99183,8842c8c899fffff,383.99,0.61,1.07,2026-08-20,1442,SNPP,85.7,358.65,95.79,D,76,90,industrial,7.4,1.25,2.95,2,2,Industrial/Gas Flare
FIRMS-IND-12029,22.11227,85.92274,883c8c9a65fffff,332.94,0.6,0.73,2026-08-20,0121,SNPP,61.4,305.57,85.93,D,68,90,mining,4.8,1.39,11.27,1,3,Mining Activity
FIRMS-IND-12030,21.0944,79.00014,8860961655fffff,314.48,0.77,1.14,2026-08-20,2225,SNPP,56.4,286.52,21.98,N,4,79,farmland,8.4,2.01,7.11,0,1,Agricultural Burn
FIRMS-IND-12031,21.81993,79.72421,883cb4d5d9fffff,322.16,0.79,1.05,2026-08-20,1419,Aqua,68.4,291.97,96.87,N,4,90,forest,87.5,29.23,16.08,0,0,Wildfire
FIRMS-IND-12032,21.4118,78.86703,8860960c15fffff,299.8,0.71,1.07,2026-08-20,0736,Aqua,98.9,270.0,1.99,D,0,90,waterbody,20.7,15.19,0.56,1,5,False Positive/Noise
FIRMS-IND-12033,20.68158,78.80278,8860944cd5fffff,332.03,1.13,0.97,2026-08-20,1937,NOAA-20,65.5,311.25,45.19,D,51,90,mining,11.4,0.24,13.59,1,3,Mining Activity
FIRMS-IND-12034,21.1306,84.65882,883c802631fffff,312.44,1.08,0.4,2026-08-20,0742,NOAA-20,74.2,270.0,136.29,N,36,90,mining,9.9,2.86,8.19,1,3,Mining Activity
FIRMS-IND-12035,21.51483,72.98986,8842d996b9fffff,320.92,0.52,0.64,2026-08-20,1736,Aqua,87.9,286.57,42.1,N,1,85,farmland,15.9,4.91,4.81,0,1,Agricultural Burn
FIRMS-IND-12036,31.78015,75.02073,883d32cc09fffff,342.12,1.02,0.75,2026-08-20,2145,NOAA-20,89.5,313.63,24.71,D,1,85,farmland,15.8,2.06,2.44,0,1,Agricultural Burn
FIRMS-IND-12037,29.7466,76.63812,883d166a93fffff,298.28,0.71,1.08,2026-08-20,1352,Terra,90.6,273.2,36.2,N,2,79,farmland,15.2,1.9,8.98,0,1,Agricultural Burn
FIRMS-IND-12038,23.23051,73.20134,8842c88f11fffff,353.28,0.38,0.9,2026-08-20,1119,NOAA-20,51.8,331.28,126.77,N,85,90,industrial,3.9,1.0,3.54,2,2,Industrial/Gas Flare
FIRMS-IND-12039,22.67259,73.50351,8842c87aadfffff,383.94,0.99,0.58,2026-08-20,1302,SNPP,71.2,349.67,137.64,D,35,79,mining,11.6,0.85,14.15,1,3,Mining Activity
FIRMS-IND-12040,22.88872,84.79627,883cae6235fffff,377.51,0.74,0.5,2026-08-20,0647,SNPP,63.5,358.85,154.24,D,89,90,industrial,5.3,0.19,6.88,2,2,Industrial/Gas Flare
FIRMS-IND-12041,22.00717,73.93467,8842ca2c99fffff,299.61,1.19,0.64,2026-08-20,0728,Terra,55.9,276.19,4.8,D,1,90,grassland,29.6,2.81,0.21,1,5,False Positive/Noise
FIRMS-IND-12042,22.26396,86.86483,883cab69b1fffff,406.03,0.9,1.11,2026-08-20,2101,SNPP,99.6,388.4,99.18,D,68,90,industrial,8.4,0.68,7.11,2,2,Industrial/Gas Flare
FIRMS-IND-12043,22.59824,85.53882,883caa158dfffff,365.45,1.13,1.19,2026-08-20,0833,NOAA-20,99.5,346.41,16.7,D,34,85,mining,15.6,1.43,7.27,1,3,Mining Activity
FIRMS-IND-12044,22.72108,73.50815,8842c87ad9fffff,364.77,0.68,0.5,2026-08-20,1523,NOAA-20,53.4,346.79,88.52,D,88,90,industrial,2.4,0.2,3.76,2,2,Industrial/Gas Flare
FIRMS-IND-12045,31.25741,75.09889,8842498603fffff,342.19,0.78,0.87,2026-08-20,1119,Aqua,96.9,324.78,33.97,D,1,90,farmland,10.4,3.59,2.21,0,1,Agricultural Burn
FIRMS-IND-12046,22.40974,84.87438,883caad9c1fffff,350.82,0.79,0.35,2026-08-20,0650,NOAA-20,51.9,309.13,25.96,N,67,85,mining,11.0,2.67,7.54,1,3,Mining Activity
FIRMS-IND-12047,21.94529,84.87451,883c852d27fffff,323.53,0.69,0.56,2026-08-20,0342,Aqua,79.9,300.62,81.47,D,69,79,mining,18.2,1.44,5.18,1,3,Mining Activity
FIRMS-IND-12048,21.86044,85.42837,883c81b561fffff,309.3,0.77,0.41,2026-08-20,0447,Aqua,63.9,289.21,10.06,D,42,79,residential,6.9,0.36,2.89,1,4,Urban/Infrastructure
FIRMS-IND-12049,30.09543,76.221,883d1618a3fffff,295.03,1.0,1.07,2026-08-20,0633,NOAA-20,55.1,270.0,6.11,D,2,90,farmland,14.2,1.07,9.75,0,1,Agricultural Burn
FIRMS-IND-12050,21.916,84.79977,883c8529bbfffff,304.07,0.8,1.13,2026-08-20,2205,Aqua,76.7,270.0,3.81,D,0,90,waterbody,31.0,6.94,0.12,1,5,False Positive/Noise
FIRMS-IND-12051,22.82385,78.25078,883d9e55d3fffff,338.24,0.57,1.02,2026-08-20,2009,NOAA-20,50.3,306.15,38.56,D,53,85,mining,18.3,2.7,10.28,1,3,Mining Activity
FIRMS-IND-12052,31.27511,75.26545,884249b317fffff,309.73,1.05,1.18,2026-08-20,1837,SNPP,89.2,270.0,11.36,N,1,90,farmland,22.8,4.15,2.44,0,1,Agricultural Burn
FIRMS-IND-12053,22.39004,73.52798,8842caa0d1fffff,346.64,0.61,0.4,2026-08-20,0810,SNPP,71.2,302.52,88.16,D,78,90,industrial,5.7,0.11,4.39,2,2,Industrial/Gas Flare
FIRMS-IND-12054,23.28255,79.91381,883d982989fffff,337.27,1.17,0.44,2026-08-20,0453,SNPP,66.0,310.33,24.21,D,7,90,forest,81.7,12.98,9.55,0,0,Wildfire
FIRMS-IND-12055,21.97943,79.60745,883d9a6eabfffff,418.16,0.83,0.85,2026-08-20,1333,SNPP,88.5,376.6,149.3,N,2,90,forest,65.7,11.33,15.75,0,0,Wildfire
FIRMS-IND-12056,29.83057,74.34737,8842486831fffff,336.47,0.85,0.38,2026-08-20,1657,SNPP,75.9,297.58,22.9,D,2,90,farmland,16.9,4.96,9.87,0,1,Agricultural Burn
FIRMS-IND-12057,19.97777,79.1277,8860949913fffff,316.47,0.44,0.61,2026-08-20,1526,Terra,63.6,282.9,18.24,N,3,90,farmland,8.3,1.69,2.3,0,1,Agricultural Burn
FIRMS-IND-12058,30.55608,75.96419,883d168269fffff,340.22,1.03,0.82,2026-08-20,0427,NOAA-20,94.2,307.36,16.92,D,3,90,farmland,12.8,0.8,6.17,0,1,Agricultural Burn
FIRMS-IND-12059,21.22324,85.1776,883c810835fffff,368.67,0.76,1.09,2026-08-20,0628,SNPP,83.8,334.51,98.64,N,69,79,mining,19.8,0.44,4.19,1,3,Mining Activity
FIRMS-IND-12060,22.05124,80.73187,883cb5c151fffff,343.03,0.47,0.39,2026-08-20,1810,Terra,62.3,307.76,41.54,N,3,85,forest,71.0,7.73,15.4,0,0,Wildfire
FIRMS-IND-12061,21.98438,85.29876,883caa4d45fffff,350.33,0.67,1.05,2026-08-20,0658,NOAA-20,63.2,313.7,49.76,D,53,90,mining,8.2,0.54,14.72,1,3,Mining Activity
FIRMS-IND-12062,23.35556,79.28172,883d981947fffff,378.65,0.55,0.5,2026-08-20,1815,Terra,72.8,348.3,24.56,D,8,85,forest,88.5,23.68,13.36,0,0,Wildfire
FIRMS-IND-12063,32.20433,74.80252,883d3665bdfffff,305.66,0.4,0.89,2026-08-20,1001,Terra,90.8,281.62,46.47,N,2,85,farmland,22.2,1.19,4.95,0,1,Agricultural Burn
FIRMS-IND-12064,22.95869,77.23643,883d938e13fffff,357.41,0.94,0.75,2026-08-20,1823,Terra,69.7,331.64,78.23,N,5,90,forest,81.9,16.83,14.71,0,0,Wildfire
FIRMS-IND-12065,30.62665,75.1448,8842490b29fffff,314.92,0.82,0.99,2026-08-20,2004,SNPP,73.5,273.01,16.61,D,4,90,farmland,22.4,2.91,6.14,0,1,Agricultural Burn
FIRMS-IND-12066,22.30739,85.90647,883caa29c9fffff,319.29,0.69,0.89,2026-08-20,1955,SNPP,99.9,300.07,29.39,D,53,90,mining,7.5,2.36,9.55,1,3,Mining Activity
FIRMS-IND-12067,30.62596,75.79578,88424929b7fffff,333.18,1.09,0.78,2026-08-20,1626,Terra,52.6,300.95,22.39,N,3,79,farmland,7.1,0.79,6.4,0,1,Agricultural Burn
FIRMS-IND-12068,21.32297,86.05765,883c8c412dfffff,315.19,0.7,0.65,2026-08-20,0500,Terra,61.2,282.73,16.99,N,63,90,mining,13.0,0.33,4.22,1,3,Mining Activity
FIRMS-IND-12069,21.58164,79.94266,883cb419e5fffff,369.28,0.97,0.91,2026-08-20,1947,Aqua,96.4,352.64,132.93,N,9,85,forest,85.8,18.39,18.31,0,0,Wildfire
FIRMS-IND-12070,22.63747,73.59991,8842c8612dfffff,385.69,0.83,0.7,2026-08-20,0439,NOAA-20,98.4,346.66,318.49,D,89,79,industrial,9.4,0.57,1.26,2,2,Industrial/Gas Flare
FIRMS-IND-12071,22.02891,73.42032,8842ca0503fffff,347.02,0.85,1.13,2026-08-20,1042,NOAA-20,96.4,314.24,54.04,N,70,90,industrial,3.5,0.53,5.33,2,2,Industrial/Gas Flare
FIRMS-IND-12072,31.21376,75.32495,884249b1e7fffff,326.13,0.74,0.52,2026-08-20,0746,Terra,55.8,305.49,17.73,D,1,79,farmland,14.2,4.27,3.87,0,1,Agricultural Burn
FIRMS-IND-12073,22.92758,78.96564,883d9e2de3fffff,390.27,1.08,0.6,2026-08-20,0406,Aqua,98.4,348.55,165.18,N,7,90,forest,71.7,11.19,4.32,0,0,Wildfire
FIRMS-IND-12074,22.80879,73.11046,8842c8cda7fffff,343.35,0.44,0.92,2026-08-20,1652,SNPP,66.3,310.9,160.69,D,73,90,industrial,8.9,0.99,5.48,2,2,Industrial/Gas Flare
FIRMS-IND-12075,21.82698,85.62485,883c81a41dfffff,337.68,0.51,0.99,2026-08-20,1638,NOAA-20,87.9,299.58,68.53,N,67,85,mining,6.3,2.39,8.46,1,3,Mining Activity
FIRMS-IND-12076,30.49509,74.69339,8842482615fffff,405.44,1.14,0.88,2026-08-20,2205,Terra,68.4,386.94,153.98,D,87,90,industrial,7.0,0.27,4.66,2,2,Industrial/Gas Flare
FIRMS-IND-12077,30.8657,75.46329,88424904e1fffff,313.66,0.82,0.66,2026-08-20,0336,Terra,83.3,270.08,21.7,N,4,85,farmland,21.0,4.89,8.74,0,1,Agricultural Burn
FIRMS-IND-12078,22.63639,72.8088,8842ce20ddfffff,402.84,1.03,0.74,2026-08-20,0953,NOAA-20,94.8,374.7,272.55,N,87,90,industrial,5.9,0.57,1.52,2,2,Industrial/Gas Flare
FIRMS-IND-12079,30.28851,75.88706,883d16d4e1fffff,291.9,0.6,1.16,2026-08-20,1408,Terra,50.5,270.0,33.15,D,1,85,farmland,17.6,3.37,6.25,0,1,Agricultural Burn
FIRMS-IND-12080,22.16869,85.31701,883caa4767fffff,366.24,0.53,0.88,2026-08-20,0535,SNPP,70.6,334.09,121.89,D,49,90,mining,12.3,1.16,2.92,1,3,Mining Activity
FIRMS-IND-12081,20.40716,84.84545,883c8310ebfffff,386.16,0.73,1.12,2026-08-20,0733,SNPP,59.7,358.89,41.14,D,5,79,forest,87.8,17.78,9.21,0,0,Wildfire
FIRMS-IND-12082,21.22652,85.70823,883c8128b3fffff,313.51,0.73,0.76,2026-08-20,1135,SNPP,59.9,294.26,18.69,N,39,90,mining,5.6,0.24,14.26,1,3,Mining Activity
FIRMS-IND-12083,30.55597,75.47654,88424970b1fffff,323.21,0.64,1.15,2026-08-20,0935,Aqua,96.9,298.08,50.46,N,2,85,farmland,20.2,4.3,4.11,0,1,Agricultural Burn
FIRMS-IND-12084,31.46382,75.4767,883d327957fffff,326.85,0.65,0.65,2026-08-20,1508,SNPP,91.8,297.06,46.21,D,2,90,farmland,6.1,3.44,2.08,0,1,Agricultural Burn
FIRMS-IND-12085,21.82409,72.98583,8842cacd37fffff,370.89,1.05,0.92,2026-08-20,1212,Aqua,82.2,354.75,99.85,D,73,90,industrial,7.9,0.14,7.94,2,2,Industrial/Gas Flare
FIRMS-IND-12086,21.05336,80.82162,883cb01117fffff,354.41,1.14,0.61,2026-08-20,0649,NOAA-20,67.2,320.26,71.5,N,5,90,forest,68.6,22.79,5.35,0,0,Wildfire
FIRMS-IND-12087,23.26792,73.53759,8842c8aac5fffff,359.89,1.03,0.5,2026-08-20,2230,Aqua,76.8,323.57,451.68,D,87,85,industrial,2.4,0.55,2.69,2,2,Industrial/Gas Flare
FIRMS-IND-12088,30.78292,74.76184,884249c053fffff,294.82,1.01,0.65,2026-08-20,1802,SNPP,92.1,270.0,7.74,N,1,90,grassland,27.5,6.6,0.61,1,5,False Positive/Noise
FIRMS-IND-12089,24.01694,79.86312,883d9d6b3bfffff,329.19,0.5,0.61,2026-08-20,0422,Aqua,99.3,312.1,10.9,D,4,85,farmland,6.4,2.36,6.55,0,1,Agricultural Burn
FIRMS-IND-12090,21.81852,85.37794,883c81b197fffff,327.07,0.47,0.62,2026-08-20,1429,SNPP,99.3,294.87,50.83,N,4,85,farmland,22.5,3.99,8.54,0,1,Agricultural Burn
FIRMS-IND-12091,21.57185,83.75243,883c8092c3fffff,327.41,0.6,0.78,2026-08-20,1752,Terra,89.6,289.29,43.46,D,1,85,farmland,11.6,4.93,8.88,0,1,Agricultural Burn
FIRMS-IND-12092,29.97003,75.48362,88424badcdfffff,329.72,1.2,1.19,2026-08-20,1047,Terra,63.2,297.82,59.03,N,3,90,farmland,16.1,2.91,8.64,0,1,Agricultural Burn
FIRMS-IND-12093,30.69356,76.60232,883d16b4e7fffff,314.36,0.73,1.04,2026-08-20,0925,SNPP,68.1,286.33,4.99,D,26,85,residential,5.5,0.2,3.19,1,4,Urban/Infrastructure
FIRMS-IND-12094,30.29691,75.35776,88424bb6e3fffff,320.8,0.79,0.5,2026-08-20,0850,Aqua,63.6,283.86,26.92,D,2,90,farmland,15.1,1.67,9.41,0,1,Agricultural Burn
FIRMS-IND-12095,22.08366,84.9828,883caa5b45fffff,350.24,0.48,0.47,2026-08-20,1529,SNPP,55.4,306.89,62.78,D,67,90,mining,2.7,2.01,14.86,1,3,Mining Activity
FIRMS-IND-12096,31.4484,76.59977,883d14a941fffff,338.33,0.55,0.7,2026-08-20,1706,Terra,50.3,308.97,19.15,D,3,85,farmland,23.6,3.81,1.17,0,1,Agricultural Burn
FIRMS-IND-12097,22.7903,78.26341,883d9e55b3fffff,324.15,0.8,0.9,2026-08-20,1133,NOAA-20,54.0,280.16,17.72,D,4,85,farmland,20.5,4.06,7.61,0,1,Agricultural Burn
FIRMS-IND-12098,23.02226,85.24752,883caa970bfffff,311.95,0.67,1.19,2026-08-20,2010,SNPP,94.1,285.16,15.95,D,54,85,mining,11.4,1.48,11.95,1,3,Mining Activity
FIRMS-IND-12099,21.85462,77.72111,8860923557fffff,353.92,0.96,0.59,2026-08-20,2231,NOAA-20,68.6,333.36,48.36,N,6,90,forest,79.6,27.0,10.24,0,0,Wildfire
FIRMS-IND-12100,21.47237,85.25201,883c8102d3fffff,331.38,0.74,0.47,2026-08-20,2206,Aqua,58.1,296.41,21.58,D,73,90,mining,9.3,1.16,7.73,1,3,Mining Activity
FIRMS-IND-12101,21.46942,73.3746,8842d9b539fffff,303.18,0.54,0.72,2026-08-20,1643,SNPP,51.2,284.03,3.93,N,1,90,grassland,24.2,1.21,0.4,1,5,False Positive/Noise
FIRMS-IND-12102,22.64135,74.00823,8842cb8a67fffff,339.32,1.19,1.01,2026-08-20,1706,NOAA-20,67.3,311.75,54.28,D,1,90,farmland,21.7,3.57,2.3,0,1,Agricultural Burn
FIRMS-IND-12103,21.8393,85.2722,883c81b14bfffff,371.8,1.09,0.37,2026-08-20,0109,SNPP,61.9,335.57,24.24,N,58,90,mining,0.4,2.34,4.56,1,3,Mining Activity
FIRMS-IND-12104,21.39613,85.32267,883c810563fffff,310.56,0.64,0.7,2026-08-20,1001,Terra,51.7,270.0,10.0,N,18,90,residential,3.5,0.34,1.37,1,4,Urban/Infrastructure
FIRMS-IND-12105,22.00536,73.3652,8842ca00b5fffff,377.91,0.77,1.06,2026-08-20,0543,SNPP,81.1,336.85,255.97,D,73,90,industrial,2.8,0.91,6.33,2,2,Industrial/Gas Flare
FIRMS-IND-12106,21.96127,85.75652,883caa6d65fffff,381.05,0.37,0.6,2026-08-20,2249,NOAA-20,80.8,354.89,70.81,D,58,79,mining,17.7,1.02,3.79,1,3,Mining Activity
FIRMS-IND-12107,21.90242,73.27482,8842ca085bfffff,381.34,0.36,0.54,2026-08-20,1255,Aqua,75.9,354.51,57.66,D,79,90,industrial,0.9,0.26,2.89,2,2,Industrial/Gas Flare
FIRMS-IND-12108,29.77506,75.92628,883d165aedfffff,315.76,0.79,0.38,2026-08-20,0134,NOAA-20,98.8,275.09,6.77,D,2,79,farmland,13.1,1.39,4.37,0,1,Agricultural Burn
FIRMS-IND-12109,22.12229,78.3438,8860921923fffff,372.81,0.65,1.08,2026-08-20,0317,Terra,94.4,345.36,60.62,D,7,90,forest,87.9,28.09,19.39,0,0,Wildfire
FIRMS-IND-12110,32.10082,76.76729,883d337031fffff,313.35,0.62,0.49,2026-08-20,0713,Aqua,71.3,290.52,37.69,N,4,90,farmland,21.0,2.5,6.08,0,1,Agricultural Burn
FIRMS-IND-12111,21.55323,73.4581,8842ca6b2dfffff,307.53,0.43,0.76,2026-08-20,1946,SNPP,55.2,270.0,2.89,N,38,85,residential,7.0,0.49,1.22,1,4,Urban/Infrastructure
FIRMS-IND-12112,22.4341,80.39591,883d9b7a13fffff,299.38,1.08,0.95,2026-08-20,0601,NOAA-20,78.9,270.0,127.12,N,85,90,industrial,7.8,1.2,5.99,2,2,Industrial/Gas Flare
FIRMS-IND-12113,22.23452,72.72767,8842ce6eebfffff,346.56,0.58,0.75,2026-08-20,0702,Aqua,63.5,311.65,66.84,D,87,85,industrial,4.1,1.41,6.31,2,2,Industrial/Gas Flare
FIRMS-IND-12114,22.18333,72.96197,8842ca8b19fffff,371.96,0.72,1.14,2026-08-20,0506,NOAA-20,58.7,356.1,162.64,D,7,85,forest,78.7,26.27,13.49,0,0,Wildfire
FIRMS-IND-12115,20.72639,84.86718,883c83846bfffff,358.06,0.77,0.71,2026-08-20,1103,SNPP,92.9,316.29,12.25,N,4,79,farmland,17.8,3.78,7.64,0,1,Agricultural Burn
FIRMS-IND-12116,21.13928,77.23308,8860939589fffff,360.45,0.69,1.07,2026-08-20,0945,SNPP,64.0,343.98,292.04,D,73,90,industrial,5.8,0.44,4.92,2,2,Industrial/Gas Flare
FIRMS-IND-12117,31.00806,76.58396,883d147005fffff,310.41,0.65,0.79,2026-08-20,1043,Aqua,94.3,283.01,19.03,D,37,85,residential,3.3,0.44,1.34,1,4,Urban/Infrastructure
FIRMS-IND-12118,31.11244,76.05541,883d14cf35fffff,402.14,0.82,1.08,2026-08-20,1246,Terra,84.2,381.43,74.68,D,73,85,industrial,6.1,1.14,7.27,2,2,Industrial/Gas Flare
FIRMS-IND-12119,31.0495,76.43761,883d14093bfffff,309.63,0.85,1.16,2026-08-20,0318,SNPP,87.6,273.89,11.36,N,4,90,farmland,14.9,4.75,3.91,0,1,Agricultural Burn
FIRMS-IND-12120,21.43384,79.66465,883cb4536bfffff,391.42,0.73,0.69,2026-08-20,1835,NOAA-20,62.7,365.67,156.21,D,9,90,forest,60.3,6.72,15.79,0,0,Wildfire
FIRMS-IND-12121,22.38929,73.51169,8842caa0ddfffff,319.49,0.46,0.54,2026-08-20,1250,NOAA-20,90.0,288.45,37.42,N,3,90,farmland,20.8,1.81,2.01,0,1,Agricultural Burn
FIRMS-IND-12122,22.72154,74.46763,8842cbaa51fffff,375.27,1.07,1.14,2026-08-20,0055,Aqua,88.1,358.02,66.92,N,84,90,industrial,4.9,0.46,3.45,2,2,Industrial/Gas Flare
FIRMS-IND-12123,21.31272,73.36967,8842d9a133fffff,349.43,0.99,0.91,2026-08-20,1354,SNPP,69.3,316.09,151.31,D,85,79,industrial,5.1,1.41,5.23,2,2,Industrial/Gas Flare
FIRMS-IND-12124,22.29814,77.86014,886092672bfffff,350.54,0.72,0.64,2026-08-20,1739,NOAA-20,65.3,320.14,352.47,D,6,90,forest,85.7,28.99,5.51,0,0,Wildfire
FIRMS-IND-12125,30.49039,76.03188,883d168021fffff,339.66,1.03,0.82,2026-08-20,0431,Terra,80.4,314.05,25.64,D,4,90,farmland,24.1,3.22,8.65,0,1,Agricultural Burn
FIRMS-IND-12126,21.56726,84.91514,883c818909fffff,337.21,0.84,0.63,2026-08-20,0949,SNPP,68.7,316.13,25.33,D,55,90,mining,17.2,0.82,2.38,1,3,Mining Activity
FIRMS-IND-12127,28.74573,75.8651,883da551a3fffff,314.98,0.49,0.48,2026-08-20,1356,NOAA-20,80.6,291.15,39.23,D,3,90,farmland,14.8,2.56,2.9,0,1,Agricultural Burn
FIRMS-IND-12128,21.32414,75.88852,88609e0d89fffff,313.87,1.17,0.95,2026-08-20,1818,SNPP,74.9,286.44,11.57,N,4,90,farmland,12.2,1.1,3.51,0,1,Agricultural Burn
FIRMS-IND-12129,21.75192,73.22305,8842ca4627fffff,357.1,0.42,0.42,2026-08-20,0830,SNPP,72.1,316.51,90.75,D,76,90,industrial,0.4,0.29,7.52,2,2,Industrial/Gas Flare
FIRMS-IND-12130,21.48892,79.08975,8860960b23fffff,344.45,0.59,0.6,2026-08-20,2254,NOAA-20,58.7,315.79,162.89,D,2,85,forest,79.5,26.0,18.92,0,0,Wildfire
FIRMS-IND-12131,31.26179,74.27832,88424d0d2dfffff,348.65,0.8,0.37,2026-08-20,1155,Terra,80.8,313.63,182.22,D,3,79,forest,64.1,6.59,10.2,0,0,Wildfire
FIRMS-IND-12132,21.59527,79.61318,883cb4ca11fffff,349.55,1.09,0.95,2026-08-20,1808,NOAA-20,99.2,315.26,55.24,D,5,90,forest,94.1,27.45,19.97,0,0,Wildfire
FIRMS-IND-12133,22.34629,73.48839,8842caa037fffff,336.73,0.77,0.64,2026-08-20,0109,Terra,97.2,312.91,133.14,D,84,79,industrial,8.1,0.67,5.55,2,2,Industrial/Gas Flare
FIRMS-IND-12134,22.91579,85.4462,883caa841dfffff,346.57,1.03,0.48,2026-08-20,0350,NOAA-20,64.9,326.25,20.68,D,50,85,mining,8.7,2.8,5.85,1,3,Mining Activity
FIRMS-IND-12135,21.40676,85.39445,883c810589fffff,322.99,0.41,0.5,2026-08-20,1153,NOAA-20,50.4,299.34,7.85,D,33,85,residential,6.8,0.36,2.18,1,4,Urban/Infrastructure
FIRMS-IND-12136,30.936,74.93556,8842498917fffff,348.43,0.59,0.73,2026-08-20,0403,Aqua,65.7,309.43,18.16,D,1,90,farmland,5.2,3.66,4.6,0,1,Agricultural Burn
FIRMS-IND-12137,30.49265,75.64312,884249654dfffff,310.26,0.56,0.43,2026-08-20,1217,SNPP,97.0,270.0,19.1,N,2,85,farmland,19.6,1.75,9.91,0,1,Agricultural Burn
FIRMS-IND-12138,30.85066,75.31595,8842490765fffff,325.04,1.02,0.37,2026-08-20,1418,Terra,67.7,282.2,49.74,D,3,90,farmland,19.9,4.02,5.52,0,1,Agricultural Burn
FIRMS-IND-12139,31.08063,75.68515,884249aca1fffff,329.09,0.38,1.11,2026-08-20,1549,Terra,82.7,302.18,15.75,D,2,90,farmland,11.4,2.77,3.37,0,1,Agricultural Burn
FIRMS-IND-12140,20.32493,76.58998,8860913259fffff,306.48,0.59,0.65,2026-08-20,1623,SNPP,59.9,281.97,4.68,D,1,90,waterbody,31.3,18.17,0.46,1,5,False Positive/Noise
FIRMS-IND-12141,30.73153,75.30573,8842490f49fffff,304.44,0.58,0.58,2026-08-20,0003,NOAA-20,87.1,277.08,8.1,D,3,90,farmland,22.2,3.5,9.62,0,1,Agricultural Burn
FIRMS-IND-12142,20.71247,85.67814,883c8ec2bbfffff,354.98,0.87,1.19,2026-08-20,0901,SNPP,84.3,337.94,16.93,D,34,90,mining,9.6,2.89,9.89,1,3,Mining Activity
FIRMS-IND-12143,21.63062,78.22441,8860928511fffff,328.41,0.64,0.79,2026-08-20,2106,Aqua,66.8,288.82,175.66,D,7,79,forest,62.1,12.52,13.48,0,0,Wildfire
FIRMS-IND-12144,21.93024,85.04537,883c81941dfffff,358.44,1.06,1.0,2026-08-20,2244,Aqua,74.5,339.6,118.97,D,60,85,mining,16.5,1.11,3.41,1,3,Mining Activity
FIRMS-IND-12145,21.29345,80.81326,883cb08e67fffff,366.68,0.79,0.84,2026-08-20,2222,Aqua,54.0,332.2,32.33,D,4,79,forest,71.9,29.77,15.22,0,0,Wildfire
FIRMS-IND-12146,29.89699,75.94848,883d165009fffff,331.54,0.72,0.75,2026-08-20,0142,NOAA-20,99.2,313.2,8.83,N,4,79,farmland,17.5,2.85,6.18,0,1,Agricultural Burn
FIRMS-IND-12147,21.55845,84.69257,883c81d769fffff,355.22,1.16,0.42,2026-08-20,1540,Terra,84.3,317.81,36.2,D,56,85,mining,11.8,1.8,5.62,1,3,Mining Activity
FIRMS-IND-12148,31.02109,74.23461,88424d7b15fffff,368.4,0.6,0.46,2026-08-20,0919,Aqua,50.7,338.76,98.52,D,1,79,forest,62.3,15.95,4.37,0,0,Wildfire
FIRMS-IND-12149,22.37145,73.81956,8842cbd8d3fffff,348.06,0.49,0.75,2026-08-20,1646,Terra,99.7,315.86,219.47,N,85,90,industrial,2.6,1.26,6.62,2,2,Industrial/Gas Flare
FIRMS-IND-12150,22.82247,74.18999,8842cb871bfffff,308.33,0.72,1.17,2026-08-20,0405,Terra,60.8,275.89,3.85,N,1,85,waterbody,22.8,7.84,0.96,1,5,False Positive/Noise
FIRMS-IND-12151,30.25943,76.88466,883d162761fffff,309.71,0.71,0.48,2026-08-20,1721,NOAA-20,61.8,271.67,56.09,D,4,90,farmland,10.6,0.65,3.29,0,1,Agricultural Burn
FIRMS-IND-12152,23.78326,76.71553,883d90b437fffff,367.71,0.84,1.03,2026-08-20,0722,SNPP,71.9,333.13,198.04,D,7,90,forest,76.6,10.11,4.69,0,0,Wildfire
FIRMS-IND-12153,22.12888,78.61988,886092cae5fffff,344.33,0.97,0.9,2026-08-20,0415,SNPP,97.7,315.41,174.44,D,8,90,forest,84.6,25.33,5.78,0,0,Wildfire
FIRMS-IND-12154,28.66136,76.90309,883da18809fffff,321.56,0.72,0.65,2026-08-20,0413,Terra,54.6,293.9,8.19,N,1,79,farmland,24.8,2.92,7.44,0,1,Agricultural Burn
FIRMS-IND-12155,22.20046,77.56933,883d936f2dfffff,376.99,0.66,0.7,2026-08-20,2151,SNPP,88.2,346.52,106.87,N,71,90,industrial,2.0,0.59,7.97,2,2,Industrial/Gas Flare
FIRMS-IND-12156,21.01079,86.59664,883c88da31fffff,326.24,0.91,0.67,2026-08-20,0301,Terra,56.1,303.52,34.81,D,9,90,forest,66.8,25.75,9.4,0,0,Wildfire
FIRMS-IND-12157,21.71114,80.22598,883cb4050bfffff,364.57,0.71,1.03,2026-08-20,1416,NOAA-20,50.4,344.01,77.19,D,2,85,forest,84.7,10.19,8.56,0,0,Wildfire
FIRMS-IND-12158,22.47617,72.63153,8842ce76d3fffff,381.55,0.76,0.91,2026-08-20,0609,SNPP,88.4,345.51,330.96,D,81,90,industrial,6.2,0.53,2.45,2,2,Industrial/Gas Flare
FIRMS-IND-12159,31.51881,75.09734,883d324301fffff,307.88,0.81,0.82,2026-08-20,1136,SNPP,76.0,284.32,88.79,N,3,90,farmland,22.7,1.05,5.26,0,1,Agricultural Burn
FIRMS-IND-12160,21.30842,80.00543,883cb44ec1fffff,312.62,0.4,0.73,2026-08-20,0614,NOAA-20,66.8,284.06,45.04,D,47,85,mining,1.2,0.81,2.82,1,3,Mining Activity
FIRMS-IND-12161,22.56432,73.12738,8842c84a47fffff,358.54,1.17,0.66,2026-08-20,1851,NOAA-20,79.2,338.26,262.37,D,81,85,industrial,8.2,0.75,3.51,2,2,Industrial/Gas Flare
FIRMS-IND-12162,31.55905,74.83427,88424d2455fffff,312.37,1.14,1.08,2026-08-20,2130,SNPP,74.6,295.51,74.26,D,2,90,farmland,10.2,2.89,2.03,0,1,Agricultural Burn
FIRMS-IND-12163,30.52355,75.47256,8842496245fffff,305.73,1.16,0.92,2026-08-20,1401,Aqua,51.0,270.0,9.36,D,21,79,residential,9.2,0.06,4.91,1,4,Urban/Infrastructure
FIRMS-IND-12164,20.14123,79.3628,886094d31dfffff,384.47,1.08,0.66,2026-08-20,1815,Aqua,50.3,349.1,96.12,D,7,85,forest,92.0,12.0,14.2,0,0,Wildfire
FIRMS-IND-12165,20.80764,78.20853,8860908925fffff,381.7,0.58,0.65,2026-08-20,1009,Aqua,98.0,344.28,33.47,D,1,85,forest,68.6,17.8,15.75,0,0,Wildfire
FIRMS-IND-12166,20.81148,79.32699,88609692e9fffff,292.19,1.1,0.84,2026-08-20,1855,NOAA-20,85.9,274.87,1.85,D,0,90,waterbody,37.3,12.72,0.4,1,5,False Positive/Noise
FIRMS-IND-12167,22.70254,73.01073,8842c85141fffff,371.85,0.59,0.58,2026-08-20,1129,Terra,92.5,345.92,133.33,D,74,90,industrial,9.7,0.49,6.39,2,2,Industrial/Gas Flare
FIRMS-IND-12168,31.45178,74.8788,88424d2e93fffff,316.71,1.05,0.39,2026-08-20,0603,NOAA-20,98.8,301.61,15.94,D,4,90,farmland,23.1,4.99,5.6,0,1,Agricultural Burn
FIRMS-IND-12169,22.66144,72.89986,8842ce2429fffff,426.84,0.46,1.14,2026-08-20,0839,Terra,78.1,390.74,424.74,N,82,85,industrial,3.7,1.23,1.5,2,2,Industrial/Gas Flare
FIRMS-IND-12170,21.82448,71.86676,8842dd98cdfffff,356.14,1.04,0.49,2026-08-20,0419,Terra,95.9,335.45,80.77,D,73,85,industrial,9.4,0.66,7.21,2,2,Industrial/Gas Flare
FIRMS-IND-12171,23.97559,80.43937,883d991221fffff,357.9,0.47,1.1,2026-08-20,1108,Terra,73.7,314.23,51.22,D,7,90,forest,84.8,5.57,9.26,0,0,Wildfire
FIRMS-IND-12172,20.19687,79.81385,883cb67b61fffff,366.08,0.35,1.1,2026-08-20,2239,NOAA-20,91.0,322.53,205.43,D,7,90,forest,71.9,17.98,15.38,0,0,Wildfire
FIRMS-IND-12173,21.91017,84.79735,883c8529b3fffff,349.02,0.46,0.52,2026-08-20,1041,SNPP,52.2,320.73,274.4,D,65,85,mining,1.2,0.93,11.68,1,3,Mining Activity
FIRMS-IND-12174,30.89813,75.15974,8842491085fffff,361.9,0.71,0.89,2026-08-20,2000,Terra,53.4,321.55,34.64,D,1,85,farmland,22.6,1.75,7.5,0,1,Agricultural Burn
FIRMS-IND-12175,22.29195,85.56336,883caa7217fffff,340.66,1.02,0.8,2026-08-20,1028,Aqua,98.0,320.09,68.36,D,42,90,mining,10.9,0.39,8.6,1,3,Mining Activity
FIRMS-IND-12176,22.93442,79.19931,883d984861fffff,339.16,0.9,0.55,2026-08-20,2058,NOAA-20,88.3,323.49,31.99,D,9,90,forest,72.6,29.67,16.75,0,0,Wildfire
FIRMS-IND-12177,20.68225,84.62963,883c838345fffff,358.02,0.88,0.78,2026-08-20,1615,NOAA-20,73.4,339.0,26.85,N,61,85,mining,11.9,1.73,9.9,1,3,Mining Activity
FIRMS-IND-12178,21.41662,85.32965,883c810555fffff,331.79,0.6,0.97,2026-08-20,1950,SNPP,98.8,314.86,52.04,D,43,90,mining,4.2,2.79,3.08,1,3,Mining Activity
FIRMS-IND-12179,21.23306,78.51599,886096229bfffff,321.21,0.62,0.54,2026-08-20,0237,SNPP,95.4,302.59,60.82,N,4,85,forest,77.0,19.62,15.68,0,0,Wildfire
FIRMS-IND-12180,22.95669,80.06698,883d9b8959fffff,347.49,1.08,0.76,2026-08-20,1224,Terra,98.3,307.66,104.99,D,8,85,forest,65.7,19.54,17.43,0,0,Wildfire
FIRMS-IND-12181,22.72546,84.85334,883cae68d3fffff,325.11,0.58,0.62,2026-08-20,1652,NOAA-20,60.0,301.56,33.27,D,40,90,mining,7.1,2.01,5.03,1,3,Mining Activity
FIRMS-IND-12182,22.5392,73.35833,8842c84d8dfffff,334.86,0.43,1.03,2026-08-20,0630,SNPP,69.4,312.48,186.61,N,76,90,industrial,3.6,0.96,6.98,2,2,Industrial/Gas Flare
FIRMS-IND-12183,22.30185,80.02374,883d9b4a65fffff,343.47,0.83,0.95,2026-08-20,1722,Terra,53.9,310.26,249.21,D,7,85,forest,76.9,14.66,15.68,0,0,Wildfire
FIRMS-IND-12184,30.89202,75.93634,8842492435fffff,327.89,0.41,1.01,2026-08-20,1312,Terra,85.9,285.25,46.14,D,2,85,farmland,20.1,4.0,5.32,0,1,Agricultural Burn
FIRMS-IND-12185,22.66908,84.3371,883cae49cbfffff,309.03,1.05,0.37,2026-08-20,2143,Terra,51.9,278.77,16.47,D,24,90,residential,14.8,0.1,1.54,1,4,Urban/Infrastructure
FIRMS-IND-12186,21.87605,77.76351,8860923097fffff,375.34,0.9,0.53,2026-08-20,1342,Aqua,88.9,359.85,88.44,D,9,85,forest,86.0,18.05,18.54,0,0,Wildfire
FIRMS-IND-12187,30.82242,75.05168,8842491129fffff,300.04,1.05,0.47,2026-08-20,0850,NOAA-20,74.4,270.0,17.03,N,1,85,farmland,16.7,3.44,9.64,0,1,Agricultural Burn
FIRMS-IND-12188,21.31324,85.7979,883c812c53fffff,339.82,0.63,0.63,2026-08-20,0958,SNPP,53.8,300.24,99.34,D,9,85,forest,92.9,14.73,15.85,0,0,Wildfire
FIRMS-IND-12189,29.95421,76.77565,883d1666ebfffff,299.55,0.64,0.57,2026-08-20,0322,SNPP,64.2,274.22,4.25,D,0,79,waterbody,14.6,7.53,0.99,1,5,False Positive/Noise
FIRMS-IND-12190,30.35442,75.73409,8842496dd1fffff,326.96,0.65,0.91,2026-08-20,1108,SNPP,90.2,293.93,17.16,N,1,90,farmland,16.8,3.84,8.73,0,1,Agricultural Burn
FIRMS-IND-12191,21.59966,85.32368,883c81ab67fffff,299.55,0.53,0.96,2026-08-20,0001,Terra,71.4,270.0,14.22,D,38,85,residential,14.1,0.52,2.46,1,4,Urban/Infrastructure
FIRMS-IND-12192,21.7541,78.51702,88609299e9fffff,359.57,0.47,0.68,2026-08-20,0819,NOAA-20,50.2,343.77,31.17,D,4,79,forest,69.7,10.14,7.39,0,0,Wildfire
FIRMS-IND-12193,29.5868,76.07437,883d16493bfffff,334.53,0.36,0.72,2026-08-20,0822,NOAA-20,50.2,290.6,28.89,D,1,90,farmland,7.5,0.62,6.29,0,1,Agricultural Burn
FIRMS-IND-12194,21.73938,73.8557,88609b6555fffff,374.35,0.45,0.66,2026-08-20,0619,Aqua,96.5,343.74,50.63,D,68,79,industrial,8.1,1.36,4.77,2,2,Industrial/Gas Flare
FIRMS-IND-12195,21.89446,72.43908,8842dda1ddfffff,388.24,1.04,0.36,2026-08-20,1210,Terra,79.3,359.82,91.56,D,82,79,industrial,4.2,1.48,6.35,2,2,Industrial/Gas Flare
FIRMS-IND-12196,29.96172,76.83593,883d129369fffff,320.06,0.39,0.48,2026-08-20,0239,SNPP,79.0,290.24,23.95,D,1,79,farmland,20.5,2.61,1.5,0,1,Agricultural Burn
FIRMS-IND-12197,30.2948,74.57367,8842482a99fffff,324.66,0.58,0.69,2026-08-20,1717,Terra,92.6,289.88,70.92,N,40,79,mining,6.6,1.84,8.75,1,3,Mining Activity
FIRMS-IND-12198,21.96593,73.58039,8842ca39cdfffff,365.05,1.15,1.13,2026-08-20,1815,SNPP,97.7,348.24,55.66,D,53,90,mining,3.8,1.23,13.55,1,3,Mining Activity
FIRMS-IND-12199,22.12652,79.95702,883cb48749fffff,372.2,0.97,0.83,2026-08-20,0503,SNPP,50.1,354.53,76.44,D,6,90,forest,91.0,17.18,15.19,0,0,Wildfire
FIRMS-IND-12200,30.18402,74.73288,88424b92bbfffff,319.59,0.4,0.92,2026-08-20,1121,SNPP,76.4,293.39,5.36,D,1,90,farmland,10.7,3.03,4.91,0,1,Agricultural Burn
FIRMS-IND-12201,21.68761,80.41184,883cb43aa3fffff,306.02,1.17,0.71,2026-08-20,0620,SNPP,91.6,270.0,61.48,D,4,85,farmland,7.4,2.55,7.88,0,1,Agricultural Burn
FIRMS-IND-12202,29.94183,75.3825,88424ba881fffff,307.84,1.09,0.79,2026-08-20,0647,NOAA-20,50.8,271.71,8.33,D,3,85,farmland,9.6,0.77,9.93,0,1,Agricultural Burn
FIRMS-IND-12203,31.2311,75.95241,883d14c009fffff,344.33,0.36,1.15,2026-08-20,0836,SNPP,95.6,318.56,8.61,D,2,90,farmland,22.0,3.56,3.62,0,1,Agricultural Burn
FIRMS-IND-12204,21.33568,79.79899,883cb4430dfffff,347.25,1.14,0.57,2026-08-20,1448,Terra,81.3,321.1,41.57,D,3,79,forest,68.2,11.63,17.42,0,0,Wildfire
FIRMS-IND-12205,30.46862,75.85203,883d16985dfffff,311.46,1.01,0.38,2026-08-20,2257,Terra,82.6,279.91,33.83,D,2,85,farmland,9.4,1.5,9.16,0,1,Agricultural Burn
FIRMS-IND-12206,31.35455,75.21867,883d3248abfffff,327.08,1.0,0.54,2026-08-20,1422,Aqua,95.8,304.65,10.1,N,2,85,farmland,10.2,3.93,9.21,0,1,Agricultural Burn
FIRMS-IND-12207,29.62665,75.89707,883da5963bfffff,350.85,0.95,1.1,2026-08-20,2034,SNPP,83.5,309.18,237.82,N,69,90,industrial,9.7,0.17,0.97,2,2,Industrial/Gas Flare
FIRMS-IND-12208,23.05827,85.85213,883ca86b63fffff,314.1,1.1,1.02,2026-08-20,0931,Terra,95.7,295.11,103.64,N,9,85,forest,69.7,17.5,6.52,0,0,Wildfire
FIRMS-IND-12209,21.38242,72.7217,8842dd64dbfffff,387.76,1.19,0.51,2026-08-20,1619,SNPP,96.3,348.74,108.2,D,74,85,industrial,8.9,0.98,3.22,2,2,Industrial/Gas Flare
FIRMS-IND-12210,30.89683,75.63718,884249318bfffff,329.18,0.74,0.47,2026-08-20,1338,SNPP,73.2,298.51,16.32,D,3,85,farmland,16.4,4.53,6.64,0,1,Agricultural Burn
FIRMS-IND-12211,22.06635,85.25669,883caa41a9fffff,301.33,1.08,0.46,2026-08-20,2113,NOAA-20,92.1,270.0,16.45,D,38,79,residential,5.6,0.41,3.11,1,4,Urban/Infrastructure
FIRMS-IND-12212,22.10124,73.9432,8842cb5a4dfffff,294.93,0.48,0.91,2026-08-20,0952,NOAA-20,78.3,278.42,6.99,D,1,85,grassland,28.2,3.38,0.65,1,5,False Positive/Noise
FIRMS-IND-12213,21.21373,85.33142,883c8172d1fffff,288.42,0.42,0.88,2026-08-20,0341,Aqua,79.4,270.0,74.85,N,61,79,mining,5.1,2.36,8.57,1,3,Mining Activity
FIRMS-IND-12214,32.03981,77.13927,883d336595fffff,393.33,0.48,0.62,2026-08-20,1720,SNPP,74.1,349.6,67.43,N,87,90,industrial,7.7,0.98,3.41,2,2,Industrial/Gas Flare
FIRMS-IND-12215,30.22579,74.26178,8842480cadfffff,343.96,0.76,0.37,2026-08-20,0637,Aqua,79.6,318.51,25.14,N,3,85,farmland,23.3,0.75,3.66,0,1,Agricultural Burn
FIRMS-IND-12216,30.4458,77.39973,883d100b65fffff,316.45,0.77,0.58,2026-08-20,0304,NOAA-20,82.6,299.32,22.47,D,2,90,farmland,18.3,3.56,8.08,0,1,Agricultural Burn
FIRMS-IND-12217,21.86788,85.02015,883c81953bfffff,371.8,0.63,0.7,2026-08-20,1006,Aqua,90.8,344.42,48.18,D,30,90,mining,5.6,0.77,12.81,1,3,Mining Activity
FIRMS-IND-12218,30.49182,75.53708,8842496051fffff,344.84,0.57,0.81,2026-08-20,2239,Terra,82.9,304.15,17.87,N,2,79,farmland,13.1,4.27,3.55,0,1,Agricultural Burn
FIRMS-IND-12219,23.03797,73.40525,8842c802a3fffff,392.27,0.74,0.68,2026-08-20,1835,NOAA-20,56.0,374.09,254.3,D,89,90,industrial,5.7,1.12,5.39,2,2,Industrial/Gas Flare
FIRMS-IND-12220,21.68482,73.57985,8842ca6189fffff,410.04,0.65,1.16,2026-08-20,0446,NOAA-20,95.0,373.95,186.87,D,80,90,industrial,3.1,0.64,5.15,2,2,Industrial/Gas Flare
FIRMS-IND-12221,30.30001,75.79473,883d16d71bfffff,329.7,0.55,0.59,2026-08-20,1049,Aqua,55.5,299.68,12.15,N,1,85,farmland,22.4,3.39,3.31,0,1,Agricultural Burn
FIRMS-IND-12222,21.9232,73.15951,8842ca19c3fffff,403.35,1.01,0.88,2026-08-20,0850,Aqua,61.2,378.27,74.55,D,67,90,industrial,0.2,0.63,7.49,2,2,Industrial/Gas Flare
FIRMS-IND-12223,20.93388,85.35858,883c816a15fffff,340.55,0.63,0.51,2026-08-20,1835,Aqua,53.9,299.9,21.24,N,58,90,mining,15.4,0.86,13.04,1,3,Mining Activity
FIRMS-IND-12224,29.79998,75.63354,88424b22a9fffff,359.05,0.9,0.78,2026-08-20,0137,NOAA-20,65.3,315.31,54.87,N,82,79,industrial,5.9,0.84,2.62,2,2,Industrial/Gas Flare
FIRMS-IND-12225,19.26232,79.56316,8860b2b90bfffff,341.2,0.65,0.42,2026-08-20,0505,NOAA-20,80.7,305.73,48.77,D,9,90,forest,61.8,14.57,3.72,0,0,Wildfire
FIRMS-IND-12226,22.12639,73.25737,8842ca154bfffff,323.79,0.36,1.04,2026-08-20,0119,Terra,56.1,290.12,108.42,N,28,79,residential,6.4,0.37,2.77,1,4,Urban/Infrastructure
FIRMS-IND-12227,20.9441,77.98155,8860900323fffff,393.19,1.06,1.15,2026-08-20,0802,NOAA-20,90.9,374.97,313.75,D,78,85,industrial,5.9,0.91,3.69,2,2,Industrial/Gas Flare
FIRMS-IND-12228,22.07263,85.76383,883caa6e61fffff,326.68,0.72,0.81,2026-08-20,0529,Terra,67.9,289.63,40.87,N,4,85,forest,63.8,29.25,3.99,0,0,Wildfire
FIRMS-IND-12229,29.31254,76.70467,883da536a5fffff,335.25,0.69,1.13,2026-08-20,2012,SNPP,72.0,296.49,48.28,N,1,90,farmland,24.1,3.65,2.11,0,1,Agricultural Burn
FIRMS-IND-12230,21.76625,84.76584,883c819a69fffff,354.25,0.4,0.95,2026-08-20,1049,Terra,96.3,311.54,69.59,D,50,85,mining,9.3,0.81,12.05,1,3,Mining Activity
FIRMS-IND-12231,23.52587,80.02498,883d982703fffff,304.54,1.17,0.36,2026-08-20,1518,SNPP,60.7,283.17,7.2,D,1,79,grassland,6.9,15.82,0.92,1,5,False Positive/Noise
FIRMS-IND-12232,22.27541,79.60698,883d9a2a21fffff,374.1,1.11,0.53,2026-08-20,1611,SNPP,52.0,345.71,203.54,N,76,90,industrial,9.1,1.13,7.79,2,2,Industrial/Gas Flare
FIRMS-IND-12233,22.82386,73.1782,8842c85623fffff,311.8,0.87,0.93,2026-08-20,1529,Aqua,72.1,270.0,16.02,D,31,85,mining,8.2,1.02,3.73,1,3,Mining Activity
FIRMS-IND-12234,31.04722,74.28515,88424d7851fffff,325.46,0.43,0.76,2026-08-20,1753,Aqua,96.9,286.0,60.27,N,3,85,farmland,6.2,0.85,9.23,0,1,Agricultural Burn
FIRMS-IND-12235,31.0972,74.45528,88424d6001fffff,306.18,1.04,0.84,2026-08-20,0543,NOAA-20,88.1,270.0,90.37,N,2,79,farmland,20.9,2.81,4.75,0,1,Agricultural Burn
FIRMS-IND-12236,22.1172,73.45568,8842ca06a9fffff,293.68,0.48,1.07,2026-08-20,1143,Terra,66.7,270.0,79.84,N,3,90,forest,80.6,18.07,4.21,0,0,Wildfire
FIRMS-IND-12237,21.16723,73.75687,8842d9269dfffff,374.49,1.09,1.06,2026-08-20,0606,Terra,56.9,340.06,167.64,D,66,85,industrial,4.3,0.48,7.21,2,2,Industrial/Gas Flare
FIRMS-IND-12238,21.42167,72.71318,8842dd29a3fffff,384.22,0.81,0.41,2026-08-20,0750,Terra,89.3,351.6,121.9,N,72,85,industrial,9.1,1.39,6.91,2,2,Industrial/Gas Flare
FIRMS-IND-12239,22.60858,73.60887,8842c86a17fffff,352.07,0.83,1.19,2026-08-20,1804,Terra,64.0,320.83,204.51,D,87,90,industrial,0.4,0.22,2.04,2,2,Industrial/Gas Flare
FIRMS-IND-12240,21.28148,84.68442,883c81ca23fffff,335.89,0.87,1.1,2026-08-20,0743,SNPP,71.2,317.53,25.02,N,52,79,mining,1.8,2.11,10.82,1,3,Mining Activity
FIRMS-IND-12241,21.84077,85.0173,883c8182cbfffff,341.72,0.9,0.52,2026-08-20,0306,NOAA-20,52.0,307.12,50.46,D,54,90,mining,15.3,1.43,8.2,1,3,Mining Activity
FIRMS-IND-12242,23.20065,80.1934,883d9b95a5fffff,399.05,1.07,1.19,2026-08-20,0750,Terra,54.5,359.84,51.08,D,3,79,forest,81.4,28.46,19.82,0,0,Wildfire
FIRMS-IND-12243,22.39547,85.20631,883caacc8dfffff,362.54,0.57,0.56,2026-08-20,1516,Terra,74.8,334.48,81.49,D,37,90,mining,11.1,1.08,6.01,1,3,Mining Activity
FIRMS-IND-12244,22.49697,73.3152,8842cab2cdfffff,380.4,1.01,0.56,2026-08-20,1746,Aqua,65.2,358.76,373.62,N,78,90,industrial,2.9,0.41,7.97,2,2,Industrial/Gas Flare
FIRMS-IND-12245,22.99235,84.38159,883cae5467fffff,345.02,1.0,0.79,2026-08-20,0909,SNPP,53.5,314.25,17.97,N,32,79,mining,6.1,2.92,14.52,1,3,Mining Activity
FIRMS-IND-12246,22.04786,78.21269,8860920161fffff,338.48,0.83,0.86,2026-08-20,0727,SNPP,66.4,300.44,32.63,D,6,90,forest,65.3,26.41,18.98,0,0,Wildfire
FIRMS-IND-12247,22.70294,72.76002,8842ce3515fffff,315.55,1.19,1.05,2026-08-20,1035,Terra,90.9,291.32,7.99,N,37,79,residential,9.3,0.72,1.2,1,4,Urban/Infrastructure
FIRMS-IND-12248,21.78346,72.41298,8842dda803fffff,407.99,0.84,0.76,2026-08-20,0526,Terra,86.9,379.79,257.38,N,76,90,industrial,7.8,1.37,2.33,2,2,Industrial/Gas Flare
FIRMS-IND-12249,32.10986,76.10879,883d33c9e3fffff,346.75,0.44,1.1,2026-08-20,0952,NOAA-20,81.5,306.36,8.98,N,1,85,farmland,14.8,1.84,7.12,0,1,Agricultural Burn
FIRMS-IND-12250,31.82737,73.86857,88424d82c7fffff,348.81,0.37,0.74,2026-08-20,0211,Terra,53.4,322.3,37.68,D,55,90,mining,19.3,1.83,5.23,1,3,Mining Activity
FIRMS-IND-12251,22.18848,72.81479,8842ca996dfffff,382.21,0.47,0.99,2026-08-20,1532,Terra,74.9,354.86,207.68,D,69,79,industrial,8.9,1.4,6.58,2,2,Industrial/Gas Flare
FIRMS-IND-12252,29.4334,75.04525,88424b4621fffff,451.86,0.55,1.1,2026-08-20,0839,NOAA-20,51.6,433.33,106.39,D,73,85,industrial,4.0,1.07,0.72,2,2,Industrial/Gas Flare
FIRMS-IND-12253,21.56806,86.2389,883c8c5499fffff,393.8,1.02,0.74,2026-08-20,0148,Terra,96.4,364.05,86.29,N,86,90,industrial,4.6,1.36,0.85,2,2,Industrial/Gas Flare
FIRMS-IND-12254,22.14333,85.79052,883caa654dfffff,375.27,0.53,0.69,2026-08-20,1004,Aqua,60.6,333.75,71.44,D,5,90,forest,82.3,13.36,7.25,0,0,Wildfire
FIRMS-IND-12255,22.38621,72.51951,8842ce7729fffff,403.25,0.6,0.61,2026-08-20,0614,Aqua,74.1,375.95,134.37,D,74,85,industrial,5.8,0.98,7.12,2,2,Industrial/Gas Flare
FIRMS-IND-12256,21.40623,78.96248,8860960f45fffff,353.27,0.71,0.42,2026-08-20,0622,NOAA-20,60.4,314.84,18.85,D,30,90,mining,8.9,0.43,9.73,1,3,Mining Activity
FIRMS-IND-12257,22.62365,85.54638,883caa15ddfffff,356.42,0.55,1.07,2026-08-20,1457,Aqua,52.2,312.0,46.17,N,55,90,mining,3.0,0.45,11.68,1,3,Mining Activity
FIRMS-IND-12258,28.54233,74.87445,883da419d5fffff,318.22,1.2,0.72,2026-08-20,1650,SNPP,73.8,300.86,21.25,D,4,90,farmland,25.0,3.18,9.47,0,1,Agricultural Burn
FIRMS-IND-12259,30.1678,74.65192,88424b923dfffff,351.28,1.06,1.13,2026-08-20,1012,Aqua,97.4,310.58,21.32,N,4,90,farmland,12.0,0.64,7.09,0,1,Agricultural Burn
FIRMS-IND-12260,21.97849,84.94286,883c852d83fffff,368.93,0.66,0.6,2026-08-20,1531,Aqua,82.3,350.06,51.53,N,2,85,forest,68.5,21.9,4.65,0,0,Wildfire
FIRMS-IND-12261,20.69907,85.61904,883c8ec237fffff,302.46,0.48,0.53,2026-08-20,2202,NOAA-20,55.1,275.04,36.85,N,60,85,mining,13.3,1.38,9.1,1,3,Mining Activity
FIRMS-IND-12262,22.19424,72.26057,8842ce4e19fffff,353.27,0.7,0.42,2026-08-20,0322,NOAA-20,70.5,337.12,38.87,D,3,79,farmland,23.4,3.04,8.44,0,1,Agricultural Burn
FIRMS-IND-12263,31.21567,76.06566,883d14ce59fffff,309.96,0.7,1.05,2026-08-20,0021,SNPP,79.1,288.05,64.25,N,2,85,farmland,24.6,4.54,3.25,0,1,Agricultural Burn
FIRMS-IND-12264,21.51235,84.84925,883c81d593fffff,328.11,0.4,0.52,2026-08-20,0526,Terra,76.8,289.48,16.85,D,35,90,mining,3.3,0.85,11.77,1,3,Mining Activity
FIRMS-IND-12265,22.80102,77.64728,883d9332a1fffff,387.26,0.84,0.87,2026-08-20,0300,Terra,97.7,349.6,23.66,D,4,85,forest,69.7,28.2,12.13,0,0,Wildfire
FIRMS-IND-12266,21.57458,73.179,8842ca4f29fffff,330.33,0.53,1.01,2026-08-20,1010,Terra,84.7,313.0,134.15,N,78,90,industrial,7.7,1.35,1.0,2,2,Industrial/Gas Flare
FIRMS-IND-12267,30.38188,74.06053,88424802e3fffff,332.3,1.0,0.45,2026-08-20,0337,NOAA-20,90.0,293.19,16.37,D,3,85,farmland,20.1,3.98,3.62,0,1,Agricultural Burn
FIRMS-IND-12268,23.21548,78.52764,883d9ea969fffff,390.84,0.79,0.84,2026-08-20,1448,NOAA-20,68.6,348.22,54.21,D,9,79,forest,74.4,5.71,5.54,0,0,Wildfire
FIRMS-IND-12269,21.60898,85.92572,883c8cc881fffff,333.2,0.37,1.1,2026-08-20,1241,SNPP,57.5,308.12,30.56,D,67,79,mining,10.0,2.71,12.34,1,3,Mining Activity
FIRMS-IND-12270,30.65753,75.8726,883d169213fffff,323.06,0.36,0.72,2026-08-20,1753,Aqua,85.8,306.9,19.81,D,3,90,farmland,21.5,1.15,4.04,0,1,Agricultural Burn
FIRMS-IND-12271,30.93328,75.40408,8842490611fffff,352.19,0.92,0.51,2026-08-20,1703,NOAA-20,79.2,314.53,27.64,N,3,79,farmland,23.9,2.11,9.4,0,1,Agricultural Burn
FIRMS-IND-12272,20.55113,85.25392,883c83af33fffff,342.19,0.88,0.35,2026-08-20,2126,SNPP,60.9,319.64,17.26,N,45,85,mining,15.0,1.17,11.95,1,3,Mining Activity
FIRMS-IND-12273,30.3821,74.79998,8842495b5bfffff,366.63,1.03,0.39,2026-08-20,1138,Aqua,58.5,348.78,117.63,D,71,90,industrial,4.2,0.32,5.63,2,2,Industrial/Gas Flare
FIRMS-IND-12274,23.28315,73.95672,8842c9ca35fffff,374.06,0.78,0.89,2026-08-20,1731,Terra,98.5,331.65,118.71,D,83,79,industrial,3.2,0.74,5.33,2,2,Industrial/Gas Flare
FIRMS-IND-12275,22.60848,73.03637,8842c85843fffff,307.79,0.58,0.45,2026-08-20,1319,NOAA-20,59.2,270.0,329.54,D,77,79,industrial,6.7,1.41,3.84,2,2,Industrial/Gas Flare
FIRMS-IND-12276,29.65875,75.61941,88424b2a81fffff,339.29,0.55,0.56,2026-08-20,0524,SNPP,62.5,311.74,53.77,D,2,85,farmland,16.1,1.77,9.36,0,1,Agricultural Burn
FIRMS-IND-12277,31.04553,76.43344,883d140931fffff,342.93,0.95,0.46,2026-08-20,0939,SNPP,99.8,307.45,11.81,D,1,90,farmland,16.1,1.33,4.0,0,1,Agricultural Burn
FIRMS-IND-12278,21.20374,85.59113,883c812957fffff,360.81,0.6,0.92,2026-08-20,1745,Aqua,73.5,340.03,49.86,D,52,90,mining,17.6,0.46,9.02,1,3,Mining Activity
FIRMS-IND-12279,28.97192,73.78164,88424a55e1fffff,329.84,0.69,0.77,2026-08-20,1646,Aqua,57.8,307.79,89.03,D,3,90,farmland,12.6,0.85,8.33,0,1,Agricultural Burn
FIRMS-IND-12280,21.6844,79.24504,8860964061fffff,320.6,0.9,0.82,2026-08-20,0015,SNPP,96.5,305.3,31.64,N,1,85,farmland,19.1,3.93,7.2,0,1,Agricultural Burn
FIRMS-IND-12281,21.84384,73.2369,8842ca094bfffff,377.18,0.99,1.05,2026-08-20,0505,Terra,68.1,359.83,78.98,N,74,90,industrial,0.1,0.35,4.23,2,2,Industrial/Gas Flare
FIRMS-IND-12282,21.8869,84.36435,883c857357fffff,309.35,0.39,0.37,2026-08-20,1437,SNPP,91.3,279.93,55.57,D,41,85,residential,11.1,0.42,3.05,1,4,Urban/Infrastructure
FIRMS-IND-12283,22.83162,77.67771,883d933291fffff,348.16,0.81,0.36,2026-08-20,1725,NOAA-20,71.7,303.22,101.49,N,67,90,industrial,0.5,1.37,4.38,2,2,Industrial/Gas Flare
FIRMS-IND-12284,20.25869,78.65641,8860940e53fffff,373.08,0.54,0.97,2026-08-20,0303,Aqua,86.9,349.59,98.15,D,9,90,forest,74.1,7.25,3.45,0,0,Wildfire
FIRMS-IND-12285,29.62014,76.90412,883d12d5c5fffff,319.03,0.6,1.16,2026-08-20,1543,NOAA-20,95.0,301.43,6.13,D,1,85,farmland,11.2,1.23,4.41,0,1,Agricultural Burn
FIRMS-IND-12286,22.70103,73.52974,8842c87a91fffff,343.13,0.73,0.85,2026-08-20,1739,NOAA-20,68.9,327.75,62.41,D,85,79,industrial,4.1,1.29,3.62,2,2,Industrial/Gas Flare
FIRMS-IND-12287,22.35129,72.02855,8842ce52d5fffff,413.7,0.7,1.12,2026-08-20,2115,Aqua,75.3,371.77,107.83,D,78,90,industrial,1.2,1.42,5.71,2,2,Industrial/Gas Flare
FIRMS-IND-12288,22.94967,73.31078,8842c8016dfffff,364.92,0.55,0.41,2026-08-20,0031,NOAA-20,69.5,322.32,84.1,D,79,79,industrial,5.5,0.83,2.87,2,2,Industrial/Gas Flare
FIRMS-IND-12289,22.81643,73.13488,8842c8575dfffff,396.05,0.82,0.92,2026-08-20,1050,Terra,75.5,354.62,93.83,D,81,90,industrial,10.0,0.66,6.98,2,2,Industrial/Gas Flare
FIRMS-IND-12290,22.04865,73.64851,8842ca2363fffff,347.51,0.65,0.71,2026-08-20,1627,NOAA-20,94.5,319.86,212.77,D,85,90,industrial,1.7,0.76,7.99,2,2,Industrial/Gas Flare
FIRMS-IND-12291,30.0508,75.91257,883d16cf1dfffff,316.59,1.16,0.48,2026-08-20,1122,SNPP,82.1,295.42,65.63,N,67,90,industrial,3.4,1.47,2.59,2,2,Industrial/Gas Flare
FIRMS-IND-12292,23.32765,73.54466,8842c8a025fffff,341.41,0.67,0.39,2026-08-20,1642,Terra,67.2,321.18,263.94,D,77,90,industrial,6.0,0.99,2.23,2,2,Industrial/Gas Flare
FIRMS-IND-12293,22.8303,73.37367,8842c809c1fffff,297.47,0.48,1.13,2026-08-20,1737,SNPP,91.1,270.0,4.13,N,0,85,waterbody,6.9,15.89,0.51,1,5,False Positive/Noise
FIRMS-IND-12294,29.92792,74.45095,8842486f1bfffff,313.38,0.68,0.95,2026-08-20,1358,Aqua,64.3,287.34,8.32,N,41,90,residential,13.5,0.59,3.53,1,4,Urban/Infrastructure
FIRMS-IND-12295,21.71961,84.51727,883c856103fffff,343.72,1.06,1.14,2026-08-20,0112,Terra,88.1,323.05,164.08,N,57,90,mining,12.1,1.39,8.67,1,3,Mining Activity
FIRMS-IND-12296,21.1502,78.47142,8860963487fffff,364.67,0.68,1.03,2026-08-20,2246,Aqua,73.0,330.06,31.18,D,8,79,forest,74.5,29.48,19.07,0,0,Wildfire
FIRMS-IND-12297,22.84092,73.39361,8842c809ddfffff,379.9,0.45,1.2,2026-08-20,1317,SNPP,93.6,352.8,551.18,D,71,90,industrial,5.0,0.8,5.56,2,2,Industrial/Gas Flare
FIRMS-IND-12298,23.37954,80.59745,883d997967fffff,371.24,1.03,0.44,2026-08-20,0710,SNPP,98.0,335.37,70.24,D,8,85,forest,78.9,7.72,8.47,0,0,Wildfire
FIRMS-IND-12299,19.27016,78.53814,8860b30aadfffff,363.43,1.2,0.67,2026-08-20,1914,Aqua,72.7,338.43,373.74,N,8,79,forest,67.4,24.79,8.48,0,0,Wildfire
FIRMS-IND-12300,22.64449,72.27701,8842ce1561fffff,340.59,0.79,0.99,2026-08-20,2256,Terra,55.0,301.84,54.99,D,71,90,industrial,0.4,0.33,4.99,2,2,Industrial/Gas Flare
FIRMS-IND-12301,30.05085,75.74816,883d16ca5dfffff,344.43,0.95,0.94,2026-08-20,1855,Terra,62.1,326.32,9.2,D,1,90,farmland,7.1,1.14,4.64,0,1,Agricultural Burn
FIRMS-IND-12302,29.9636,76.67463,883d167599fffff,361.32,1.12,0.79,2026-08-20,0346,Terra,79.8,334.84,290.17,D,74,79,industrial,9.9,0.8,7.05,2,2,Industrial/Gas Flare
FIRMS-IND-12303,22.32793,77.18571,883d934721fffff,370.64,0.79,0.82,2026-08-20,1148,Aqua,83.6,334.38,38.51,N,6,90,forest,67.5,19.35,11.64,0,0,Wildfire
FIRMS-IND-12304,22.95625,80.63877,883d9b3257fffff,353.9,0.51,0.73,2026-08-20,0003,SNPP,85.6,313.37,45.79,N,3,90,forest,93.0,29.49,7.27,0,0,Wildfire
FIRMS-IND-12305,22.17196,73.57082,8842ca3231fffff,388.6,1.09,0.69,2026-08-20,1201,Terra,99.6,354.28,196.23,D,85,90,industrial,8.3,0.91,3.85,2,2,Industrial/Gas Flare
FIRMS-IND-12306,22.83706,80.44743,883d9b0703fffff,359.37,0.36,1.17,2026-08-20,0702,SNPP,63.6,330.53,192.39,D,2,85,forest,63.0,10.0,15.94,0,0,Wildfire
FIRMS-IND-12307,22.34586,72.592,8842ce7531fffff,394.99,0.83,0.95,2026-08-20,1835,Aqua,79.6,366.29,125.77,D,73,90,industrial,6.8,0.83,1.28,2,2,Industrial/Gas Flare
FIRMS-IND-12308,22.44308,78.6939,883d9ad023fffff,355.48,0.52,0.83,2026-08-20,0100,NOAA-20,82.3,313.85,122.54,D,9,90,forest,62.8,23.69,11.88,0,0,Wildfire
FIRMS-IND-12309,22.40645,85.87725,883caa2a57fffff,315.6,0.6,1.1,2026-08-20,0304,SNPP,98.8,287.61,27.08,N,70,90,mining,10.4,2.45,8.48,1,3,Mining Activity
FIRMS-IND-12310,22.35706,84.94658,883caacb1bfffff,305.61,1.1,0.41,2026-08-20,0323,Terra,82.3,288.98,3.4,N,1,85,waterbody,9.8,1.06,0.18,1,5,False Positive/Noise
FIRMS-IND-12311,21.97383,85.67737,883caa6817fffff,359.3,0.72,0.91,2026-08-20,1617,Terra,69.8,334.64,43.17,D,62,90,mining,2.9,1.52,5.91,1,3,Mining Activity
FIRMS-IND-12312,28.90238,77.07772,883da18631fffff,331.97,0.58,0.74,2026-08-20,0818,Terra,58.9,304.64,20.99,N,2,79,farmland,14.7,1.46,1.26,0,1,Agricultural Burn
FIRMS-IND-12313,22.53002,79.29585,883d9a1431fffff,397.37,0.73,0.72,2026-08-20,2104,NOAA-20,59.3,361.16,153.91,N,2,90,forest,68.4,18.97,6.74,0,0,Wildfire
FIRMS-IND-12314,30.4601,76.60868,883d16af0bfffff,380.17,0.78,0.68,2026-08-20,1512,Terra,97.9,356.45,111.88,N,87,90,industrial,2.3,0.47,2.43,2,2,Industrial/Gas Flare
FIRMS-IND-12315,22.06923,84.99799,883caa5b29fffff,291.29,0.49,0.76,2026-08-20,1500,NOAA-20,99.0,270.0,7.41,N,0,90,waterbody,1.7,4.33,0.65,1,5,False Positive/Noise
FIRMS-IND-12316,21.68157,84.6915,883c856c1bfffff,367.94,0.46,1.05,2026-08-20,1516,NOAA-20,75.0,337.37,24.82,N,69,90,mining,7.6,1.18,10.5,1,3,Mining Activity
FIRMS-IND-12317,22.80257,79.45821,883d9aa215fffff,365.81,0.5,0.97,2026-08-20,1307,Terra,56.2,333.1,144.87,N,5,79,forest,92.8,10.12,5.83,0,0,Wildfire
FIRMS-IND-12318,21.81983,78.97135,883d9a4915fffff,370.93,0.45,0.36,2026-08-20,0617,NOAA-20,92.1,331.86,137.5,N,8,79,forest,84.5,24.77,6.04,0,0,Wildfire
FIRMS-IND-12319,22.28746,72.92869,8842ca98d9fffff,353.32,1.09,0.99,2026-08-20,1848,NOAA-20,53.9,310.68,156.5,D,76,90,industrial,2.5,0.68,3.56,2,2,Industrial/Gas Flare
FIRMS-IND-12320,22.11697,79.11468,883d9a4665fffff,310.73,0.88,1.04,2026-08-20,1835,SNPP,66.3,270.0,126.61,D,2,79,forest,61.3,26.94,19.05,0,0,Wildfire
FIRMS-IND-12321,21.54684,78.86581,88609670c3fffff,318.16,0.72,0.79,2026-08-20,1919,Aqua,97.4,290.44,100.2,D,8,90,forest,70.0,6.97,6.47,0,0,Wildfire
FIRMS-IND-12322,31.38157,75.58923,883d326b23fffff,332.61,0.42,1.03,2026-08-20,0643,Terra,96.8,301.2,29.04,D,4,90,farmland,13.2,3.98,9.38,0,1,Agricultural Burn
FIRMS-IND-12323,32.28698,75.28837,883d3285ddfffff,383.52,0.45,0.93,2026-08-20,0353,Aqua,73.6,353.41,90.43,D,8,90,forest,61.0,17.8,15.26,0,0,Wildfire
FIRMS-IND-12324,30.58313,75.93195,883d1690adfffff,326.38,0.43,1.09,2026-08-20,1239,Aqua,83.2,297.8,42.3,D,4,79,farmland,14.5,2.03,4.78,0,1,Agricultural Burn
FIRMS-IND-12325,22.36383,72.71291,8842ce6639fffff,331.39,1.01,0.99,2026-08-20,1727,NOAA-20,50.3,292.32,106.24,N,69,90,industrial,8.4,1.5,7.24,2,2,Industrial/Gas Flare
FIRMS-IND-12326,29.69537,76.71791,883d166d03fffff,315.35,0.39,0.58,2026-08-20,1023,Aqua,56.1,275.57,76.44,N,4,85,farmland,15.5,3.22,7.56,0,1,Agricultural Burn
FIRMS-IND-12327,20.70773,85.43639,883c8ed165fffff,348.96,0.91,0.41,2026-08-20,1009,Aqua,72.2,331.41,33.46,N,59,79,mining,3.1,2.33,6.7,1,3,Mining Activity
FIRMS-IND-12328,21.921,73.16897,8842ca1989fffff,330.55,1.03,0.95,2026-08-20,0911,SNPP,84.7,311.23,148.99,N,74,85,industrial,5.1,0.47,1.27,2,2,Industrial/Gas Flare
FIRMS-IND-12329,21.49323,79.62025,883cb4c913fffff,345.37,1.1,0.5,2026-08-20,0544,SNPP,80.3,325.48,52.97,D,1,85,forest,76.9,17.22,13.51,0,0,Wildfire
FIRMS-IND-12330,23.14336,77.90777,883d9ed08bfffff,382.45,0.58,1.09,2026-08-20,1600,NOAA-20,51.3,359.83,130.92,N,6,85,forest,66.7,8.63,6.4,0,0,Wildfire
FIRMS-IND-12331,23.22597,84.8279,883cae0593fffff,341.99,0.52,0.52,2026-08-20,0834,NOAA-20,77.8,306.02,83.67,D,32,85,mining,11.0,1.27,2.35,1,3,Mining Activity
FIRMS-IND-12332,21.69192,85.39955,883c81a12dfffff,319.78,0.88,0.66,2026-08-20,0734,NOAA-20,99.0,301.93,43.21,D,37,85,mining,12.1,1.61,13.95,1,3,Mining Activity
FIRMS-IND-12333,20.80472,85.84466,883c8e89a9fffff,335.83,0.46,0.4,2026-08-20,2119,Aqua,98.3,302.66,123.69,D,66,79,mining,12.2,0.48,8.13,1,3,Mining Activity
FIRMS-IND-12334,21.70918,79.39356,886096584bfffff,354.08,0.43,0.87,2026-08-20,0532,NOAA-20,97.3,312.19,96.65,D,6,85,forest,67.0,24.55,14.59,0,0,Wildfire
FIRMS-IND-12335,21.33574,79.19076,8860961a2bfffff,363.49,0.82,0.78,2026-08-20,0633,Aqua,59.5,347.76,28.73,D,8,90,forest,70.9,28.01,4.34,0,0,Wildfire
FIRMS-IND-12336,22.44599,73.42773,8842cab561fffff,431.28,0.94,0.82,2026-08-20,0249,Terra,98.3,410.55,66.68,D,76,85,industrial,0.9,0.89,3.31,2,2,Industrial/Gas Flare
FIRMS-IND-12337,21.1878,78.69514,8860963055fffff,374.2,0.99,0.75,2026-08-20,2153,NOAA-20,69.9,355.86,358.73,D,65,90,industrial,9.9,1.32,3.61,2,2,Industrial/Gas Flare
FIRMS-IND-12338,31.20526,74.47777,88424d7513fffff,338.89,0.82,0.95,2026-08-20,0805,SNPP,86.5,303.35,23.23,D,3,85,farmland,18.2,4.32,4.59,0,1,Agricultural Burn
FIRMS-IND-12339,24.6559,76.77663,883d95a33bfffff,370.84,0.38,0.41,2026-08-20,0555,NOAA-20,92.6,326.62,23.21,N,7,90,forest,63.1,23.41,9.21,0,0,Wildfire
FIRMS-IND-12340,21.42794,77.99602,8860904d81fffff,309.35,1.18,0.88,2026-08-20,1050,NOAA-20,78.1,288.43,25.08,D,28,85,residential,5.3,0.69,3.89,1,4,Urban/Infrastructure
FIRMS-IND-12341,22.17839,85.66419,883caa6207fffff,380.35,0.78,1.18,2026-08-20,0800,NOAA-20,63.3,363.02,143.53,N,73,85,industrial,0.0,1.08,5.21,2,2,Industrial/Gas Flare
FIRMS-IND-12342,22.14526,73.61414,8842ca3017fffff,361.38,0.97,0.98,2026-08-20,1310,NOAA-20,71.6,344.04,107.08,N,71,79,industrial,5.6,1.0,5.85,2,2,Industrial/Gas Flare
FIRMS-IND-12343,20.83163,81.23434,883cb076a3fffff,305.45,0.47,0.99,2026-08-20,0058,Aqua,97.8,286.84,5.81,D,1,85,waterbody,12.9,5.59,0.38,1,5,False Positive/Noise
FIRMS-IND-12344,22.12051,78.53245,886092cf2bfffff,359.04,1.14,1.06,2026-08-20,1919,NOAA-20,91.8,332.06,42.28,N,1,79,forest,70.9,23.36,19.57,0,0,Wildfire
FIRMS-IND-12345,30.18259,76.23057,883d160343fffff,310.15,0.95,0.6,2026-08-20,1615,Aqua,93.0,270.0,122.68,N,3,85,farmland,9.2,4.8,1.07,0,1,Agricultural Burn
FIRMS-IND-12346,22.50383,73.80508,8842cbd0c1fffff,363.5,0.64,0.94,2026-08-20,2157,Terra,52.5,321.33,51.23,N,88,90,industrial,6.8,0.54,4.62,2,2,Industrial/Gas Flare
FIRMS-IND-12347,20.84629,78.13727,886090c4d9fffff,398.72,0.99,1.04,2026-08-20,1310,Terra,84.5,356.29,266.15,D,6,90,forest,83.1,18.5,11.09,0,0,Wildfire
FIRMS-IND-12348,22.18046,86.22641,883c8c876bfffff,370.07,0.49,0.96,2026-08-20,1627,Aqua,78.4,337.85,144.06,D,37,85,mining,4.3,1.45,9.51,1,3,Mining Activity
FIRMS-IND-12349,30.93325,76.69378,883d146311fffff,332.84,0.47,1.1,2026-08-20,0340,Aqua,59.3,293.19,78.97,D,1,85,farmland,12.3,4.84,4.62,0,1,Agricultural Burn
FIRMS-IND-12350,21.70067,85.45233,883c81a1e5fffff,352.63,0.89,1.01,2026-08-20,1602,Terra,79.1,313.95,44.32,D,60,90,mining,3.2,0.6,7.3,1,3,Mining Activity
FIRMS-IND-12351,21.8327,86.65027,883c8c315dfffff,331.41,0.67,0.52,2026-08-20,1109,SNPP,88.2,306.85,22.97,D,41,85,mining,11.0,0.72,5.59,1,3,Mining Activity
FIRMS-IND-12352,22.30033,73.72077,8842cbd909fffff,327.19,0.78,0.9,2026-08-20,1822,Aqua,58.1,300.57,154.18,D,85,85,industrial,1.1,1.04,6.04,2,2,Industrial/Gas Flare
FIRMS-IND-12353,21.5514,84.93756,883c81893bfffff,301.58,0.61,0.95,2026-08-20,1013,NOAA-20,56.8,273.5,56.85,N,73,90,mining,16.4,2.22,10.37,1,3,Mining Activity
FIRMS-IND-12354,20.50077,79.12803,886094506bfffff,376.83,1.11,0.59,2026-08-20,0446,Terra,69.6,351.84,27.41,D,4,79,forest,75.1,27.82,7.56,0,0,Wildfire
FIRMS-IND-12355,21.87129,84.12332,883c855517fffff,372.81,0.47,1.1,2026-08-20,0258,SNPP,74.2,343.53,83.22,D,64,90,mining,7.4,1.36,10.98,1,3,Mining Activity
FIRMS-IND-12356,20.97692,85.2407,883c817805fffff,325.02,1.13,0.36,2026-08-20,0353,SNPP,78.0,283.36,42.59,N,57,85,mining,5.2,0.45,4.67,1,3,Mining Activity
FIRMS-IND-12357,21.26223,73.07514,8842d98c09fffff,361.54,1.2,0.59,2026-08-20,2003,NOAA-20,94.0,342.74,428.42,N,71,90,industrial,7.9,0.71,4.04,2,2,Industrial/Gas Flare
FIRMS-IND-12358,22.03809,78.14308,88609201c7fffff,371.79,0.63,0.88,2026-08-20,1731,Terra,90.2,354.2,59.53,D,3,90,forest,91.4,19.76,4.61,0,0,Wildfire
FIRMS-IND-12359,30.45537,75.7159,8842496ed1fffff,316.48,0.64,0.44,2026-08-20,2111,Aqua,79.8,277.18,18.83,D,4,85,farmland,10.5,2.6,2.63,0,1,Agricultural Burn
FIRMS-IND-12360,29.73698,75.6234,88424b2023fffff,299.04,0.94,0.38,2026-08-20,0712,NOAA-20,73.7,270.0,2.31,N,17,90,residential,11.4,0.6,3.86,1,4,Urban/Infrastructure
FIRMS-IND-12361,22.19364,86.06681,883c8c9199fffff,325.58,0.46,1.14,2026-08-20,1841,NOAA-20,95.4,281.74,56.67,D,63,90,mining,4.4,0.32,9.0,1,3,Mining Activity
FIRMS-IND-12362,21.59232,78.03608,886092b185fffff,325.65,0.47,0.74,2026-08-20,0032,NOAA-20,79.0,299.27,50.27,D,69,85,industrial,7.3,1.49,6.24,2,2,Industrial/Gas Flare
FIRMS-IND-12363,21.8429,84.07962,883c855525fffff,371.28,0.49,0.66,2026-08-20,0922,Terra,73.7,348.33,101.11,D,31,90,mining,12.2,2.62,3.86,1,3,Mining Activity
FIRMS-IND-12364,21.44315,85.34187,883c810461fffff,307.37,1.11,1.11,2026-08-20,0420,Terra,54.6,280.46,75.67,D,30,85,mining,19.1,1.45,4.06,1,3,Mining Activity
FIRMS-IND-12365,20.81246,80.61666,883cb052cbfffff,370.62,1.05,0.95,2026-08-20,1630,Terra,50.2,345.09,223.48,D,5,90,forest,92.7,27.68,5.65,0,0,Wildfire
FIRMS-IND-12366,19.5246,78.55533,8860b345bdfffff,342.82,0.79,0.86,2026-08-20,2026,Aqua,85.1,322.67,124.25,N,4,90,forest,91.7,17.47,9.51,0,0,Wildfire
FIRMS-IND-12367,29.95656,76.23384,883d160961fffff,309.16,0.92,0.61,2026-08-20,0251,SNPP,63.6,288.56,1.78,D,0,90,waterbody,28.1,6.58,0.98,1,5,False Positive/Noise
FIRMS-IND-12368,22.18154,85.73811,883caa6283fffff,341.12,0.9,0.79,2026-08-20,1736,Aqua,91.9,300.96,186.48,N,73,90,mining,2.2,0.74,7.54,1,3,Mining Activity
FIRMS-IND-12369,23.18194,73.27164,8842c88d8dfffff,397.26,1.19,0.38,2026-08-20,0519,NOAA-20,98.9,372.34,389.12,D,88,90,industrial,2.3,0.83,5.44,2,2,Industrial/Gas Flare
FIRMS-IND-12370,23.21537,73.36178,8842c8b925fffff,403.41,0.75,1.06,2026-08-20,0401,Aqua,69.4,384.29,78.16,D,74,79,industrial,7.2,0.58,3.14,2,2,Industrial/Gas Flare
FIRMS-IND-12371,31.49637,77.14411,883d15c953fffff,363.07,1.18,0.9,2026-08-20,2023,NOAA-20,64.5,321.39,96.46,D,5,90,forest,90.5,14.81,12.48,0,0,Wildfire
FIRMS-IND-12372,21.521,78.27834,88609294a5fffff,305.4,1.12,1.04,2026-08-20,1902,NOAA-20,73.1,270.0,2.79,N,1,90,waterbody,19.6,4.6,0.6,1,5,False Positive/Noise
FIRMS-IND-12373,22.11426,84.78443,883c852023fffff,289.38,1.18,1.15,2026-08-20,0850,SNPP,77.1,270.0,79.28,D,70,90,mining,7.7,0.46,6.45,1,3,Mining Activity
FIRMS-IND-12374,21.44144,79.98782,883cb4460dfffff,350.16,1.0,0.75,2026-08-20,1322,NOAA-20,93.1,310.23,123.0,D,3,85,forest,88.2,9.41,7.75,0,0,Wildfire
FIRMS-IND-12375,31.68651,76.74121,883d14a2b3fffff,321.27,0.65,0.68,2026-08-20,1325,NOAA-20,71.6,286.97,7.24,D,3,85,farmland,21.3,4.52,4.17,0,1,Agricultural Burn
FIRMS-IND-12376,22.19915,85.57709,883caa71c1fffff,363.15,0.82,1.11,2026-08-20,0034,Aqua,64.9,320.46,78.15,D,48,85,mining,10.7,1.14,14.69,1,3,Mining Activity
FIRMS-IND-12377,22.62399,72.90638,8842ce253bfffff,416.28,1.01,1.03,2026-08-20,0038,Aqua,70.6,396.79,74.17,N,85,90,industrial,5.3,0.73,6.18,2,2,Industrial/Gas Flare
FIRMS-IND-12378,22.6134,84.67242,883c85b59bfffff,349.22,0.62,1.05,2026-08-20,1830,NOAA-20,94.4,324.23,24.64,N,55,90,mining,1.4,1.9,8.21,1,3,Mining Activity
FIRMS-IND-12379,22.59025,83.23836,883ca35515fffff,303.31,0.91,0.72,2026-08-20,1631,Terra,78.6,282.23,16.47,D,70,90,mining,2.1,1.37,14.81,1,3,Mining Activity
FIRMS-IND-12380,20.72149,84.73613,883c8382ebfffff,319.35,0.7,0.84,2026-08-20,2219,Aqua,61.9,286.71,21.71,N,3,90,farmland,18.1,2.33,5.85,0,1,Agricultural Burn
FIRMS-IND-12381,21.51286,85.30436,883c811593fffff,368.46,1.17,1.01,2026-08-20,1826,Terra,92.3,351.8,92.11,D,36,90,mining,15.4,1.84,7.68,1,3,Mining Activity
FIRMS-IND-12382,21.33961,84.91957,883c81cebdfffff,319.22,0.72,0.98,2026-08-20,0735,SNPP,85.6,279.77,26.54,D,20,90,residential,4.5,0.43,2.59,1,4,Urban/Infrastructure
FIRMS-IND-12383,22.91924,72.3468,8842ceb137fffff,399.63,0.63,0.46,2026-08-20,0021,NOAA-20,53.5,383.7,220.72,N,77,90,industrial,8.9,0.99,3.81,2,2,Industrial/Gas Flare
FIRMS-IND-12384,30.43016,76.35627,883d16b9edfffff,338.6,0.63,0.91,2026-08-20,0355,Terra,74.0,305.35,59.25,D,3,79,farmland,14.1,0.55,7.02,0,1,Agricultural Burn
FIRMS-IND-12385,21.76797,74.23233,88609b45c1fffff,358.41,0.93,0.42,2026-08-20,1521,Aqua,79.2,341.6,92.99,D,66,79,industrial,5.3,0.32,5.11,2,2,Industrial/Gas Flare
FIRMS-IND-12386,22.97083,73.01688,8842c8c097fffff,410.47,0.49,0.94,2026-08-20,1428,Aqua,64.2,377.26,125.97,D,74,90,industrial,8.1,0.71,5.38,2,2,Industrial/Gas Flare
FIRMS-IND-12387,30.54817,76.06852,883d1682a3fffff,297.27,0.6,1.16,2026-08-20,0232,Terra,83.7,273.17,15.15,D,3,79,farmland,11.4,3.76,4.37,0,1,Agricultural Burn
FIRMS-IND-12388,30.18485,75.74707,883d16d193fffff,315.85,0.41,1.07,2026-08-20,0056,Aqua,56.6,299.78,3.29,N,34,85,residential,7.9,0.23,3.84,1,4,Urban/Infrastructure
FIRMS-IND-12389,22.80546,73.08438,8842c852d1fffff,373.32,0.37,1.09,2026-08-20,0441,Aqua,54.8,334.04,352.38,D,81,90,industrial,1.6,0.35,4.87,2,2,Industrial/Gas Flare
FIRMS-IND-12390,30.18379,74.35839,8842487451fffff,344.28,0.86,0.49,2026-08-20,2106,Aqua,92.8,302.34,16.06,D,1,90,farmland,21.5,1.0,1.25,0,1,Agricultural Burn
FIRMS-IND-12391,32.52831,76.54836,883d331747fffff,335.92,0.44,1.12,2026-08-20,1622,NOAA-20,52.6,302.17,83.85,D,2,90,farmland,15.2,1.74,5.38,0,1,Agricultural Burn
FIRMS-IND-12392,31.42093,76.16107,883d148827fffff,336.37,0.5,1.08,2026-08-20,2232,NOAA-20,58.3,302.34,47.75,N,3,90,farmland,15.9,1.98,1.76,0,1,Agricultural Burn
FIRMS-IND-12393,20.52171,84.91084,883c831645fffff,298.64,0.87,1.09,2026-08-20,2237,SNPP,84.9,277.98,5.68,D,1,79,grassland,0.6,13.43,0.79,1,5,False Positive/Noise
FIRMS-IND-12394,25.43362,78.55875,883d838109fffff,381.13,0.99,0.79,2026-08-20,1914,SNPP,62.1,361.85,65.13,D,7,90,forest,77.6,10.14,15.76,0,0,Wildfire
FIRMS-IND-12395,23.02036,73.82814,8842c821c1fffff,364.55,1.07,0.73,2026-08-20,1930,Terra,94.2,322.01,65.6,D,65,79,industrial,6.5,1.28,2.23,2,2,Industrial/Gas Flare
FIRMS-IND-12396,22.50379,85.02613,883caac00bfffff,297.96,0.89,1.15,2026-08-20,0436,Aqua,63.9,270.0,69.29,D,63,85,mining,6.8,1.9,13.41,1,3,Mining Activity
FIRMS-IND-12397,30.14095,74.97879,88424b8635fffff,355.91,0.72,0.42,2026-08-20,0121,Terra,84.0,321.06,19.34,N,1,85,farmland,18.8,3.88,9.78,0,1,Agricultural Burn
FIRMS-IND-12398,20.55516,80.88685,883cb04cc1fffff,311.1,0.52,0.61,2026-08-20,2144,Aqua,55.0,271.4,172.27,N,7,90,forest,79.2,13.66,12.66,0,0,Wildfire
FIRMS-IND-12399,22.33122,73.68143,8842cbdb05fffff,293.99,0.46,0.43,2026-08-20,1118,NOAA-20,69.6,270.0,2.22,D,0,85,waterbody,5.8,6.29,0.65,1,5,False Positive/Noise
FIRMS-IND-12400,21.82555,85.23949,883c81849dfffff,296.24,0.88,1.06,2026-08-20,2019,Terra,60.0,275.39,5.86,N,1,79,grassland,30.0,1.86,0.1,1,5,False Positive/Noise
FIRMS-IND-12401,31.44105,76.19001,883d1488edfffff,353.41,0.59,0.76,2026-08-20,1332,NOAA-20,95.2,327.92,29.05,D,9,79,forest,81.8,28.8,19.55,0,0,Wildfire
FIRMS-IND-12402,31.32468,76.0884,883d14c62bfffff,299.49,1.15,0.53,2026-08-20,0001,Aqua,93.9,270.0,2.94,D,1,90,grassland,27.1,18.92,0.16,1,5,False Positive/Noise
FIRMS-IND-12403,22.30478,73.51056,8842caa1bdfffff,407.01,0.68,0.58,2026-08-20,1816,NOAA-20,88.4,379.58,134.42,D,68,79,industrial,0.7,0.12,6.67,2,2,Industrial/Gas Flare
FIRMS-IND-12404,22.09875,85.07234,883caa5855fffff,319.67,0.44,0.36,2026-08-20,0108,Terra,95.9,294.78,7.02,N,22,85,residential,14.0,0.21,5.96,1,4,Urban/Infrastructure
FIRMS-IND-12405,24.75267,78.65425,883d8341e3fffff,362.69,0.67,1.17,2026-08-20,0952,Terra,71.4,328.61,53.17,N,8,90,forest,67.6,29.74,14.62,0,0,Wildfire
FIRMS-IND-12406,30.75557,74.66447,884249c30dfffff,337.93,0.51,0.38,2026-08-20,0933,Terra,61.9,300.82,70.73,N,1,90,farmland,20.8,3.02,8.39,0,1,Agricultural Burn
FIRMS-IND-12407,21.84697,84.79232,883c819325fffff,324.13,0.45,1.04,2026-08-20,1635,NOAA-20,52.9,297.93,19.36,N,60,85,mining,7.5,2.52,12.89,1,3,Mining Activity
FIRMS-IND-12408,30.81745,77.52487,883d101631fffff,371.42,0.74,0.83,2026-08-20,0229,Terra,54.2,334.02,189.03,D,9,79,forest,86.6,12.45,12.31,0,0,Wildfire
FIRMS-IND-12409,21.8675,85.89057,883c8cd56bfffff,312.57,1.04,1.01,2026-08-20,0413,Terra,88.2,295.29,229.39,D,35,90,mining,6.2,1.54,13.59,1,3,Mining Activity
FIRMS-IND-12410,21.21736,79.86835,883cb44aa3fffff,285.08,1.03,0.8,2026-08-20,0036,SNPP,57.1,270.0,6.51,N,0,79,grassland,21.0,15.67,0.06,1,5,False Positive/Noise
FIRMS-IND-12411,21.67924,73.63861,8842ca6e05fffff,374.69,0.65,0.72,2026-08-20,2245,NOAA-20,70.3,350.86,134.0,D,70,90,industrial,9.7,1.41,4.59,2,2,Industrial/Gas Flare
FIRMS-IND-12412,20.58719,86.13747,883c8e0f59fffff,338.17,0.81,0.58,2026-08-20,1300,SNPP,98.3,298.05,23.98,N,72,85,mining,14.1,1.13,4.51,1,3,Mining Activity
FIRMS-IND-12413,29.7099,76.02319,883d164a41fffff,321.92,0.88,0.78,2026-08-20,0039,SNPP,67.4,287.09,21.31,N,15,90,residential,5.5,0.63,1.38,1,4,Urban/Infrastructure
FIRMS-IND-12414,21.5555,73.0708,8842ca4a23fffff,343.77,0.38,0.89,2026-08-20,0040,SNPP,60.2,318.37,56.56,D,88,85,industrial,3.9,1.3,4.78,2,2,Industrial/Gas Flare
FIRMS-IND-12415,29.51524,74.33636,88424aadd1fffff,302.26,1.14,0.76,2026-08-20,1847,SNPP,51.8,270.0,1.47,D,0,90,grassland,10.8,3.76,0.49,1,5,False Positive/Noise
FIRMS-IND-12416,21.87979,73.07477,8842caccb7fffff,359.26,0.79,1.05,2026-08-20,1352,NOAA-20,58.7,326.73,145.47,D,75,90,industrial,5.8,0.85,6.82,2,2,Industrial/Gas Flare
FIRMS-IND-12417,22.26855,84.60539,883c85335bfffff,301.34,0.91,0.47,2026-08-20,0922,SNPP,76.7,277.09,1.06,N,1,90,grassland,1.4,1.36,0.46,1,5,False Positive/Noise
FIRMS-IND-12418,31.00476,76.60662,883d14703dfffff,302.02,0.72,0.74,2026-08-20,1315,Terra,82.3,270.0,81.16,D,21,85,residential,12.4,0.6,5.19,1,4,Urban/Infrastructure
FIRMS-IND-12419,22.77476,79.74936,883d9bda1bfffff,367.33,0.9,0.73,2026-08-20,0802,Aqua,80.4,332.51,41.01,D,3,85,forest,64.0,6.6,19.62,0,0,Wildfire
FIRMS-IND-12420,23.72144,78.10678,883d912523fffff,372.04,0.56,0.43,2026-08-20,0239,SNPP,93.3,351.45,42.84,D,7,79,forest,81.7,10.19,18.08,0,0,Wildfire
FIRMS-IND-12421,30.85479,75.11095,88424911c5fffff,305.03,0.75,0.45,2026-08-20,1517,Aqua,65.2,270.0,2.54,N,0,90,waterbody,36.7,7.28,0.02,1,5,False Positive/Noise
FIRMS-IND-12422,22.70341,72.33484,8842ce1403fffff,394.72,0.54,1.11,2026-08-20,0500,Aqua,90.1,370.43,285.89,D,87,79,industrial,1.7,1.31,2.4,2,2,Industrial/Gas Flare
FIRMS-IND-12423,22.997,78.04933,883d9ece0dfffff,332.72,1.16,0.87,2026-08-20,2239,Terra,78.5,310.29,40.73,N,8,85,forest,67.5,7.66,12.92,0,0,Wildfire
FIRMS-IND-12424,21.92897,73.97158,88609b69cbfffff,316.28,0.63,1.16,2026-08-20,1804,Terra,84.3,290.86,2.3,D,1,85,waterbody,8.9,5.96,0.57,1,5,False Positive/Noise
FIRMS-IND-12425,21.97437,80.93222,883cb5cce3fffff,371.1,1.18,0.75,2026-08-20,0443,Aqua,80.6,356.04,53.86,N,3,90,forest,68.1,26.31,4.55,0,0,Wildfire
FIRMS-IND-12426,21.4568,79.45815,886096c853fffff,350.88,0.88,0.75,2026-08-20,0414,NOAA-20,73.4,320.0,71.24,N,81,90,industrial,1.2,0.12,5.99,2,2,Industrial/Gas Flare
FIRMS-IND-12427,29.98963,76.43466,883d167213fffff,343.74,0.98,1.0,2026-08-20,0814,Terra,54.7,315.41,84.87,N,4,90,farmland,18.9,2.78,8.49,0,1,Agricultural Burn
FIRMS-IND-12428,29.70287,76.16146,883d164f6bfffff,313.7,0.54,0.36,2026-08-20,1502,Terra,64.8,295.61,21.97,N,43,79,residential,3.3,0.61,1.26,1,4,Urban/Infrastructure
FIRMS-IND-12429,22.83171,85.38867,883caa8525fffff,344.41,0.89,0.57,2026-08-20,0310,NOAA-20,55.5,306.95,24.92,D,53,90,mining,9.6,0.41,10.18,1,3,Mining Activity
FIRMS-IND-12430,22.11177,73.87978,8842ca243dfffff,394.92,0.35,0.63,2026-08-20,1629,Terra,62.7,372.15,73.0,N,80,85,industrial,0.8,0.14,1.33,2,2,Industrial/Gas Flare
FIRMS-IND-12431,29.94799,76.56385,883d167547fffff,314.8,0.65,0.36,2026-08-20,1456,Terra,91.5,270.42,167.12,D,2,79,farmland,16.6,2.74,1.02,0,1,Agricultural Burn
FIRMS-IND-12432,21.97767,79.17909,883d9a4e83fffff,356.7,0.97,0.79,2026-08-20,0915,NOAA-20,73.3,332.98,51.54,D,8,79,forest,85.6,8.99,12.57,0,0,Wildfire
FIRMS-IND-12433,21.46453,86.34896,883c8c44d1fffff,316.16,1.11,0.67,2026-08-20,0752,Aqua,50.7,283.79,8.54,D,18,85,residential,13.1,0.56,5.64,1,4,Urban/Infrastructure
FIRMS-IND-12434,22.20728,85.3962,883caa445dfffff,353.63,1.08,1.03,2026-08-20,0703,Terra,79.8,309.99,46.22,D,73,85,mining,3.4,1.45,6.46,1,3,Mining Activity
FIRMS-IND-12435,21.30783,85.35384,883c810c11fffff,374.19,0.74,0.35,2026-08-20,1926,Aqua,79.7,344.43,169.12,D,83,79,industrial,2.0,1.07,0.83,2,2,Industrial/Gas Flare
FIRMS-IND-12436,22.33749,79.18124,883d9a0169fffff,367.23,1.17,0.55,2026-08-20,1255,NOAA-20,76.5,340.43,85.51,D,2,90,forest,80.5,24.29,5.17,0,0,Wildfire
FIRMS-IND-12437,19.74945,77.11301,8860952451fffff,353.61,0.79,0.92,2026-08-20,0521,Aqua,92.9,329.91,52.81,N,7,85,forest,63.2,24.25,14.04,0,0,Wildfire
FIRMS-IND-12438,20.89842,78.52061,886090d161fffff,353.57,0.95,1.15,2026-08-20,0618,Terra,97.7,316.71,27.61,N,3,85,forest,81.8,23.54,12.5,0,0,Wildfire
FIRMS-IND-12439,22.51704,85.58908,883caa0549fffff,305.94,1.12,0.44,2026-08-20,0445,Aqua,50.5,270.0,3.2,D,0,85,grassland,2.1,18.97,1.0,1,5,False Positive/Noise
FIRMS-IND-12440,21.78638,72.75662,8842dd34d7fffff,416.92,0.77,1.15,2026-08-20,1004,SNPP,63.1,373.83,75.88,N,72,90,industrial,4.2,0.7,1.7,2,2,Industrial/Gas Flare
FIRMS-IND-12441,31.79994,75.89108,883d322811fffff,335.74,0.89,0.4,2026-08-20,0348,SNPP,65.4,296.12,9.2,D,3,90,farmland,14.2,1.52,3.17,0,1,Agricultural Burn
FIRMS-IND-12442,21.65511,73.67615,8842ca6c43fffff,319.13,0.83,0.62,2026-08-20,1030,Aqua,96.3,274.32,42.11,D,15,90,residential,7.0,0.4,1.73,1,4,Urban/Infrastructure
FIRMS-IND-12443,21.12119,85.83714,883c8e90b3fffff,363.16,0.53,0.78,2026-08-20,0651,Terra,95.0,328.9,65.92,D,61,79,mining,10.6,0.9,7.85,1,3,Mining Activity
FIRMS-IND-12444,21.91877,85.76688,883c8cd215fffff,355.58,0.76,0.58,2026-08-20,1749,SNPP,73.9,323.09,17.75,D,40,90,mining,17.5,2.87,6.48,1,3,Mining Activity
FIRMS-IND-12445,21.61733,85.50193,883c81a893fffff,357.25,0.62,0.62,2026-08-20,1101,Aqua,79.2,330.53,110.74,D,65,90,mining,15.3,2.63,2.77,1,3,Mining Activity
FIRMS-IND-12446,21.62363,78.39956,8860928227fffff,346.85,1.12,0.78,2026-08-20,0445,SNPP,57.9,326.65,21.3,D,5,90,forest,74.0,5.57,9.29,0,0,Wildfire
FIRMS-IND-12447,29.82982,75.88676,883d16516dfffff,321.16,1.06,0.58,2026-08-20,1936,NOAA-20,62.2,277.88,12.49,D,2,79,farmland,7.3,3.27,2.51,0,1,Agricultural Burn
FIRMS-IND-12448,30.05088,75.64622,883d16d821fffff,346.94,0.49,0.69,2026-08-20,1553,SNPP,82.7,309.66,39.52,N,1,79,farmland,12.9,3.6,4.5,0,1,Agricultural Burn
FIRMS-IND-12449,21.86328,85.62366,883c81a6e1fffff,367.03,0.44,1.1,2026-08-20,1142,Aqua,72.1,331.96,13.86,D,4,85,farmland,23.0,1.42,1.09,0,1,Agricultural Burn
FIRMS-IND-12450,22.87058,84.27092,883cae434dfffff,332.71,0.53,0.99,2026-08-20,1312,NOAA-20,73.7,300.13,24.77,N,48,90,mining,4.9,0.5,14.08,1,3,Mining Activity
FIRMS-IND-12451,24.32116,77.95601,883d826ae1fffff,324.63,1.2,0.93,2026-08-20,0445,NOAA-20,82.7,299.93,55.28,N,4,90,farmland,16.2,4.41,9.72,0,1,Agricultural Burn
FIRMS-IND-12452,21.8222,85.5469,883c81a701fffff,361.4,0.82,0.77,2026-08-20,1309,Aqua,50.5,342.28,57.5,D,74,85,mining,1.1,2.09,3.03,1,3,Mining Activity
FIRMS-IND-12453,21.70419,85.03574,883c8181b9fffff,349.64,1.14,0.85,2026-08-20,1935,SNPP,82.0,309.51,101.36,D,73,85,mining,14.9,1.36,9.51,1,3,Mining Activity
FIRMS-IND-12454,22.83627,76.19751,883d904a29fffff,346.76,1.15,0.62,2026-08-20,0624,SNPP,77.3,317.39,34.4,N,1,90,forest,89.3,7.82,19.07,0,0,Wildfire
FIRMS-IND-12455,22.84741,73.54962,8842c87293fffff,349.64,0.99,0.97,2026-08-20,0153,SNPP,78.8,323.16,161.48,D,68,90,industrial,3.3,0.35,7.45,2,2,Industrial/Gas Flare
FIRMS-IND-12456,29.59722,76.35502,883da5b737fffff,327.37,1.18,0.56,2026-08-20,1854,NOAA-20,56.8,298.72,17.08,D,4,79,farmland,9.8,3.14,9.82,0,1,Agricultural Burn
FIRMS-IND-12457,20.952,79.41086,8860969a41fffff,393.34,1.04,0.39,2026-08-20,1758,SNPP,67.8,348.6,31.95,D,9,85,forest,82.2,14.02,7.7,0,0,Wildfire
FIRMS-IND-12458,22.27609,72.93947,8842ca98d1fffff,379.05,0.95,0.67,2026-08-20,0912,Terra,64.7,349.44,119.0,D,79,85,industrial,3.4,0.2,4.19,2,2,Industrial/Gas Flare
FIRMS-IND-12459,30.62719,76.0153,883d169555fffff,321.52,0.9,0.93,2026-08-20,1929,Terra,53.6,303.64,4.73,D,1,85,waterbody,34.4,9.7,0.03,1,5,False Positive/Noise
FIRMS-IND-12460,21.39487,84.89371,883c81c539fffff,351.12,0.59,0.63,2026-08-20,1548,NOAA-20,75.1,312.45,34.1,N,35,90,mining,2.7,1.15,5.58,1,3,Mining Activity
FIRMS-IND-12461,31.67763,75.98106,883d149333fffff,317.98,0.69,0.35,2026-08-20,0621,Aqua,57.4,278.43,8.49,D,2,85,farmland,11.6,1.82,7.35,0,1,Agricultural Burn
FIRMS-IND-12462,24.32652,80.36389,883d99973dfffff,359.7,0.51,0.46,2026-08-20,0350,NOAA-20,97.4,320.4,78.92,N,7,90,forest,90.4,27.73,8.26,0,0,Wildfire
FIRMS-IND-12463,30.3646,76.81741,883d16340dfffff,309.22,0.4,0.48,2026-08-20,1121,NOAA-20,54.5,271.81,9.69,N,3,85,farmland,19.4,1.24,7.8,0,1,Agricultural Burn
FIRMS-IND-12464,30.3644,75.00742,8842494105fffff,331.49,0.69,0.95,2026-08-20,2150,SNPP,78.1,313.01,56.47,N,2,85,farmland,16.7,3.95,9.99,0,1,Agricultural Burn
FIRMS-IND-12465,29.32727,77.06853,883d125745fffff,349.37,0.87,0.57,2026-08-20,1115,Aqua,90.6,322.69,5.11,D,2,90,farmland,20.1,3.93,3.05,0,1,Agricultural Burn
FIRMS-IND-12466,19.68482,77.53931,886095a901fffff,378.12,0.64,0.89,2026-08-20,0234,SNPP,93.3,348.3,62.87,D,9,85,forest,77.3,12.71,5.48,0,0,Wildfire
FIRMS-IND-12467,22.78388,72.56878,8842cea893fffff,306.26,0.81,0.98,2026-08-20,0317,NOAA-20,61.1,287.61,41.42,N,3,90,farmland,17.8,3.51,6.98,0,1,Agricultural Burn
FIRMS-IND-12468,30.69116,76.42207,883d16b2b9fffff,294.95,0.87,1.05,2026-08-20,1604,Aqua,56.9,270.0,5.24,D,39,79,residential,12.4,0.53,1.67,1,4,Urban/Infrastructure
FIRMS-IND-12469,23.20372,81.43924,883ca6023dfffff,308.16,0.74,0.47,2026-08-20,2055,NOAA-20,82.9,270.0,2.46,D,0,85,waterbody,18.9,11.23,0.63,1,5,False Positive/Noise
FIRMS-IND-12470,23.87314,78.35087,883d9c50d5fffff,335.19,0.64,0.77,2026-08-20,0155,NOAA-20,72.3,313.9,26.88,N,1,90,forest,75.8,22.87,13.55,0,0,Wildfire
FIRMS-IND-12471,22.6641,77.91211,883d9325adfffff,319.88,1.02,0.86,2026-08-20,1641,Aqua,92.9,304.05,43.07,D,8,90,forest,85.1,9.1,15.2,0,0,Wildfire
FIRMS-IND-12472,21.85793,80.12927,883cb41401fffff,358.11,1.11,0.46,2026-08-20,0727,SNPP,65.4,338.84,117.59,D,6,85,forest,65.5,9.36,4.08,0,0,Wildfire
FIRMS-IND-12473,21.30585,85.80748,883c812c11fffff,301.42,1.19,0.55,2026-08-20,0803,NOAA-20,83.6,281.34,86.12,D,55,90,mining,4.9,1.81,2.09,1,3,Mining Activity
FIRMS-IND-12474,23.1557,79.05372,883d9e24d7fffff,391.33,0.92,0.37,2026-08-20,1600,Aqua,81.4,359.65,60.84,N,9,90,forest,73.5,15.62,14.36,0,0,Wildfire
FIRMS-IND-12475,22.08934,84.87177,883c852e09fffff,338.71,0.67,0.39,2026-08-20,0223,Terra,95.8,320.66,11.1,N,3,90,farmland,20.0,3.06,9.69,0,1,Agricultural Burn
FIRMS-IND-12476,22.77469,85.76404,883caaaf49fffff,320.1,0.62,1.05,2026-08-20,1155,Aqua,84.2,283.97,124.96,D,59,85,mining,0.8,1.45,3.01,1,3,Mining Activity
FIRMS-IND-12477,21.65557,84.60909,883c856f39fffff,339.31,0.78,0.41,2026-08-20,1818,Terra,67.3,314.59,93.92,D,55,85,mining,10.7,2.39,5.26,1,3,Mining Activity
FIRMS-IND-12478,30.80342,75.98158,883d145b67fffff,288.67,0.63,0.42,2026-08-20,0531,SNPP,98.4,270.0,1.21,N,1,90,grassland,15.1,14.47,0.03,1,5,False Positive/Noise
FIRMS-IND-12479,22.46619,85.67805,883caa05a7fffff,353.39,0.63,1.09,2026-08-20,1752,Aqua,56.6,330.56,62.05,N,43,79,mining,19.7,2.03,11.7,1,3,Mining Activity
FIRMS-IND-12480,21.11164,85.1132,883c81444bfffff,357.88,0.52,0.61,2026-08-20,1629,Aqua,99.5,334.09,73.44,D,54,90,mining,11.2,0.34,8.72,1,3,Mining Activity
FIRMS-IND-12481,30.41531,77.20256,883d105299fffff,399.9,1.03,0.47,2026-08-20,1411,NOAA-20,78.3,363.08,76.73,D,81,90,industrial,4.4,0.13,1.06,2,2,Industrial/Gas Flare
FIRMS-IND-12482,22.65569,80.01347,883d9bcc29fffff,361.22,0.93,1.1,2026-08-20,2146,Terra,97.1,322.82,78.46,N,4,90,forest,70.7,11.98,17.62,0,0,Wildfire
FIRMS-IND-12483,20.91549,72.51719,8842d8aeb9fffff,420.68,1.15,0.56,2026-08-20,1231,SNPP,99.0,383.26,104.85,N,66,90,industrial,0.2,0.47,1.3,2,2,Industrial/Gas Flare
FIRMS-IND-12484,21.13772,78.30006,886090520dfffff,375.5,0.65,0.51,2026-08-20,2220,SNPP,87.2,334.44,79.77,D,2,90,forest,75.7,9.03,16.6,0,0,Wildfire
FIRMS-IND-12485,22.50494,85.5869,883caa0545fffff,314.42,0.59,0.86,2026-08-20,0358,SNPP,71.2,277.67,56.17,D,42,79,mining,19.6,0.41,8.57,1,3,Mining Activity
FIRMS-IND-12486,22.95985,73.15763,8842c81b51fffff,421.47,1.17,1.1,2026-08-20,1110,NOAA-20,64.7,380.91,71.7,N,84,85,industrial,6.5,0.14,3.82,2,2,Industrial/Gas Flare
FIRMS-IND-12487,21.43811,72.59066,8842dd749dfffff,404.06,0.44,0.76,2026-08-20,1331,Terra,59.5,385.34,57.88,N,65,79,industrial,2.5,0.4,2.33,2,2,Industrial/Gas Flare
FIRMS-IND-12488,20.1165,77.66737,8860957321fffff,310.76,0.68,0.94,2026-08-20,1050,NOAA-20,86.9,276.03,2.85,N,1,90,grassland,34.3,14.48,0.3,1,5,False Positive/Noise
FIRMS-IND-12489,24.22529,77.61999,883d824d25fffff,366.29,1.13,1.06,2026-08-20,1549,SNPP,98.4,323.08,271.23,N,2,85,forest,86.1,22.37,10.45,0,0,Wildfire
FIRMS-IND-12490,31.77434,75.94656,883d3228a3fffff,344.1,1.05,0.67,2026-08-20,1040,NOAA-20,65.8,328.31,47.57,N,1,90,farmland,24.6,4.15,3.44,0,1,Agricultural Burn
FIRMS-IND-12491,23.73223,77.75279,883d910591fffff,397.58,0.68,1.02,2026-08-20,0346,NOAA-20,99.7,368.69,87.09,D,86,90,industrial,8.4,0.94,4.93,2,2,Industrial/Gas Flare
FIRMS-IND-12492,30.68664,76.63412,883d16a649fffff,345.02,1.1,0.5,2026-08-20,1751,SNPP,98.6,324.48,37.27,D,3,90,forest,68.2,29.37,7.14,0,0,Wildfire
FIRMS-IND-12493,21.22964,80.41093,883cb46c2dfffff,366.77,0.91,0.73,2026-08-20,2136,Aqua,80.9,338.68,81.07,D,8,85,forest,77.8,5.88,3.94,0,0,Wildfire
FIRMS-IND-12494,22.03042,74.1941,8842cb4a9bfffff,312.22,0.54,0.95,2026-08-20,1312,NOAA-20,98.6,290.33,16.63,D,21,85,residential,8.1,0.09,4.47,1,4,Urban/Infrastructure
FIRMS-IND-12495,22.08203,71.97251,8842ce5921fffff,335.89,0.45,0.99,2026-08-20,1645,Aqua,57.1,318.68,104.64,N,85,79,industrial,9.5,0.97,3.29,2,2,Industrial/Gas Flare
FIRMS-IND-12496,22.02533,78.53381,886092c0a9fffff,337.93,0.81,0.84,2026-08-20,1812,Aqua,79.6,308.04,20.27,N,6,85,forest,79.9,6.81,14.95,0,0,Wildfire
FIRMS-IND-12497,22.741,73.40809,8842c844d5fffff,334.52,0.65,0.96,2026-08-20,0239,NOAA-20,83.4,301.51,172.32,D,9,85,forest,75.6,5.65,3.51,0,0,Wildfire
FIRMS-IND-12498,22.11002,80.10629,883cb48481fffff,343.92,0.55,0.76,2026-08-20,1519,Aqua,70.3,311.1,58.76,D,8,79,forest,67.2,9.41,7.04,0,0,Wildfire
FIRMS-IND-12499,22.1134,73.07794,8842ca1359fffff,383.59,0.84,0.58,2026-08-20,2112,Aqua,91.6,363.79,83.39,D,70,85,industrial,8.3,1.18,2.9,2,2,Industrial/Gas Flare
FIRMS-IND-12500,23.39916,72.83681,8842cc66dbfffff,363.0,0.65,1.12,2026-08-20,1945,SNPP,92.0,337.62,37.2,N,7,90,forest,86.8,7.41,7.02,0,0,Wildfire
