latitude,longitude,bright_ti4,scan,track,acq_date,acq_time,satellite,confidence,version,bright_ti5,frp,daynight
26.56062,101.67899,331.37,0.4,0.37,2026-08-20,0637,N,nominal,2.0NRT,298.66,5.72,D
26.57629,101.668,338.08,0.4,0.37,2026-08-20,0637,N,nominal,2.0NRT,292.74,9.15,D
26.57573,101.66409,331.89,0.4,0.37,2026-08-20,0637,N,nominal,2.0NRT,292.57,4.62,D
36.49905,101.82346,331.15,0.49,0.4,2026-08-20,0640,N,low,2.0NRT,305.54,1.59,D
36.57077,101.45684,334.93,0.47,0.4,2026-08-20,0640,N,nominal,2.0NRT,299.69,4.08,D
36.69379,101.46407,330.74,0.47,0.4,2026-08-20,0640,N,nominal,2.0NRT,300.26,3.02,D
36.85898,101.7578,340.7,0.49,0.4,2026-08-20,0640,N,nominal,2.0NRT,306.32,4.39,D
36.85616,101.75672,335.15,0.49,0.4,2026-08-20,0640,N,nominal,2.0NRT,306.33,4.78,D
36.8654,101.7382,332.6,0.49,0.4,2026-08-20,0640,N,low,2.0NRT,306.96,6.41,D
36.88635,101.72318,335.32,0.49,0.4,2026-08-20,0640,N,low,2.0NRT,308.55,3.59,D
38.38992,90.16131,340.14,0.4,0.44,2026-08-20,0642,N,low,2.0NRT,311.55,1.76,D
39.84224,98.27504,350.08,0.4,0.37,2026-08-20,0642,N,nominal,2.0NRT,313.1,4,D
6.21678,80.89765,336.55,0.39,0.37,2026-08-20,0813,N,nominal,2.0NRT,290.98,5.99,D
6.21973,80.87165,331.93,0.39,0.37,2026-08-20,0813,N,nominal,2.0NRT,289.93,2.19,D
6.29387,81.24715,336.98,0.4,0.37,2026-08-20,0813,N,nominal,2.0NRT,290.41,4.01,D
6.35584,81.14819,338.11,0.4,0.37,2026-08-20,0813,N,nominal,2.0NRT,295.78,4.63,D
6.3817,81.29693,336.87,0.4,0.37,2026-08-20,0813,N,nominal,2.0NRT,295.15,5.74,D
6.35923,81.14768,337.82,0.4,0.37,2026-08-20,0813,N,nominal,2.0NRT,294.97,4.63,D
6.52056,81.05968,347.19,0.4,0.37,2026-08-20,0813,N,nominal,2.0NRT,300.28,8.84,D
6.48633,80.71687,345.02,0.39,0.36,2026-08-20,0813,N,nominal,2.0NRT,294.02,11.31,D
6.54586,80.97478,330.9,0.4,0.37,2026-08-20,0813,N,nominal,2.0NRT,300.53,2.84,D
6.56569,80.94603,338.96,0.4,0.37,2026-08-20,0813,N,nominal,2.0NRT,300.94,2.49,D
6.6259,81.25217,331.08,0.4,0.37,2026-08-20,0813,N,low,2.0NRT,303.44,2.46,D
6.62535,81.24851,334.21,0.4,0.37,2026-08-20,0813,N,low,2.0NRT,304.46,2.46,D
6.6253,81.24866,335.44,0.4,0.37,2026-08-20,0813,N,nominal,2.0NRT,304.65,6.04,D
6.60576,80.88501,332.03,0.4,0.37,2026-08-20,0813,N,nominal,2.0NRT,299.29,1.81,D
6.75499,81.74423,343.94,0.42,0.38,2026-08-20,0813,N,nominal,2.0NRT,299.7,6.92,D
6.72233,81.24533,337.11,0.41,0.37,2026-08-20,0813,N,nominal,2.0NRT,298.65,2.22,D
6.70792,80.98251,338.65,0.4,0.37,2026-08-20,0813,N,nominal,2.0NRT,297.44,4.57,D
6.72316,81.06162,335.84,0.4,0.37,2026-08-20,0813,N,nominal,2.0NRT,297.22,3,D
6.7872,81.46957,336.68,0.41,0.37,2026-08-20,0813,N,nominal,2.0NRT,299.78,3.08,D
6.72654,81.06101,350.79,0.4,0.37,2026-08-20,0813,N,nominal,2.0NRT,299.01,10.21,D
6.73046,81.06409,346.72,0.4,0.37,2026-08-20,0813,N,nominal,2.0NRT,296.21,10.21,D
6.72991,81.06036,356.7,0.4,0.37,2026-08-20,0813,N,nominal,2.0NRT,299.67,10.21,D
6.73328,81.05975,355.31,0.4,0.37,2026-08-20,0813,N,nominal,2.0NRT,300.3,24.32,D
6.8106,81.48529,345.87,0.41,0.37,2026-08-20,0813,N,nominal,2.0NRT,301.07,5.58,D
6.77269,81.20744,334.47,0.4,0.37,2026-08-20,0813,N,nominal,2.0NRT,297.52,3.34,D
6.71841,80.84508,333.17,0.4,0.37,2026-08-20,0813,N,nominal,2.0NRT,297.79,2.78,D
6.77621,81.18446,347.85,0.4,0.37,2026-08-20,0813,N,nominal,2.0NRT,298.8,5.73,D
6.82714,81.50195,342.25,0.41,0.37,2026-08-20,0813,N,nominal,2.0NRT,302.17,4.96,D
6.83426,81.43214,333.02,0.41,0.37,2026-08-20,0813,N,nominal,2.0NRT,300.34,1.38,D
6.80653,81.24734,331.85,0.41,0.37,2026-08-20,0813,N,nominal,2.0NRT,298.55,3.4,D
6.96545,81.61172,351.89,0.42,0.37,2026-08-20,0813,N,nominal,2.0NRT,303.5,35.28,D
6.95979,81.57388,335.24,0.42,0.37,2026-08-20,0813,N,nominal,2.0NRT,298.94,2.57,D
7.04992,81.78621,336.11,0.42,0.38,2026-08-20,0813,N,nominal,2.0NRT,298.23,2.52,D
7.19321,81.76139,336.44,0.42,0.38,2026-08-20,0813,N,nominal,2.0NRT,301.04,5.62,D
7.30818,81.85501,335.17,0.43,0.38,2026-08-20,0813,N,nominal,2.0NRT,295.63,6.5,D
7.30823,81.83119,330.47,0.43,0.38,2026-08-20,0813,N,nominal,2.0NRT,295.54,5.92,D
7.30599,81.79197,347.92,0.43,0.38,2026-08-20,0813,N,nominal,2.0NRT,296.19,10.5,D
7.21973,81.14264,336.15,0.41,0.37,2026-08-20,0813,N,nominal,2.0NRT,293.15,2.06,D
7.2192,81.13906,331.21,0.41,0.37,2026-08-20,0813,N,nominal,2.0NRT,293.6,4.19,D
7.32629,81.8325,339.07,0.43,0.38,2026-08-20,0813,N,nominal,2.0NRT,291.25,6.35,D
7.32287,81.78553,342.25,0.43,0.38,2026-08-20,0813,N,nominal,2.0NRT,294.83,4.13,D
7.31885,81.75852,345.08,0.43,0.38,2026-08-20,0813,N,nominal,2.0NRT,295.81,9.86,D
7.2488,81.26661,340.23,0.41,0.37,2026-08-20,0813,N,nominal,2.0NRT,290.57,2.65,D
7.32988,81.76083,338.64,0.43,0.38,2026-08-20,0813,N,nominal,2.0NRT,292.51,2.56,D
7.34035,81.75928,335.49,0.43,0.38,2026-08-20,0813,N,nominal,2.0NRT,291.33,3.59,D
7.27521,81.11919,334.07,0.41,0.37,2026-08-20,0813,N,nominal,2.0NRT,296.52,2.61,D
7.32756,81.21307,336.06,0.41,0.37,2026-08-20,0813,N,nominal,2.0NRT,294.63,3.91,D
7.33153,81.21626,340.26,0.41,0.37,2026-08-20,0813,N,nominal,2.0NRT,294.76,3.1,D
7.33097,81.21256,346.04,0.41,0.37,2026-08-20,0813,N,nominal,2.0NRT,296.19,6.96,D
7.33495,81.21577,333.8,0.41,0.37,2026-08-20,0813,N,nominal,2.0NRT,294.24,3.1,D
7.3295,81.04007,334.27,0.4,0.37,2026-08-20,0813,N,nominal,2.0NRT,297.01,3.78,D
7.40332,81.2776,334.13,0.41,0.37,2026-08-20,0813,N,nominal,2.0NRT,295.31,3.27,D
7.38607,81.11382,330.98,0.41,0.37,2026-08-20,0813,N,nominal,2.0NRT,300.35,1.97,D
7.38552,81.11015,343.3,0.41,0.37,2026-08-20,0813,N,nominal,2.0NRT,300.03,1.97,D
7.38948,81.11331,331.24,0.41,0.37,2026-08-20,0813,N,nominal,2.0NRT,299.88,4.26,D
7.38893,81.10962,353.09,0.41,0.37,2026-08-20,0813,N,nominal,2.0NRT,301.89,4.26,D
7.4271,80.96945,337.48,0.4,0.37,2026-08-20,0813,N,nominal,2.0NRT,301.21,4.02,D
7.45602,81.09219,341.46,0.41,0.37,2026-08-20,0813,N,nominal,2.0NRT,300.15,6.89,D
7.45547,81.08854,339.59,0.41,0.37,2026-08-20,0813,N,nominal,2.0NRT,298.74,4.91,D
7.50069,81.27799,338.29,0.41,0.37,2026-08-20,0813,N,nominal,2.0NRT,292.39,3.74,D
7.50024,80.96915,336.72,0.4,0.37,2026-08-20,0813,N,nominal,2.0NRT,301.6,3.78,D
7.52982,80.93488,339.22,0.4,0.37,2026-08-20,0813,N,nominal,2.0NRT,301.13,4.45,D
7.52927,80.93124,342.64,0.4,0.37,2026-08-20,0813,N,nominal,2.0NRT,301.62,4.45,D
7.53321,80.93436,332.12,0.4,0.37,2026-08-20,0813,N,nominal,2.0NRT,300.46,3.36,D
7.57791,80.85709,346.72,0.4,0.37,2026-08-20,0813,N,nominal,2.0NRT,296.07,5.69,D
7.61121,80.964,347.49,0.4,0.37,2026-08-20,0813,N,nominal,2.0NRT,299.44,3.96,D
7.61461,80.96349,335.63,0.4,0.37,2026-08-20,0813,N,nominal,2.0NRT,299.85,3.96,D
7.64815,80.93231,331.57,0.4,0.37,2026-08-20,0813,N,nominal,2.0NRT,300.03,2.7,D
7.70978,81.25452,338.33,0.41,0.37,2026-08-20,0813,N,nominal,2.0NRT,300.73,5,D
7.64166,80.67686,336.86,0.4,0.37,2026-08-20,0813,N,nominal,2.0NRT,294,3.46,D
7.72984,81.24775,350.83,0.41,0.37,2026-08-20,0813,N,nominal,2.0NRT,304.44,12.48,D
7.79305,81.15463,336.72,0.41,0.37,2026-08-20,0813,N,nominal,2.0NRT,299.84,6.44,D
7.92285,81.39185,338.55,0.42,0.37,2026-08-20,0813,N,nominal,2.0NRT,285.73,3.61,D
7.9423,81.31919,332.49,0.42,0.37,2026-08-20,0813,N,nominal,2.0NRT,283.91,3.72,D
7.9452,81.3149,334.77,0.42,0.37,2026-08-20,0813,N,nominal,2.0NRT,284.29,6.62,D
7.94464,81.31114,335.61,0.41,0.37,2026-08-20,0813,N,nominal,2.0NRT,282.41,3.91,D
7.94184,81.19656,337.62,0.41,0.37,2026-08-20,0813,N,nominal,2.0NRT,283.16,4.82,D
7.9938,80.16321,330.74,0.39,0.36,2026-08-20,0813,N,nominal,2.0NRT,286.19,2.49,D
8.21754,81.10218,330.44,0.41,0.37,2026-08-20,0813,N,nominal,2.0NRT,281.72,3.07,D
8.16379,79.83366,347.02,0.39,0.36,2026-08-20,0813,N,nominal,2.0NRT,292.76,5.84,D
8.41734,81.08703,334.09,0.41,0.37,2026-08-20,0813,N,nominal,2.0NRT,274.8,2.9,D
8.45045,80.81741,330.74,0.4,0.37,2026-08-20,0813,N,nominal,2.0NRT,288.96,3.69,D
8.68008,80.83871,331.34,0.41,0.37,2026-08-20,0813,N,nominal,2.0NRT,274.97,3.44,D
8.65339,80.63652,332.32,0.4,0.37,2026-08-20,0813,N,nominal,2.0NRT,287.95,2.64,D
8.68966,80.85621,330.75,0.41,0.37,2026-08-20,0813,N,nominal,2.0NRT,278.73,4.11,D
8.82787,80.89571,331.38,0.41,0.37,2026-08-20,0813,N,nominal,2.0NRT,296.56,3.25,D
8.87924,81.03294,339.85,0.41,0.37,2026-08-20,0813,N,nominal,2.0NRT,299.87,9.71,D
8.95379,80.75946,332.3,0.41,0.37,2026-08-20,0813,N,nominal,2.0NRT,296.4,2.26,D
9.00053,79.86462,336.71,0.39,0.36,2026-08-20,0813,N,nominal,2.0NRT,294.45,3.48,D
9.00601,79.87824,338.67,0.39,0.36,2026-08-20,0813,N,nominal,2.0NRT,296.45,4.06,D
9.0254,79.83466,331.19,0.39,0.36,2026-08-20,0813,N,nominal,2.0NRT,294.77,1.97,D
8.92556,77.96257,348.38,0.39,0.36,2026-08-20,0813,N,nominal,2.0NRT,298.95,8.49,D
9.41284,80.44965,348.03,0.4,0.37,2026-08-20,0813,N,nominal,2.0NRT,298.31,4.4,D
9.43061,80.44665,336.91,0.4,0.37,2026-08-20,0813,N,nominal,2.0NRT,300.61,2.42,D
10.20464,78.83772,339.24,0.38,0.36,2026-08-20,0813,N,nominal,2.0NRT,302.04,11.72,D
10.57315,79.49966,330.82,0.39,0.36,2026-08-20,0813,N,nominal,2.0NRT,291.05,2.25,D
12.54274,79.87836,347.01,0.4,0.37,2026-08-20,0816,N,nominal,2.0NRT,293.15,4.92,D
12.66698,79.70408,331.27,0.4,0.37,2026-08-20,0816,N,nominal,2.0NRT,298.22,1.45,D
12.89302,78.87909,331.01,0.39,0.36,2026-08-20,0816,N,nominal,2.0NRT,285.21,1.83,D
13.07203,79.95014,330.69,0.41,0.37,2026-08-20,0816,N,nominal,2.0NRT,296.86,3.38,D
13.04383,79.59259,335.61,0.4,0.37,2026-08-20,0816,N,nominal,2.0NRT,300.02,2.46,D
13.40582,80.21592,334.97,0.42,0.38,2026-08-20,0816,N,nominal,2.0NRT,295.65,6.25,D
13.34752,79.09665,337.78,0.39,0.36,2026-08-20,0816,N,nominal,2.0NRT,303.6,1.8,D
13.66444,79.61813,341.5,0.4,0.37,2026-08-20,0816,N,nominal,2.0NRT,300.91,6.06,D
14.28543,79.97816,338.42,0.42,0.37,2026-08-20,0816,N,nominal,2.0NRT,299.04,2.41,D
14.34493,79.72159,345.53,0.41,0.37,2026-08-20,0816,N,nominal,2.0NRT,292.28,5.86,D
15.26779,78.92377,336.08,0.4,0.37,2026-08-20,0816,N,nominal,2.0NRT,296.02,3.8,D
15.1724,76.69444,335.7,0.39,0.36,2026-08-20,0816,N,nominal,2.0NRT,298.46,2.38,D
15.16424,76.3814,338.7,0.4,0.37,2026-08-20,0816,N,nominal,2.0NRT,298.01,5.53,D
15.1676,76.38084,330.62,0.4,0.37,2026-08-20,0816,N,low,2.0NRT,299.2,5.97,D
16.07655,79.14837,330.86,0.41,0.37,2026-08-20,0816,N,nominal,2.0NRT,298.08,1.46,D
16.07496,79.11341,341.12,0.4,0.37,2026-08-20,0816,N,nominal,2.0NRT,298.92,3.87,D
15.58879,75.15228,332.36,0.43,0.38,2026-08-20,0816,N,low,2.0NRT,301.44,5.86,D
17.29004,82.58302,331.27,0.4,0.44,2026-08-20,0816,N,nominal,2.0NRT,293.78,1.58,D
17.50736,82.95307,335.65,0.43,0.46,2026-08-20,0816,N,nominal,2.0NRT,294.23,3.79,D
17.50684,82.94902,342.7,0.43,0.46,2026-08-20,0816,N,nominal,2.0NRT,294.09,3.79,D
17.51158,82.95251,348.49,0.43,0.46,2026-08-20,0816,N,nominal,2.0NRT,293.97,6.78,D
17.54337,83.00231,335.63,0.43,0.46,2026-08-20,0816,N,nominal,2.0NRT,291.61,3.18,D
17.79435,83.16505,341.11,0.44,0.46,2026-08-20,0816,N,nominal,2.0NRT,291.69,6.14,D
17.95594,80.79374,337.11,0.49,0.4,2026-08-20,0816,N,nominal,2.0NRT,297,6.47,D
17.77165,79.02434,336.41,0.41,0.37,2026-08-20,0816,N,nominal,2.0NRT,295.03,2.96,D
20.95271,86.0482,329.15,0.37,0.58,2026-08-20,0818,N,nominal,2.0NRT,287.39,4.49,D
20.96745,86.01298,349.96,0.37,0.58,2026-08-20,0818,N,nominal,2.0NRT,288.46,7.71,D
21.10331,72.64813,335.83,0.47,0.4,2026-08-20,0818,N,low,2.0NRT,297.18,7.57,D
21.10092,72.63459,334.49,0.47,0.4,2026-08-20,0818,N,nominal,2.0NRT,296.82,10.43,D
21.10694,72.64742,340.92,0.47,0.4,2026-08-20,0818,N,nominal,2.0NRT,299.37,13.54,D
24.80284,71.78471,338.32,0.46,0.39,2026-08-20,0820,N,nominal,2.0NRT,297.97,4.64,D
25.09726,68.29532,339.12,0.47,0.48,2026-08-20,0820,N,nominal,2.0NRT,299.91,3.84,D
26.73692,67.85316,337.45,0.46,0.47,2026-08-20,0820,N,nominal,2.0NRT,301.4,3.88,D
27.93253,68.64394,331.31,0.4,0.44,2026-08-20,0820,N,nominal,2.0NRT,299.95,1.41,D
28.23564,67.83821,345.74,0.43,0.46,2026-08-20,0820,N,nominal,2.0NRT,303.88,3.32,D
28.23476,67.83382,335.28,0.43,0.46,2026-08-20,0820,N,nominal,2.0NRT,303.67,3.32,D
28.23507,67.83939,342.89,0.43,0.46,2026-08-20,0820,N,nominal,2.0NRT,303.94,3.64,D
28.23417,67.83503,342.05,0.43,0.46,2026-08-20,0820,N,nominal,2.0NRT,303.8,3.64,D
30.40259,73.87827,340.93,0.38,0.36,2026-08-20,0820,N,nominal,2.0NRT,299.56,3.35,D
30.43244,73.96255,334.16,0.38,0.36,2026-08-20,0820,N,nominal,2.0NRT,301.78,4.15,D
31.14108,73.58968,330.28,0.38,0.36,2026-08-20,0820,N,low,2.0NRT,302.73,5.6,D
32.95532,59.37935,345.23,0.51,0.66,2026-08-20,0822,N,nominal,2.0NRT,312.27,7.39,D
36.46422,60.8477,367,0.35,0.57,2026-08-20,0822,N,high,2.0NRT,307.39,3.8,D
37.06675,60.68258,367,0.34,0.56,2026-08-20,0822,N,high,2.0NRT,311.23,4.67,D
37.0658,60.67882,351.73,0.34,0.56,2026-08-20,0822,N,nominal,2.0NRT,309.72,4.67,D
37.06306,60.68395,355.33,0.34,0.56,2026-08-20,0822,N,nominal,2.0NRT,311.95,5.14,D
37.06807,60.68198,345.38,0.34,0.56,2026-08-20,0822,N,nominal,2.0NRT,309.83,4.08,D
37.0671,60.67823,350.92,0.34,0.56,2026-08-20,0822,N,nominal,2.0NRT,310.18,4.08,D
37.28202,61.22532,348.31,0.63,0.54,2026-08-20,0822,N,nominal,2.0NRT,312.83,10.08,D
37.23996,60.35574,367,0.35,0.57,2026-08-20,0822,N,high,2.0NRT,313.44,6.29,D
37.24097,60.3596,343.15,0.35,0.57,2026-08-20,0822,N,nominal,2.0NRT,313.34,6.29,D
36.55969,57.5671,367,0.51,0.66,2026-08-20,0822,N,high,2.0NRT,318.05,13.9,D
36.55918,57.56707,367,0.51,0.66,2026-08-20,0822,N,high,2.0NRT,317.99,16.95,D
37.34302,59.74459,342.92,0.38,0.59,2026-08-20,0822,N,nominal,2.0NRT,309.98,4.44,D
37.72678,59.26363,334.97,0.39,0.59,2026-08-20,0824,N,nominal,2.0NRT,304.2,2.14,D
39.53246,67.08643,336.25,0.45,0.39,2026-08-20,0824,N,nominal,2.0NRT,310.07,2.84,D
39.78087,66.90178,336.95,0.46,0.39,2026-08-20,0824,N,nominal,2.0NRT,310.5,11.12,D
39.77931,66.90636,334.7,0.46,0.39,2026-08-20,0824,N,low,2.0NRT,307.29,9.01,D
38.12688,58.2718,348.41,0.43,0.62,2026-08-20,0824,N,nominal,2.0NRT,300.55,4.48,D
38.55122,57.67096,341.69,0.45,0.63,2026-08-20,0824,N,nominal,2.0NRT,301.9,7.25,D
39.86169,98.25206,312.16,0.47,0.48,2026-08-20,1900,N,nominal,2.0NRT,291.51,1.4,N
39.84215,98.27184,302.73,0.47,0.48,2026-08-20,1900,N,nominal,2.0NRT,288.29,0.6,N
39.82449,98.27956,308.05,0.47,0.48,2026-08-20,1900,N,nominal,2.0NRT,292.76,1.98,N
39.8235,98.24029,300.87,0.47,0.48,2026-08-20,1900,N,nominal,2.0NRT,290.15,1.07,N
39.81421,98.29484,314.65,0.47,0.48,2026-08-20,1900,N,nominal,2.0NRT,293.76,3.24,N
39.81028,98.28873,310.2,0.47,0.48,2026-08-20,1900,N,nominal,2.0NRT,290.03,1.69,N
39.8098,98.2942,308.78,0.47,0.48,2026-08-20,1900,N,nominal,2.0NRT,291.32,1.69,N
39.80932,98.29968,303.93,0.47,0.48,2026-08-20,1900,N,nominal,2.0NRT,292.55,1.73,N
36.8915,101.75018,297.86,0.45,0.39,2026-08-20,1902,N,nominal,2.0NRT,286.58,0.88,N
36.71654,101.19376,297.57,0.48,0.4,2026-08-20,1902,N,nominal,2.0NRT,282.65,0.67,N
36.59111,101.4879,307.24,0.46,0.39,2026-08-20,1902,N,nominal,2.0NRT,286.24,1.25,N
36.56793,101.52582,307.82,0.46,0.39,2026-08-20,1902,N,nominal,2.0NRT,286.46,1.79,N
29.74607,98.72134,301.03,0.52,0.41,2026-08-20,1904,N,nominal,2.0NRT,282.02,0.89,N
25.51677,100.72585,299.39,0.4,0.37,2026-08-20,1904,N,nominal,2.0NRT,287.22,0.78,N
24.91644,99.09422,301.61,0.44,0.39,2026-08-20,1904,N,nominal,2.0NRT,287.98,0.87,N
23.90884,100.00778,302.84,0.41,0.37,2026-08-20,1904,N,nominal,2.0NRT,287.5,0.81,N
23.69758,87.09327,298.4,0.73,0.76,2026-08-20,1906,N,nominal,2.0NRT,275.21,1.38,N
23.69671,87.10807,296.93,0.73,0.76,2026-08-20,1906,N,nominal,2.0NRT,273.98,0.63,N
23.69627,87.11548,295.82,0.73,0.76,2026-08-20,1906,N,nominal,2.0NRT,272.87,0.63,N
23.69583,87.12293,298.65,0.73,0.76,2026-08-20,1906,N,nominal,2.0NRT,274.04,1.59,N
23.69451,87.0962,296.66,0.73,0.76,2026-08-20,1906,N,nominal,2.0NRT,273.52,2.15,N
23.69403,87.10361,297.31,0.73,0.76,2026-08-20,1906,N,nominal,2.0NRT,273.74,0.98,N
23.69355,87.111,298.67,0.73,0.76,2026-08-20,1906,N,nominal,2.0NRT,273.4,0.98,N
23.69308,87.11836,299.47,0.73,0.76,2026-08-20,1906,N,nominal,2.0NRT,272.76,0.75,N
23.69259,87.12586,295.1,0.73,0.76,2026-08-20,1906,N,nominal,2.0NRT,272.1,0.75,N
22.36236,87.01414,296.48,0.72,0.76,2026-08-20,1906,N,nominal,2.0NRT,274.4,2.1,N
22.36499,87.0154,298.17,0.72,0.76,2026-08-20,1906,N,nominal,2.0NRT,274.56,2.08,N
39.83189,63.20832,335.09,0.76,0.77,2026-08-20,2042,N,nominal,2.0NRT,290.88,3.43,N
39.82463,63.20818,308.02,0.76,0.77,2026-08-20,2042,N,nominal,2.0NRT,290.05,3.43,N
39.83138,63.20963,330.68,0.76,0.77,2026-08-20,2042,N,nominal,2.0NRT,290.79,4.09,N
38.12269,65.56985,302,0.56,0.69,2026-08-20,2042,N,nominal,2.0NRT,291.23,0.76,N
38.12286,65.56512,304.27,0.56,0.69,2026-08-20,2042,N,nominal,2.0NRT,291.25,0.9,N
38.05035,67.26181,367,0.46,0.63,2026-08-20,2042,N,high,2.0NRT,301.43,21.11,N
32.57585,72.56123,310.55,0.41,0.45,2026-08-20,2044,N,nominal,2.0NRT,293.24,2.78,N
32.57539,72.56554,305.87,0.41,0.45,2026-08-20,2044,N,nominal,2.0NRT,292.99,2.4,N
31.25985,76.92484,302.16,0.4,0.37,2026-08-20,2044,N,nominal,2.0NRT,289.51,0.5,N
31.2492,76.92705,304.76,0.4,0.37,2026-08-20,2044,N,nominal,2.0NRT,288.69,0.66,N
29.91072,74.94928,307.57,0.44,0.38,2026-08-20,2044,N,nominal,2.0NRT,292.31,2.62,N
29.45876,76.86543,316.16,0.39,0.36,2026-08-20,2044,N,nominal,2.0NRT,292.37,3.34,N
28.77214,76.70122,310.21,0.39,0.36,2026-08-20,2044,N,nominal,2.0NRT,289.31,2.28,N
28.27534,77.18294,302.62,0.38,0.36,2026-08-20,2044,N,nominal,2.0NRT,283.37,0.74,N
16.20556,75.20766,303.43,0.39,0.36,2026-08-20,2046,N,nominal,2.0NRT,291.13,0.67,N
27.79252,75.33192,306.87,0.41,0.37,2026-08-20,2046,N,nominal,2.0NRT,292.48,0.81,N
15.3343,76.28691,312.86,0.41,0.37,2026-08-20,2046,N,nominal,2.0NRT,290.5,1.13,N
25.03646,87.38701,304.58,0.4,0.6,2026-08-20,2046,N,nominal,2.0NRT,281.72,0.72,N
15.02354,78.01447,308.12,0.49,0.4,2026-08-20,2046,N,nominal,2.0NRT,291.12,1.4,N
25.03673,87.38658,303.78,0.4,0.6,2026-08-20,2046,N,nominal,2.0NRT,281.24,0.67,N
23.69376,87.12176,305.75,0.41,0.6,2026-08-20,2046,N,nominal,2.0NRT,277.41,1.51,N
15.22626,76.76389,304.55,0.43,0.38,2026-08-20,2046,N,nominal,2.0NRT,292,0.82,N
23.69202,87.10435,298.55,0.41,0.6,2026-08-20,2046,N,nominal,2.0NRT,275.24,1.24,N
15.18207,76.66643,323.44,0.43,0.38,2026-08-20,2046,N,nominal,2.0NRT,291.62,3.01,N
23.68785,87.10063,301.76,0.41,0.6,2026-08-20,2046,N,nominal,2.0NRT,276.75,1.13,N
15.17391,76.69331,323.79,0.43,0.38,2026-08-20,2046,N,nominal,2.0NRT,291.38,2.81,N
23.66421,87.1534,298.63,0.41,0.61,2026-08-20,2046,N,nominal,2.0NRT,264.14,0.31,N
15.17659,76.6776,305.91,0.43,0.38,2026-08-20,2046,N,nominal,2.0NRT,291.87,1.7,N
23.66331,87.15736,296.41,0.41,0.61,2026-08-20,2046,N,nominal,2.0NRT,264.16,0.27,N
15.17717,76.65337,323.16,0.43,0.38,2026-08-20,2046,N,nominal,2.0NRT,292.18,2.8,N
23.66743,86.9369,307.82,0.4,0.6,2026-08-20,2046,N,nominal,2.0NRT,282.4,0.73,N
15.17649,76.6573,333.4,0.43,0.38,2026-08-20,2046,N,nominal,2.0NRT,292.62,4.52,N
23.78109,86.38872,306.48,0.37,0.58,2026-08-20,2046,N,nominal,2.0NRT,286.55,2.9,N
15.17371,76.65274,304.58,0.43,0.38,2026-08-20,2046,N,nominal,2.0NRT,289.83,1.05,N
23.76735,86.40035,306.55,0.37,0.58,2026-08-20,2046,N,nominal,2.0NRT,285.85,1.24,N
15.17304,76.65667,307.97,0.43,0.38,2026-08-20,2046,N,nominal,2.0NRT,291.12,1.74,N
23.76655,86.40386,307.05,0.37,0.58,2026-08-20,2046,N,nominal,2.0NRT,285.05,1.24,N
15.16689,76.67173,305.06,0.43,0.38,2026-08-20,2046,N,nominal,2.0NRT,290.88,1.09,N
23.76131,86.40248,322.91,0.37,0.58,2026-08-20,2046,N,nominal,2.0NRT,285.65,1.24,N
15.16889,76.67329,306.37,0.43,0.38,2026-08-20,2046,N,nominal,2.0NRT,290.86,0.89,N
23.75525,86.40467,306.53,0.37,0.58,2026-08-20,2046,N,nominal,2.0NRT,286.53,0.91,N
15.14843,76.71026,304.65,0.43,0.38,2026-08-20,2046,N,nominal,2.0NRT,290.87,0.81,N
23.56212,87.24074,303.44,0.42,0.61,2026-08-20,2046,N,nominal,2.0NRT,273.47,0.94,N
15.13803,76.70839,304.91,0.43,0.38,2026-08-20,2046,N,nominal,2.0NRT,290.35,0.85,N
23.5566,87.23922,303.93,0.42,0.61,2026-08-20,2046,N,nominal,2.0NRT,274.86,0.94,N
23.7374,86.4341,324.26,0.37,0.58,2026-08-20,2046,N,nominal,2.0NRT,286.38,3.28,N
14.60754,79.6615,308.19,0.41,0.45,2026-08-20,2046,N,nominal,2.0NRT,290.14,2.56,N
39.86267,98.25582,302.84,0.65,0.73,2026-08-20,2040,N,nominal,2.0NRT,286.2,1.63,N
23.72326,86.4229,305.68,0.37,0.58,2026-08-20,2046,N,nominal,2.0NRT,286.03,1.26,N
39.8432,98.27026,319.7,0.65,0.73,2026-08-20,2040,N,nominal,2.0NRT,285.37,4.86,N
15.16817,76.38058,304.25,0.42,0.37,2026-08-20,2046,N,nominal,2.0NRT,290.12,1.14,N
23.71226,86.44649,316.2,0.37,0.58,2026-08-20,2046,N,nominal,2.0NRT,282.43,1.84,N
39.84079,98.27766,297.98,0.65,0.73,2026-08-20,2040,N,nominal,2.0NRT,284.77,3.34,N
39.80632,98.2926,299.21,0.65,0.73,2026-08-20,2040,N,nominal,2.0NRT,287.23,1.79,N
12.66991,76.85605,302.15,0.46,0.39,2026-08-20,2049,N,nominal,2.0NRT,285.08,0.73,N
23.71143,86.45005,318.51,0.37,0.58,2026-08-20,2046,N,nominal,2.0NRT,282.44,1.84,N
39.82285,98.27872,304.47,0.65,0.73,2026-08-20,2040,N,nominal,2.0NRT,287.8,3.08,N
23.56388,87.08366,310.88,0.41,0.6,2026-08-20,2046,N,nominal,2.0NRT,284.26,1.58,N
12.98436,74.85372,300.05,0.39,0.36,2026-08-20,2049,N,nominal,2.0NRT,286.35,0.45,N
23.71398,86.45003,316.78,0.37,0.58,2026-08-20,2046,N,nominal,2.0NRT,282.64,1.32,N
39.8095,98.29733,302,0.65,0.73,2026-08-20,2040,N,nominal,2.0NRT,288,3.9,N
23.71431,86.42361,304.75,0.37,0.58,2026-08-20,2046,N,nominal,2.0NRT,285,1.54,N
12.68449,76.45203,306.01,0.44,0.38,2026-08-20,2049,N,nominal,2.0NRT,287.99,0.81,N
23.70951,86.44509,307.26,0.37,0.58,2026-08-20,2046,N,nominal,2.0NRT,282.19,1.32,N
8.73957,77.60084,314.99,0.57,0.43,2026-08-20,2049,N,nominal,2.0NRT,270,2.37,N
23.70871,86.44867,309.25,0.37,0.58,2026-08-20,2046,N,nominal,2.0NRT,282.46,1.32,N
23.5599,87.08255,308.76,0.41,0.6,2026-08-20,2046,N,nominal,2.0NRT,284.24,1.07,N
7.39811,81.10191,313.18,0.34,0.56,2026-08-20,2049,N,nominal,2.0NRT,289.24,1.65,N
23.51662,87.27167,303.04,0.42,0.61,2026-08-20,2046,N,nominal,2.0NRT,280.4,0.73,N
23.61549,86.78763,303.7,0.39,0.59,2026-08-20,2046,N,nominal,2.0NRT,283.3,0.68,N
7.32876,81.21317,303.7,0.34,0.56,2026-08-20,2049,N,nominal,2.0NRT,287.21,0.45,N
23.61454,86.79183,304.84,0.39,0.59,2026-08-20,2046,N,nominal,2.0NRT,283.34,0.68,N
23.68841,86.39032,305.25,0.37,0.58,2026-08-20,2046,N,nominal,2.0NRT,285.93,1.63,N
7.25554,81.11653,309.52,0.34,0.56,2026-08-20,2049,N,nominal,2.0NRT,288.53,1,N
23.68763,86.39378,308.4,0.37,0.58,2026-08-20,2046,N,nominal,2.0NRT,285.7,1.11,N
23.68236,86.39249,312.1,0.37,0.58,2026-08-20,2046,N,nominal,2.0NRT,285.51,1.46,N
6.86581,81.57717,347.18,0.37,0.58,2026-08-20,2049,N,nominal,2.0NRT,281.25,3.85,N
23.68157,86.39599,308.75,0.37,0.58,2026-08-20,2046,N,nominal,2.0NRT,284.97,1.46,N
23.68076,86.39959,303.5,0.37,0.58,2026-08-20,2046,N,nominal,2.0NRT,284.68,0.95,N
6.86048,81.57622,308.61,0.37,0.58,2026-08-20,2049,N,nominal,2.0NRT,281.38,0.91,N
23.6763,86.39473,308.25,0.37,0.58,2026-08-20,2046,N,nominal,2.0NRT,284.09,1.46,N
23.67549,86.39829,307.45,0.37,0.58,2026-08-20,2046,N,nominal,2.0NRT,284.27,0.95,N
6.64764,80.81381,301.23,0.33,0.55,2026-08-20,2049,N,nominal,2.0NRT,283.76,0.43,N
23.67467,86.40192,306.13,0.37,0.58,2026-08-20,2046,N,nominal,2.0NRT,284.73,0.95,N
23.82381,85.49748,301.5,0.32,0.55,2026-08-20,2046,N,nominal,2.0NRT,283.37,1.25,N
6.64705,80.81706,302.64,0.33,0.55,2026-08-20,2049,N,nominal,2.0NRT,283.88,0.41,N
23.68078,86.08385,307.33,0.35,0.57,2026-08-20,2046,N,nominal,2.0NRT,286.05,1.77,N
6.64253,80.81303,302.78,0.33,0.55,2026-08-20,2049,N,nominal,2.0NRT,283.56,1.13,N
23.82423,85.49743,302.7,0.32,0.55,2026-08-20,2046,N,nominal,2.0NRT,283.19,1.08,N
23.68017,86.08412,305.76,0.35,0.57,2026-08-20,2046,N,nominal,2.0NRT,286.04,1.56,N
6.64198,80.81609,317.08,0.33,0.55,2026-08-20,2049,N,nominal,2.0NRT,283.12,1.04,N
23.67731,86.07244,302.65,0.35,0.57,2026-08-20,2046,N,nominal,2.0NRT,285.32,1.04,N
23.67428,86.08614,306.76,0.35,0.57,2026-08-20,2046,N,nominal,2.0NRT,286.31,1.08,N
6.64509,80.81454,327.34,0.33,0.55,2026-08-20,2049,N,nominal,2.0NRT,283.66,1.37,N
23.7864,85.55096,308.04,0.32,0.55,2026-08-20,2046,N,nominal,2.0NRT,285.87,1.48,N
23.78225,85.57,302.54,0.33,0.55,2026-08-20,2046,N,nominal,2.0NRT,285.61,1.34,N
6.64453,80.81778,302.41,0.33,0.55,2026-08-20,2049,N,nominal,2.0NRT,283.32,1.37,N
23.66762,86.09156,306.33,0.35,0.57,2026-08-20,2046,N,nominal,2.0NRT,286.03,0.94,N
23.66165,85.55202,303.54,0.33,0.55,2026-08-20,2046,N,nominal,2.0NRT,284.34,0.37,N
6.56044,81.14934,302.17,0.35,0.57,2026-08-20,2049,N,nominal,2.0NRT,282.41,0.52,N
23.69603,85.37061,309.89,0.64,0.54,2026-08-20,2046,N,nominal,2.0NRT,280.7,1.96,N
23.65573,85.50697,308.42,0.32,0.55,2026-08-20,2046,N,nominal,2.0NRT,284.46,1.16,N
23.65035,85.43598,305.16,0.32,0.55,2026-08-20,2046,N,nominal,2.0NRT,284.58,0.69,N
23.64966,85.43914,314.37,0.32,0.55,2026-08-20,2046,N,nominal,2.0NRT,284.87,0.69,N
23.61622,85.42603,302.01,0.32,0.55,2026-08-20,2046,N,nominal,2.0NRT,285.62,0.49,N
22.7945,86.20801,299.78,0.37,0.58,2026-08-20,2046,N,nominal,2.0NRT,277.36,0.89,N
22.81689,86.08504,301.13,0.37,0.58,2026-08-20,2046,N,nominal,2.0NRT,281.23,0.24,N
22.79169,86.19576,299.44,0.37,0.58,2026-08-20,2046,N,nominal,2.0NRT,271.1,0.37,N
22.79088,86.19932,298.49,0.37,0.58,2026-08-20,2046,N,nominal,2.0NRT,275.6,0.37,N
22.78925,86.20647,305.09,0.37,0.58,2026-08-20,2046,N,nominal,2.0NRT,279.7,0.89,N
22.78398,86.20503,301.39,0.37,0.58,2026-08-20,2046,N,nominal,2.0NRT,279.38,0.97,N
24.71524,75.95329,304.87,0.39,0.36,2026-08-20,2046,N,nominal,2.0NRT,288.14,0.89,N
22.7973,86.20584,304.34,0.37,0.58,2026-08-20,2046,N,nominal,2.0NRT,275.14,1.63,N
22.81808,86.08607,302.52,0.37,0.58,2026-08-20,2046,N,nominal,2.0NRT,281.19,0.22,N
22.79364,86.19712,297.16,0.37,0.58,2026-08-20,2046,N,nominal,2.0NRT,272.18,0.58,N
22.78835,86.19575,298.96,0.37,0.58,2026-08-20,2046,N,nominal,2.0NRT,273.72,0.55,N
22.78678,86.20286,301.24,0.37,0.58,2026-08-20,2046,N,nominal,2.0NRT,278.89,0.78,N
22.78599,86.20644,305.61,0.37,0.58,2026-08-20,2046,N,nominal,2.0NRT,279.74,0.78,N
22.80075,86.08921,313.38,0.37,0.58,2026-08-20,2046,N,nominal,2.0NRT,284.61,1.75,N
25.39003,68.58031,311.58,0.57,0.52,2026-08-20,2046,N,nominal,2.0NRT,294.68,2.26,N
22.05638,88.12125,302.14,0.51,0.66,2026-08-20,2046,N,nominal,2.0NRT,280.14,0.82,N
22.0552,88.12618,308.08,0.51,0.66,2026-08-20,2046,N,nominal,2.0NRT,279.31,0.82,N
22.08609,83.11594,316.03,0.5,0.49,2026-08-20,2046,N,nominal,2.0NRT,286.41,2.44,N
20.96791,86.00322,300.73,0.4,0.6,2026-08-20,2046,N,nominal,2.0NRT,280.79,2.6,N
20.96618,86.01083,309.48,0.4,0.6,2026-08-20,2046,N,nominal,2.0NRT,281.45,1.93,N
20.96533,86.01462,308,0.4,0.6,2026-08-20,2046,N,nominal,2.0NRT,282.04,1.93,N
20.96671,86.01003,302.63,0.4,0.6,2026-08-20,2046,N,nominal,2.0NRT,280.92,1.91,N
20.96588,86.01382,318.18,0.4,0.6,2026-08-20,2046,N,nominal,2.0NRT,282.08,1.91,N
18.71585,79.53936,301.57,0.52,0.42,2026-08-20,2049,N,nominal,2.0NRT,288.1,2.11,N
18.57617,72.24023,306.94,0.44,0.39,2026-08-20,2049,N,nominal,2.0NRT,293.57,3.65,N
36.49587,59.33581,305.84,0.5,0.41,2026-08-20,2225,N,nominal,2.0NRT,291.59,0.49,N
36.29546,54.78864,311.2,0.38,0.36,2026-08-20,2225,N,nominal,2.0NRT,293.43,1.16,N
35.36737,59.30474,307.75,0.52,0.41,2026-08-20,2225,N,nominal,2.0NRT,294,1.18,N
33.75237,59.146,315.03,0.54,0.42,2026-08-20,2225,N,nominal,2.0NRT,292.62,2.15,N
33.75188,59.1438,307.76,0.54,0.42,2026-08-20,2225,N,nominal,2.0NRT,291.23,2.04,N
30.87255,67.40363,306.68,0.6,0.7,2026-08-20,2225,N,nominal,2.0NRT,287.67,1.34,N
30.87294,67.40009,305.95,0.6,0.7,2026-08-20,2225,N,nominal,2.0NRT,287.53,1.52,N
33.04221,56.84993,334.78,0.44,0.39,2026-08-20,2227,N,nominal,2.0NRT,301.48,3.56,N
32.3334,54.08537,312.39,0.39,0.36,2026-08-20,2227,N,nominal,2.0NRT,293.65,1.61,N
31.95257,54.067,309.73,0.39,0.36,2026-08-20,2227,N,nominal,2.0NRT,299.11,1.83,N
31.70405,55.44739,311.91,0.41,0.37,2026-08-20,2227,N,nominal,2.0NRT,300.98,2.68,N
31.93943,54.04289,316.55,0.39,0.36,2026-08-20,2227,N,nominal,2.0NRT,298.31,2.99,N
31.43171,56.49103,302.11,0.45,0.39,2026-08-20,2227,N,nominal,2.0NRT,292.03,0.35,N
31.62128,54.72555,312.45,0.4,0.37,2026-08-20,2227,N,nominal,2.0NRT,295.93,1.43,N
31.57179,54.37238,306.26,0.39,0.36,2026-08-20,2227,N,nominal,2.0NRT,293.6,0.55,N
30.75494,56.65814,309.54,0.47,0.39,2026-08-20,2227,N,nominal,2.0NRT,295.62,2.13,N
30.49798,56.81808,311.8,0.48,0.4,2026-08-20,2227,N,nominal,2.0NRT,295.09,1.69,N
29.47642,60.80555,304.03,0.54,0.51,2026-08-20,2227,N,nominal,2.0NRT,293.37,0.99,N
30.23545,56.91093,307.47,0.49,0.4,2026-08-20,2227,N,nominal,2.0NRT,292.94,0.88,N
30.23181,56.90999,311.11,0.49,0.4,2026-08-20,2227,N,nominal,2.0NRT,292.57,0.88,N
30.37005,56.12806,315.35,0.45,0.39,2026-08-20,2227,N,nominal,2.0NRT,292.29,1.41,N
30.37831,55.86345,307.83,0.44,0.38,2026-08-20,2227,N,nominal,2.0NRT,293.38,1.26,N
30.32174,55.9724,311.34,0.44,0.39,2026-08-20,2227,N,nominal,2.0NRT,292.49,1.21,N
30.32192,55.9752,315.31,0.44,0.39,2026-08-20,2227,N,nominal,2.0NRT,293.38,1.44,N
30.21469,55.98109,309.34,0.45,0.39,2026-08-20,2227,N,nominal,2.0NRT,291.66,1.06,N
30.21385,55.98565,304.8,0.45,0.39,2026-08-20,2227,N,nominal,2.0NRT,292.25,1.06,N
29.92634,56.73137,324.07,0.48,0.4,2026-08-20,2227,N,nominal,2.0NRT,292.53,2.87,N
30.07937,55.40019,310.33,0.43,0.38,2026-08-20,2227,N,nominal,2.0NRT,292.22,2.58,N
29.99048,55.85419,341.62,0.44,0.39,2026-08-20,2227,N,nominal,2.0NRT,294.2,12.66,N
29.99926,55.19799,304.88,0.42,0.38,2026-08-20,2227,N,nominal,2.0NRT,293.42,0.77,N
29.99583,55.19718,306.25,0.42,0.38,2026-08-20,2227,N,nominal,2.0NRT,294.35,1.15,N
29.51278,55.79881,305.55,0.45,0.39,2026-08-20,2227,N,nominal,2.0NRT,293.91,1.06,N
29.1514,55.367,311.64,0.44,0.38,2026-08-20,2227,N,nominal,2.0NRT,296.2,1.51,N
25.97394,56.0706,322.03,0.51,0.41,2026-08-20,2227,N,nominal,2.0NRT,300.95,1.88,N
25.30903,56.37238,314.56,0.54,0.42,2026-08-20,2227,N,nominal,2.0NRT,298.98,1.87,N
25.06141,55.11734,315.9,0.48,0.4,2026-08-20,2229,N,nominal,2.0NRT,301.64,2.02,N
24.50441,56.60743,352.33,0.39,0.44,2026-08-20,2229,N,nominal,2.0NRT,300.06,9.99,N
24.5073,56.59239,312.33,0.38,0.44,2026-08-20,2229,N,nominal,2.0NRT,299.66,1.01,N
24.45315,56.55202,314.48,0.38,0.43,2026-08-20,2229,N,nominal,2.0NRT,298.99,1.25,N
24.50897,54.01735,334.27,0.44,0.38,2026-08-20,2229,N,nominal,2.0NRT,303.78,5.5,N
24.32301,54.46717,315.59,0.46,0.39,2026-08-20,2229,N,nominal,2.0NRT,303.31,2.74,N
23.19141,55.45702,314.68,0.53,0.42,2026-08-20,2229,N,nominal,2.0NRT,301.3,2.56,N
23.04571,56.05758,310.35,0.57,0.43,2026-08-20,2229,N,nominal,2.0NRT,298.9,1.35,N
23.15342,55.44865,318.45,0.53,0.42,2026-08-20,2229,N,nominal,2.0NRT,301.2,1.15,N
23.31106,54.1796,316.3,0.46,0.39,2026-08-20,2229,N,nominal,2.0NRT,301.53,1.75,N
23.27814,54.26009,339.84,0.46,0.39,2026-08-20,2229,N,nominal,2.0NRT,306.01,6.55,N
23.27894,54.25564,316.88,0.46,0.39,2026-08-20,2229,N,nominal,2.0NRT,301.61,6.55,N
23.27457,54.25933,349.44,0.46,0.39,2026-08-20,2229,N,nominal,2.0NRT,310.63,10.09,N
23.27377,54.26379,312.82,0.46,0.39,2026-08-20,2229,N,nominal,2.0NRT,302.78,2.9,N
23.27099,54.25859,310.86,0.46,0.39,2026-08-20,2229,N,nominal,2.0NRT,300.53,10.09,N
22.87726,55.92627,318.46,0.56,0.43,2026-08-20,2229,N,nominal,2.0NRT,300.98,1.99,N
22.87195,55.61417,317.4,0.54,0.42,2026-08-20,2229,N,nominal,2.0NRT,300.98,1.61,N
22.67311,56.24883,314.23,0.39,0.44,2026-08-20,2229,N,nominal,2.0NRT,299.69,0.8,N
22.33352,56.46689,332.42,0.41,0.45,2026-08-20,2229,N,nominal,2.0NRT,298.62,5.89,N
22.3289,56.49076,337.53,0.41,0.45,2026-08-20,2229,N,nominal,2.0NRT,298.52,4.92,N
22.32867,56.46988,336.47,0.41,0.45,2026-08-20,2229,N,nominal,2.0NRT,299.46,5.89,N
22.3279,56.47386,338.5,0.41,0.45,2026-08-20,2229,N,nominal,2.0NRT,299.98,9.83,N
22.32482,56.48978,334.54,0.41,0.45,2026-08-20,2229,N,nominal,2.0NRT,298.06,4.92,N
22.32462,56.46878,336.25,0.41,0.45,2026-08-20,2229,N,nominal,2.0NRT,298.35,10.85,N
22.32384,56.47278,338.25,0.41,0.45,2026-08-20,2229,N,nominal,2.0NRT,298.2,10.25,N
22.29175,56.52775,311.12,0.42,0.45,2026-08-20,2229,N,nominal,2.0NRT,296.38,3.9,N
21.93926,57.07257,318.34,0.45,0.47,2026-08-20,2229,N,nominal,2.0NRT,295.35,3.98,N
21.93499,57.07159,327.48,0.45,0.47,2026-08-20,2229,N,nominal,2.0NRT,295.35,5.55,N
21.83426,56.68052,319.65,0.43,0.46,2026-08-20,2229,N,nominal,2.0NRT,297.44,5.26,N
21.3319,57.72133,308.08,0.51,0.49,2026-08-20,2229,N,nominal,2.0NRT,293.89,0.84,N
21.31741,57.72311,312.27,0.51,0.49,2026-08-20,2229,N,nominal,2.0NRT,293.51,1.06,N
21.31347,57.74262,312.63,0.51,0.5,2026-08-20,2229,N,nominal,2.0NRT,293.61,1.52,N
21.31248,57.74754,317.38,0.51,0.5,2026-08-20,2229,N,nominal,2.0NRT,293.7,1.52,N
21.30252,57.79684,307.78,0.52,0.5,2026-08-20,2229,N,nominal,2.0NRT,294,0.79,N
21.64798,55.997,341.19,0.4,0.44,2026-08-20,2229,N,nominal,2.0NRT,304.92,7.75,N
21.64396,55.99611,323.65,0.4,0.44,2026-08-20,2229,N,nominal,2.0NRT,302.06,1.65,N
21.40722,55.74244,313.2,0.39,0.44,2026-08-20,2229,N,nominal,2.0NRT,301.35,1.33,N
21.0003,56.5309,313,0.44,0.46,2026-08-20,2229,N,nominal,2.0NRT,288.21,0.86,N
20.5595,56.4216,309.23,0.44,0.46,2026-08-20,2229,N,nominal,2.0NRT,296.3,0.25,N
20.37432,55.93294,330.18,0.41,0.45,2026-08-20,2229,N,nominal,2.0NRT,299.16,2.37,N
20.38766,55.66283,334.72,0.4,0.44,2026-08-20,2229,N,nominal,2.0NRT,298.85,3.3,N
20.38651,55.64691,319.79,0.4,0.44,2026-08-20,2229,N,nominal,2.0NRT,298.84,1.73,N
20.21142,55.71036,325.95,0.4,0.45,2026-08-20,2229,N,nominal,2.0NRT,297.74,2.06,N
20.02416,56.14954,307.05,0.43,0.46,2026-08-20,2229,N,nominal,2.0NRT,296.5,0.64,N
18.32368,55.10772,326.01,0.4,0.44,2026-08-20,2229,N,nominal,2.0NRT,298.61,1.25,N
18.32438,55.10396,308.65,0.4,0.44,2026-08-20,2229,N,nominal,2.0NRT,298.32,1.25,N
18.31964,55.10688,326.94,0.4,0.44,2026-08-20,2229,N,nominal,2.0NRT,298.16,3,N
39.8272,63.20832,333.72,0.43,0.46,2026-08-20,2222,N,nominal,2.0NRT,293.59,3.92,N
39.18399,65.31542,303.17,0.57,0.52,2026-08-20,2222,N,nominal,2.0NRT,292.39,1.54,N
39.2772,63.08499,302.67,0.44,0.46,2026-08-20,2222,N,nominal,2.0NRT,291.9,0.38,N
39.24887,63.20981,308.23,0.45,0.47,2026-08-20,2222,N,nominal,2.0NRT,292.42,0.83,N
39.18598,63.3458,305.19,0.45,0.47,2026-08-20,2222,N,nominal,2.0NRT,291.41,0.6,N
38.5512,65.94741,308.23,0.32,0.54,2026-08-20,2222,N,nominal,2.0NRT,294.11,1.8,N
39.19788,63.19593,304.7,0.45,0.47,2026-08-20,2222,N,nominal,2.0NRT,291.89,0.85,N
39.17087,63.27356,309.09,0.45,0.47,2026-08-20,2222,N,nominal,2.0NRT,292.12,0.98,N
39.16605,63.25519,307.85,0.45,0.47,2026-08-20,2222,N,nominal,2.0NRT,291.92,2.18,N
39.16488,63.26026,307.24,0.45,0.47,2026-08-20,2222,N,nominal,2.0NRT,292.46,0.79,N
39.12792,63.41876,310.32,0.46,0.47,2026-08-20,2222,N,nominal,2.0NRT,291.63,1.34,N
39.16935,63.27185,312.48,0.45,0.47,2026-08-20,2222,N,nominal,2.0NRT,292.06,0.91,N
39.16862,63.25502,319.26,0.45,0.47,2026-08-20,2222,N,nominal,2.0NRT,293.5,2.23,N
39.12724,63.41748,306.42,0.46,0.47,2026-08-20,2222,N,nominal,2.0NRT,290.88,0.97,N
39.12551,63.30503,301.36,0.45,0.47,2026-08-20,2222,N,nominal,2.0NRT,291.03,0.62,N
39.1143,63.33415,310.44,0.45,0.47,2026-08-20,2222,N,nominal,2.0NRT,292.8,1.28,N
38.05082,67.26454,318.58,0.38,0.59,2026-08-20,2222,N,nominal,2.0NRT,298.38,4.17,N
38.66645,64.77966,304.36,0.55,0.51,2026-08-20,2222,N,nominal,2.0NRT,292.23,0.43,N
38.13067,64.67391,305.44,0.56,0.51,2026-08-20,2222,N,nominal,2.0NRT,292.47,0.71,N
37.98947,61.8787,304.96,0.41,0.45,2026-08-20,2225,N,nominal,2.0NRT,293.94,1.36,N
37.98348,61.88637,306.81,0.41,0.45,2026-08-20,2225,N,nominal,2.0NRT,294.3,0.93,N
37.7958,62.54947,311.05,0.44,0.46,2026-08-20,2225,N,nominal,2.0NRT,292.77,1.83,N
37.78974,62.53661,306.01,0.44,0.46,2026-08-20,2225,N,nominal,2.0NRT,292.71,0.84,N
37.78558,62.53512,306.93,0.44,0.46,2026-08-20,2225,N,nominal,2.0NRT,292.7,1.08,N
37.7762,62.02935,306.3,0.42,0.45,2026-08-20,2225,N,nominal,2.0NRT,292.47,0.9,N
37.77503,62.02697,306.54,0.42,0.45,2026-08-20,2225,N,nominal,2.0NRT,292.97,0.82,N
37.72509,62.09495,318.79,0.42,0.45,2026-08-20,2225,N,nominal,2.0NRT,294.85,2.11,N
37.67097,62.23926,302.99,0.43,0.46,2026-08-20,2225,N,nominal,2.0NRT,292.27,1.07,N
37.66168,62.24112,304.16,0.43,0.46,2026-08-20,2225,N,nominal,2.0NRT,292.37,0.47,N
37.79635,61.49531,305.78,0.39,0.44,2026-08-20,2225,N,nominal,2.0NRT,294.95,0.76,N
37.63938,62.20234,304.71,0.43,0.46,2026-08-20,2225,N,nominal,2.0NRT,292.6,1.43,N
37.62795,62.2137,312.31,0.43,0.46,2026-08-20,2225,N,nominal,2.0NRT,295.17,1.7,N
37.62758,62.21697,305.81,0.43,0.46,2026-08-20,2225,N,nominal,2.0NRT,293.16,1.36,N
37.62472,62.16967,314.62,0.43,0.46,2026-08-20,2225,N,nominal,2.0NRT,295.67,1.86,N
37.62593,62.12411,306.77,0.43,0.46,2026-08-20,2225,N,nominal,2.0NRT,293.63,0.85,N
37.61871,62.13685,317.34,0.43,0.46,2026-08-20,2225,N,nominal,2.0NRT,296.05,2.36,N
37.65582,61.90835,307.31,0.42,0.45,2026-08-20,2225,N,nominal,2.0NRT,293.12,0.93,N
37.62835,61.72372,304.3,0.41,0.45,2026-08-20,2225,N,nominal,2.0NRT,293.29,0.28,N
37.61069,61.60647,309.78,0.4,0.44,2026-08-20,2225,N,nominal,2.0NRT,295.92,1.18,N
38.25497,58.39096,316.21,0.43,0.38,2026-08-20,2225,N,nominal,2.0NRT,299.67,2.55,N
37.61345,61.57394,308.98,0.4,0.44,2026-08-20,2225,N,nominal,2.0NRT,294.44,1.67,N
37.6067,61.60509,306.56,0.4,0.44,2026-08-20,2225,N,nominal,2.0NRT,294.15,1.18,N
37.59547,61.55821,313.94,0.4,0.44,2026-08-20,2225,N,nominal,2.0NRT,295.71,1.75,N
37.50144,61.98618,303.25,0.42,0.45,2026-08-20,2225,N,nominal,2.0NRT,292.45,1,N
37.59825,61.52581,305.59,0.4,0.44,2026-08-20,2225,N,nominal,2.0NRT,293.25,0.41,N
37.59332,61.52887,325.48,0.4,0.44,2026-08-20,2225,N,nominal,2.0NRT,295.84,2.43,N
37.59428,61.52444,304.83,0.4,0.44,2026-08-20,2225,N,nominal,2.0NRT,293.53,1.65,N
37.58257,61.55854,311.22,0.4,0.44,2026-08-20,2225,N,nominal,2.0NRT,295.95,1.64,N
37.47889,62.00857,304.18,0.42,0.45,2026-08-20,2225,N,nominal,2.0NRT,293.05,0.63,N
37.49779,61.84517,309.73,0.42,0.45,2026-08-20,2225,N,nominal,2.0NRT,296.53,1.21,N
37.49677,61.84977,308.13,0.42,0.45,2026-08-20,2225,N,nominal,2.0NRT,295.26,1.21,N
38.14864,58.39346,314.82,0.44,0.38,2026-08-20,2225,N,nominal,2.0NRT,298.42,1.24,N
38.22024,57.98689,308.85,0.42,0.38,2026-08-20,2225,N,nominal,2.0NRT,296.19,0.66,N
38.19574,58.10056,309.65,0.43,0.38,2026-08-20,2225,N,nominal,2.0NRT,297.31,0.98,N
38.26247,57.65643,308.36,0.41,0.37,2026-08-20,2225,N,nominal,2.0NRT,295.69,2.35,N
37.63355,60.33654,306.93,0.53,0.42,2026-08-20,2225,N,nominal,2.0NRT,293.99,0.92,N
37.9404,58.56318,299.75,0.44,0.39,2026-08-20,2225,N,nominal,2.0NRT,278.16,0.66,N
37.34882,61.36341,307.09,0.4,0.44,2026-08-20,2225,N,nominal,2.0NRT,293.66,0.87,N
37.11642,62.36401,335.93,0.45,0.47,2026-08-20,2225,N,nominal,2.0NRT,295.51,6.74,N
37.03133,62.41966,322,0.45,0.47,2026-08-20,2225,N,nominal,2.0NRT,296.3,3.81,N
37.32789,61.08748,309.71,0.39,0.44,2026-08-20,2225,N,nominal,2.0NRT,294.32,0.92,N
37.32605,61.09599,308.18,0.39,0.44,2026-08-20,2225,N,nominal,2.0NRT,293.44,0.86,N
37.03247,62.41467,318.19,0.45,0.47,2026-08-20,2225,N,nominal,2.0NRT,295.8,3.81,N
37.0342,62.41759,330.12,0.45,0.47,2026-08-20,2225,N,nominal,2.0NRT,296.98,3.75,N
37.02999,62.4161,307.68,0.45,0.47,2026-08-20,2225,N,nominal,2.0NRT,294.28,3.75,N
37.82848,58.38285,308.62,0.44,0.38,2026-08-20,2225,N,nominal,2.0NRT,284.59,1.62,N
37.21701,60.02408,315.77,0.52,0.41,2026-08-20,2225,N,nominal,2.0NRT,298.3,1.39,N
37.21861,60.02372,311.54,0.52,0.41,2026-08-20,2225,N,nominal,2.0NRT,297.71,1.08,N
36.96864,60.52822,310.92,0.55,0.43,2026-08-20,2225,N,nominal,2.0NRT,297.86,1.92,N
37.33931,58.04492,302.53,0.43,0.38,2026-08-20,2225,N,nominal,2.0NRT,286.89,1.25,N
36.48294,61.64738,306.7,0.43,0.46,2026-08-20,2225,N,nominal,2.0NRT,293.74,0.49,N
35.88941,63.01418,304.95,0.52,0.5,2026-08-20,2225,N,nominal,2.0NRT,294.9,0.86,N
24.4299,98.90616,346.21,0.45,0.47,2026-08-21,0618,N,nominal,2.0NRT,292.22,8.63,D
24.26015,97.75832,332.76,0.53,0.5,2026-08-21,0618,N,nominal,2.0NRT,293.39,5.24,D
25.06487,101.5714,326.81,0.48,0.4,2026-08-21,0618,N,low,2.0NRT,298.53,5.67,D
35.24514,100.97363,332.17,0.4,0.37,2026-08-21,0622,N,nominal,2.0NRT,298.15,4.17,D
36.81028,101.46072,333.81,0.39,0.36,2026-08-21,0622,N,nominal,2.0NRT,298.89,4.44,D
38.63297,100.53062,350.2,0.39,0.36,2026-08-21,0622,N,nominal,2.0NRT,308.27,5.19,D
38.63225,100.52621,338.09,0.39,0.36,2026-08-21,0622,N,nominal,2.0NRT,305.47,5.19,D
39.13905,100.16624,341.04,0.39,0.36,2026-08-21,0622,N,nominal,2.0NRT,308.33,4.77,D
7.39327,81.09946,345.34,0.46,0.39,2026-08-21,0756,N,low,2.0NRT,293.06,6.4,D
7.39688,81.09885,332.08,0.46,0.39,2026-08-21,0756,N,low,2.0NRT,293.05,6.4,D
7.51083,81.69547,334.46,0.43,0.38,2026-08-21,0756,N,low,2.0NRT,296.31,5.97,D
7.81049,81.37718,335.63,0.44,0.39,2026-08-21,0756,N,low,2.0NRT,301.8,5.27,D
7.80986,81.37318,339.32,0.44,0.39,2026-08-21,0756,N,low,2.0NRT,304.17,5.27,D
7.8134,81.37262,333.7,0.44,0.39,2026-08-21,0756,N,low,2.0NRT,303.44,10.42,D
7.81277,81.36861,349.14,0.44,0.39,2026-08-21,0756,N,nominal,2.0NRT,303.85,13.76,D
8.07838,80.0887,331.6,0.51,0.41,2026-08-21,0756,N,nominal,2.0NRT,294.15,15.5,D
8.24257,80.90491,333.1,0.46,0.39,2026-08-21,0756,N,low,2.0NRT,296.23,7.18,D
8.43317,80.33639,334.3,0.49,0.4,2026-08-21,0756,N,low,2.0NRT,295.35,14.02,D
8.77498,80.40853,335.22,0.48,0.4,2026-08-21,0756,N,low,2.0NRT,293.95,7.54,D
8.77386,80.41042,349.35,0.48,0.4,2026-08-21,0756,N,nominal,2.0NRT,295.37,15.2,D
8.58488,77.95021,335.12,0.45,0.47,2026-08-21,0756,N,nominal,2.0NRT,298.77,2.49,D
9.34518,78.81236,335.72,0.38,0.44,2026-08-21,0756,N,nominal,2.0NRT,301.64,1.58,D
9.3194,78.58262,336.47,0.4,0.44,2026-08-21,0756,N,nominal,2.0NRT,303.54,1.47,D
9.36559,78.66248,367,0.39,0.44,2026-08-21,0756,N,high,2.0NRT,306.38,10.37,D
9.31269,78.05367,338.9,0.43,0.46,2026-08-21,0756,N,nominal,2.0NRT,305.16,7.06,D
9.46089,77.93649,343.41,0.43,0.46,2026-08-21,0756,N,nominal,2.0NRT,304.98,2.92,D
9.74707,77.88758,336.81,0.43,0.46,2026-08-21,0756,N,nominal,2.0NRT,305.26,1.44,D
9.74367,77.84486,336.43,0.43,0.46,2026-08-21,0756,N,nominal,2.0NRT,303.98,1.11,D
10.04823,77.95352,349.94,0.42,0.45,2026-08-21,0756,N,nominal,2.0NRT,300.86,5.9,D
10.05242,77.9528,337.08,0.42,0.45,2026-08-21,0756,N,nominal,2.0NRT,296.24,5.9,D
10.05175,77.94893,344.09,0.42,0.45,2026-08-21,0756,N,nominal,2.0NRT,300.57,7.89,D
10.06246,77.61354,338.53,0.44,0.46,2026-08-21,0756,N,nominal,2.0NRT,301.37,3.37,D
10.40818,77.98702,344.36,0.42,0.45,2026-08-21,0756,N,nominal,2.0NRT,300.35,8.58,D
10.46239,77.96943,332.02,0.42,0.45,2026-08-21,0756,N,low,2.0NRT,302.17,2.2,D
10.86179,78.60693,332.53,0.56,0.43,2026-08-21,0756,N,low,2.0NRT,303.6,3.75,D
10.86351,78.60498,334.68,0.56,0.43,2026-08-21,0756,N,nominal,2.0NRT,304.43,3.6,D
10.90762,78.79076,339.02,0.55,0.43,2026-08-21,0756,N,nominal,2.0NRT,306.52,4.54,D
10.89906,78.69358,335.4,0.56,0.43,2026-08-21,0756,N,nominal,2.0NRT,303.41,8.39,D
10.8355,78.05512,348.83,0.41,0.45,2026-08-21,0756,N,nominal,2.0NRT,306.32,5.12,D
10.94861,77.29926,332.62,0.45,0.47,2026-08-21,0756,N,nominal,2.0NRT,302.59,1.82,D
11.25114,77.55007,335,0.43,0.46,2026-08-21,0756,N,nominal,2.0NRT,302.87,1.81,D
11.17986,76.86322,352.61,0.48,0.48,2026-08-21,0756,N,nominal,2.0NRT,299.65,7.75,D
11.3864,77.68139,337.39,0.42,0.45,2026-08-21,0756,N,nominal,2.0NRT,302.13,3.66,D
11.71266,79.13078,335.7,0.51,0.41,2026-08-21,0756,N,low,2.0NRT,299.97,13.01,D
11.71186,79.12611,335.37,0.51,0.41,2026-08-21,0756,N,low,2.0NRT,306.57,49.23,D
11.52693,77.66856,331.72,0.42,0.45,2026-08-21,0756,N,nominal,2.0NRT,300.84,1.03,D
12.05267,79.61187,334.23,0.48,0.4,2026-08-21,0756,N,low,2.0NRT,300.37,4.25,D
12.0637,76.96976,336.06,0.45,0.47,2026-08-21,0756,N,nominal,2.0NRT,299.1,6.65,D
12.30416,76.82388,339.02,0.46,0.47,2026-08-21,0756,N,nominal,2.0NRT,296.98,6.57,D
12.35125,77.01255,340.97,0.45,0.47,2026-08-21,0756,N,nominal,2.0NRT,293.35,5.9,D
14.60819,79.65999,344.84,0.45,0.39,2026-08-21,0758,N,low,2.0NRT,298.95,20.66,D
14.60742,79.66074,347.79,0.45,0.39,2026-08-21,0758,N,nominal,2.0NRT,301.13,24.47,D
14.52306,77.43476,336.84,0.39,0.44,2026-08-21,0758,N,nominal,2.0NRT,295.01,4.98,D
15.1363,79.88412,332.13,0.43,0.38,2026-08-21,0758,N,nominal,2.0NRT,297.87,3.42,D
15.34653,77.09008,330.63,0.4,0.44,2026-08-21,0758,N,nominal,2.0NRT,300.14,1.89,D
16.29151,80.82072,334.45,0.4,0.37,2026-08-21,0758,N,nominal,2.0NRT,298.58,4.54,D
17.60843,83.20383,335.84,0.4,0.37,2026-08-21,0758,N,nominal,2.0NRT,299.16,4.98,D
19.48988,85.20114,328.82,0.49,0.4,2026-08-21,0758,N,nominal,2.0NRT,281.45,3.89,D
23.66432,87.15331,330.29,0.47,0.48,2026-08-21,0801,N,nominal,2.0NRT,293.42,2.74,D
23.67844,86.39668,331.72,0.43,0.46,2026-08-21,0801,N,nominal,2.0NRT,295.56,8.2,D
23.68265,86.39607,334.93,0.43,0.46,2026-08-21,0801,N,nominal,2.0NRT,295.22,5.68,D
23.68639,86.39134,330.74,0.42,0.46,2026-08-21,0801,N,nominal,2.0NRT,294.17,5.68,D
23.70997,86.44798,334.64,0.43,0.46,2026-08-21,0801,N,nominal,2.0NRT,292.54,7.64,D
23.71468,86.45161,338.05,0.43,0.46,2026-08-21,0801,N,nominal,2.0NRT,291.86,8.89,D
23.67682,86.08707,330.7,0.41,0.45,2026-08-21,0801,N,nominal,2.0NRT,294.62,4.24,D
23.68191,86.0946,349.84,0.41,0.45,2026-08-21,0801,N,nominal,2.0NRT,293.37,7.7,D
23.78134,86.2098,345.58,0.42,0.45,2026-08-21,0801,N,nominal,2.0NRT,293.89,9.1,D
23.75674,85.85435,334.01,0.4,0.44,2026-08-21,0801,N,nominal,2.0NRT,295.91,5.93,D
27.43876,70.85847,344.68,0.57,0.52,2026-08-21,0803,N,nominal,2.0NRT,302.88,8.02,D
29.47919,71.78834,342.21,0.46,0.47,2026-08-21,0803,N,nominal,2.0NRT,299.83,7.1,D
29.48029,71.78488,341.43,0.45,0.47,2026-08-21,0803,N,nominal,2.0NRT,298.78,6.67,D
29.82557,72.8396,334.4,0.39,0.44,2026-08-21,0803,N,nominal,2.0NRT,297.57,2.06,D
29.98619,72.59346,334.45,0.4,0.44,2026-08-21,0803,N,nominal,2.0NRT,298.45,2.98,D
30.00368,72.55402,337.29,0.4,0.44,2026-08-21,0803,N,nominal,2.0NRT,298.77,3.67,D
29.56096,69.60496,335.89,0.6,0.53,2026-08-21,0803,N,nominal,2.0NRT,299.63,9.47,D
30.46146,72.13331,338.91,0.42,0.45,2026-08-21,0803,N,nominal,2.0NRT,297.68,3.37,D
30.47054,72.13536,342.1,0.42,0.45,2026-08-21,0803,N,nominal,2.0NRT,297.91,4.49,D
30.4485,71.695,338.49,0.44,0.46,2026-08-21,0803,N,nominal,2.0NRT,295.83,2.2,D
30.4877,71.85971,338.94,0.43,0.46,2026-08-21,0803,N,nominal,2.0NRT,295.55,5.77,D
30.48677,71.85528,343.91,0.43,0.46,2026-08-21,0803,N,nominal,2.0NRT,297.25,7.01,D
30.62073,72.08163,337.31,0.42,0.45,2026-08-21,0803,N,nominal,2.0NRT,297.63,3.93,D
30.6631,72.1522,347.82,0.41,0.45,2026-08-21,0803,N,nominal,2.0NRT,298,7.36,D
31.32454,72.16799,339.5,0.4,0.44,2026-08-21,0803,N,nominal,2.0NRT,297.32,2.45,D
31.53478,72.39529,342.48,0.39,0.44,2026-08-21,0803,N,nominal,2.0NRT,297.46,3.29,D
31.61627,65.85532,347.32,0.44,0.63,2026-08-21,0803,N,nominal,2.0NRT,314.55,7.64,D
33.55837,70.22543,338.62,0.46,0.47,2026-08-21,0803,N,nominal,2.0NRT,306.3,4.64,D
38.05162,67.26654,348.64,0.52,0.5,2026-08-21,0805,N,low,2.0NRT,322.94,33.16,D
37.69809,65.62788,347.61,0.32,0.55,2026-08-21,0805,N,nominal,2.0NRT,312.67,5.36,D
37.11605,62.36332,346.27,0.49,0.65,2026-08-21,0805,N,nominal,2.0NRT,310.22,11.29,D
37.11711,62.35984,337.7,0.49,0.65,2026-08-21,0805,N,low,2.0NRT,308.82,14.01,D
37.15697,61.31395,367,0.56,0.68,2026-08-21,0805,N,high,2.0NRT,298.16,8.08,D
37.15229,61.31349,367,0.56,0.68,2026-08-21,0805,N,high,2.0NRT,299.78,13.99,D
37.45558,59.83549,339.13,0.65,0.73,2026-08-21,0805,N,nominal,2.0NRT,297.17,8.26,D
37.45307,59.83918,332.95,0.64,0.72,2026-08-21,0805,N,nominal,2.0NRT,296.7,10.56,D
37.79752,60.60473,367,0.58,0.7,2026-08-21,0805,N,high,2.0NRT,306.77,9.69,D
37.79945,60.61112,350.4,0.58,0.7,2026-08-21,0805,N,nominal,2.0NRT,304.77,9.69,D
37.81619,60.57392,333.5,0.58,0.7,2026-08-21,0805,N,nominal,2.0NRT,303.04,2.76,D
37.81427,60.56753,337.95,0.58,0.7,2026-08-21,0805,N,nominal,2.0NRT,305.44,2.76,D
37.81564,60.57116,341.17,0.58,0.7,2026-08-21,0805,N,nominal,2.0NRT,303.72,4.48,D
21.00241,56.53205,344.65,0.39,0.36,2026-08-21,0939,N,low,2.0NRT,316.2,1.35,D
21.30298,57.7977,343.84,0.42,0.38,2026-08-21,0939,N,nominal,2.0NRT,313.54,1.62,D
21.30998,57.74714,343.58,0.42,0.37,2026-08-21,0939,N,low,2.0NRT,313.84,3.23,D
21.31286,57.74257,344.89,0.42,0.37,2026-08-21,0939,N,nominal,2.0NRT,313.97,2.45,D
21.32037,57.72086,344.64,0.42,0.37,2026-08-21,0939,N,nominal,2.0NRT,313.62,1.9,D
21.64914,55.99784,340.55,0.39,0.36,2026-08-21,0939,N,low,2.0NRT,314.02,17.03,D
21.89217,56.84651,344.58,0.4,0.37,2026-08-21,0939,N,low,2.0NRT,317.35,0.63,D
21.93847,57.07279,350.3,0.4,0.37,2026-08-21,0939,N,nominal,2.0NRT,314.88,5.11,D
22.32503,56.47258,353.06,0.39,0.36,2026-08-21,0939,N,nominal,2.0NRT,323.82,9.13,D
22.32838,56.47203,352.69,0.39,0.36,2026-08-21,0939,N,nominal,2.0NRT,319.65,15.98,D
22.33117,56.46766,345.58,0.39,0.36,2026-08-21,0939,N,low,2.0NRT,318.1,1.53,D
22.33453,56.4671,348.11,0.39,0.36,2026-08-21,0939,N,low,2.0NRT,318.53,3.31,D
22.87971,55.92709,351.5,0.39,0.36,2026-08-21,0939,N,low,2.0NRT,322.5,7.43,D
24.50527,56.60742,344.1,0.41,0.37,2026-08-21,0939,N,nominal,2.0NRT,311.21,16.98,D
24.50954,54.0198,338.4,0.39,0.36,2026-08-21,0941,N,nominal,2.0NRT,304.45,3.63,D
25.30762,56.37225,340.08,0.41,0.37,2026-08-21,0941,N,nominal,2.0NRT,305.59,3.62,D
27.16709,56.05171,341.42,0.41,0.37,2026-08-21,0941,N,nominal,2.0NRT,309.65,7.47,D
27.17107,56.05525,343.05,0.41,0.37,2026-08-21,0941,N,nominal,2.0NRT,308.75,7.47,D
27.30202,56.30214,340.06,0.42,0.37,2026-08-21,0941,N,nominal,2.0NRT,309.66,4.47,D
33.85165,64.23594,336.69,0.43,0.62,2026-08-21,0943,N,low,2.0NRT,307.85,1.24,D
37.03232,62.41796,337.82,0.36,0.57,2026-08-21,0943,N,low,2.0NRT,311.55,12.46,D
36.32115,54.18736,333.03,0.42,0.38,2026-08-21,0943,N,low,2.0NRT,307.94,2.99,D
37.1176,62.36461,348.72,0.36,0.57,2026-08-21,0943,N,nominal,2.0NRT,312.48,7.95,D
37.15363,61.30985,354.61,0.63,0.54,2026-08-21,0943,N,nominal,2.0NRT,303.89,15.44,D
37.12456,60.39457,331.76,0.56,0.51,2026-08-21,0943,N,low,2.0NRT,304.42,4.38,D
37.12883,60.38763,338.45,0.56,0.51,2026-08-21,0943,N,nominal,2.0NRT,304.85,4.56,D
37.11417,60.3951,331.19,0.56,0.51,2026-08-21,0943,N,low,2.0NRT,304.8,5.75,D
37.12853,60.39347,335.15,0.56,0.51,2026-08-21,0943,N,nominal,2.0NRT,302.97,4.99,D
37.12806,60.38705,338.14,0.56,0.51,2026-08-21,0943,N,nominal,2.0NRT,304.89,4.99,D
37.40654,60.25507,337.78,0.55,0.51,2026-08-21,0943,N,nominal,2.0NRT,306.65,3.66,D
37.45578,59.84024,337.8,0.53,0.5,2026-08-21,0943,N,nominal,2.0NRT,307.36,4.67,D
37.80995,60.58025,343.68,0.58,0.52,2026-08-21,0943,N,nominal,2.0NRT,308.52,9.66,D
37.80947,60.57351,343.54,0.58,0.52,2026-08-21,0943,N,nominal,2.0NRT,311.12,9.92,D
37.81922,60.57244,337.12,0.58,0.52,2026-08-21,0943,N,low,2.0NRT,311.09,5.18,D
37.81873,60.56571,343.38,0.58,0.52,2026-08-21,0943,N,nominal,2.0NRT,312.61,5.18,D
37.9469,61.33456,337.6,0.32,0.55,2026-08-21,0943,N,low,2.0NRT,308.4,2.08,D
38.71527,62.11172,341.44,0.36,0.57,2026-08-21,0943,N,nominal,2.0NRT,309.67,4.95,D
38.71236,62.11178,343.44,0.36,0.57,2026-08-21,0943,N,nominal,2.0NRT,310.14,5.48,D
38.64909,54.28373,336.76,0.45,0.39,2026-08-21,0945,N,nominal,2.0NRT,298.94,3.08,D
38.64679,54.28128,337.78,0.45,0.39,2026-08-21,0945,N,nominal,2.0NRT,298.65,3.29,D
38.68027,54.3168,341.32,0.45,0.39,2026-08-21,0945,N,nominal,2.0NRT,300.77,2.65,D
39.8234,98.27944,307.98,0.42,0.61,2026-08-21,1843,N,nominal,2.0NRT,290.94,2,N
39.80534,98.29803,304.59,0.42,0.61,2026-08-21,1843,N,nominal,2.0NRT,287.98,1.02,N
25.06318,101.5702,299,0.57,0.43,2026-08-21,1845,N,nominal,2.0NRT,280.52,1.23,N
25.06552,101.56966,301.14,0.57,0.43,2026-08-21,1845,N,nominal,2.0NRT,280.28,0.98,N
9.45946,101.08175,310.63,0.42,0.37,2026-08-21,1849,N,nominal,2.0NRT,294.2,2.56,N
8.89779,99.83942,304.22,0.46,0.39,2026-08-21,1849,N,nominal,2.0NRT,291.52,0.41,N
7.76994,99.93568,308.56,0.44,0.39,2026-08-21,1849,N,nominal,2.0NRT,292.27,0.94,N
35.78532,71.34322,297.04,0.48,0.65,2026-08-21,2023,N,nominal,2.0NRT,284.07,1.39,N
35.77944,71.34021,299.71,0.48,0.65,2026-08-21,2023,N,nominal,2.0NRT,283.88,2.09,N
35.77929,71.34325,319.44,0.48,0.65,2026-08-21,2023,N,nominal,2.0NRT,284.89,2.09,N
32.88974,71.61488,307.6,0.43,0.62,2026-08-21,2025,N,nominal,2.0NRT,293.29,2.91,N
32.57627,72.55994,307.64,0.38,0.59,2026-08-21,2025,N,nominal,2.0NRT,293.93,2.9,N
28.77367,77.56798,309.15,0.53,0.42,2026-08-21,2025,N,nominal,2.0NRT,283.53,2.57,N
24.92936,84.14852,310.02,0.43,0.38,2026-08-21,2025,N,nominal,2.0NRT,289.28,2.91,N
24.92917,84.14589,308.3,0.43,0.38,2026-08-21,2025,N,nominal,2.0NRT,288.84,2.88,N
23.66372,87.15993,302.49,0.42,0.45,2026-08-21,2025,N,nominal,2.0NRT,278.95,0.59,N
23.56004,87.24049,307.65,0.43,0.46,2026-08-21,2025,N,nominal,2.0NRT,286.15,2.79,N
23.6783,86.10711,305.64,0.55,0.43,2026-08-21,2025,N,nominal,2.0NRT,285.15,0.56,N
23.67846,86.08486,307.47,0.55,0.43,2026-08-21,2025,N,nominal,2.0NRT,284.66,2.61,N
24.18137,82.64606,307.55,0.4,0.37,2026-08-21,2025,N,nominal,2.0NRT,281.64,0.93,N
23.71933,85.00983,300.63,0.48,0.4,2026-08-21,2025,N,nominal,2.0NRT,272.32,1.6,N
24.76452,74.60926,304.28,0.47,0.48,2026-08-21,2027,N,nominal,2.0NRT,282.05,0.71,N
22.78901,86.19763,300.01,0.38,0.43,2026-08-21,2027,N,nominal,2.0NRT,273.29,0.95,N
22.37751,87.2774,313.32,0.45,0.47,2026-08-21,2027,N,nominal,2.0NRT,276,1.69,N
22.37663,87.28174,311.32,0.45,0.47,2026-08-21,2027,N,nominal,2.0NRT,275.48,1.69,N
22.37945,87.28,312.84,0.45,0.47,2026-08-21,2027,N,nominal,2.0NRT,275.6,1.79,N
22.37519,87.27901,306.49,0.45,0.47,2026-08-21,2027,N,nominal,2.0NRT,274.56,1.07,N
22.36667,87.29975,307.2,0.45,0.47,2026-08-21,2027,N,nominal,2.0NRT,275.03,1.47,N
22.36491,87.01798,303.61,0.43,0.46,2026-08-21,2027,N,nominal,2.0NRT,275.64,0.73,N
22.36072,87.01704,303.37,0.43,0.46,2026-08-21,2027,N,nominal,2.0NRT,275.6,0.73,N
22.05519,88.12621,303.92,0.51,0.5,2026-08-21,2027,N,nominal,2.0NRT,269.79,1.92,N
22.05068,88.12516,298.93,0.51,0.5,2026-08-21,2027,N,nominal,2.0NRT,269.97,1.92,N
18.8016,74.25277,301.85,0.41,0.45,2026-08-21,2027,N,nominal,2.0NRT,279.71,0.73,N
17.29336,78.40997,316.83,0.39,0.36,2026-08-21,2027,N,nominal,2.0NRT,290.6,1.01,N
17.29117,78.40939,314.49,0.39,0.36,2026-08-21,2027,N,nominal,2.0NRT,290.12,0.73,N
17.37035,77.44494,304.8,0.42,0.37,2026-08-21,2027,N,nominal,2.0NRT,292.06,0.79,N
17.08458,79.32294,309.57,0.38,0.36,2026-08-21,2027,N,nominal,2.0NRT,292.48,2.91,N
16.87195,80.02106,308.57,0.39,0.36,2026-08-21,2027,N,nominal,2.0NRT,290.85,1.5,N
15.33696,76.27781,307.42,0.44,0.39,2026-08-21,2029,N,nominal,2.0NRT,290.03,1.07,N
15.33752,76.27949,307.45,0.44,0.39,2026-08-21,2029,N,nominal,2.0NRT,289.54,1.38,N
15.33276,76.28716,306.84,0.44,0.39,2026-08-21,2029,N,nominal,2.0NRT,288.33,0.96,N
15.17908,77.10468,303.34,0.41,0.37,2026-08-21,2029,N,nominal,2.0NRT,287.2,0.81,N
15.17623,77.10031,305.69,0.41,0.37,2026-08-21,2029,N,nominal,2.0NRT,287.88,1.16,N
14.82645,79.31465,303.62,0.38,0.36,2026-08-21,2029,N,nominal,2.0NRT,269.66,0.8,N
15.02356,78.01485,311.86,0.39,0.36,2026-08-21,2029,N,nominal,2.0NRT,287.15,1.27,N
15.18658,76.6724,305.96,0.43,0.38,2026-08-21,2029,N,nominal,2.0NRT,291.38,0.71,N
15.18368,76.66792,326.21,0.43,0.38,2026-08-21,2029,N,nominal,2.0NRT,293,2.11,N
15.18423,76.63964,308.44,0.43,0.38,2026-08-21,2029,N,nominal,2.0NRT,292.75,1.51,N
15.1802,76.66738,311.52,0.43,0.38,2026-08-21,2029,N,nominal,2.0NRT,292.67,2.11,N
15.17962,76.67133,304.09,0.43,0.38,2026-08-21,2029,N,nominal,2.0NRT,291.72,1.16,N
15.17905,76.67529,309.64,0.43,0.38,2026-08-21,2029,N,nominal,2.0NRT,292.86,1.16,N
15.17844,76.65497,327.64,0.43,0.38,2026-08-21,2029,N,nominal,2.0NRT,293.6,1.69,N
15.17327,76.69061,321.24,0.43,0.38,2026-08-21,2029,N,nominal,2.0NRT,292.62,1.63,N
15.17787,76.65893,306.97,0.43,0.38,2026-08-21,2029,N,nominal,2.0NRT,292.38,1.69,N
15.17497,76.65443,328.13,0.43,0.38,2026-08-21,2029,N,nominal,2.0NRT,292.84,1.69,N
15.17439,76.65839,305.16,0.43,0.38,2026-08-21,2029,N,nominal,2.0NRT,291.75,1.69,N
15.17382,76.66235,306.23,0.43,0.38,2026-08-21,2029,N,nominal,2.0NRT,292.1,1.39,N
15.17694,76.65511,335.65,0.43,0.38,2026-08-21,2029,N,nominal,2.0NRT,294.53,2.09,N
15.17635,76.65906,308.83,0.43,0.38,2026-08-21,2029,N,nominal,2.0NRT,292.1,2.09,N
15.1716,76.69071,305.37,0.43,0.38,2026-08-21,2029,N,nominal,2.0NRT,291.44,0.76,N
15.17346,76.65458,313.46,0.43,0.38,2026-08-21,2029,N,nominal,2.0NRT,290.96,2.09,N
15.16701,76.67386,317.3,0.43,0.38,2026-08-21,2029,N,nominal,2.0NRT,291.08,1.71,N
15.13683,76.70946,303.89,0.42,0.38,2026-08-21,2029,N,nominal,2.0NRT,291.68,0.69,N
15.16771,76.37908,300.81,0.44,0.38,2026-08-21,2029,N,nominal,2.0NRT,289.77,0.87,N
15.07157,76.86326,302.8,0.42,0.38,2026-08-21,2029,N,nominal,2.0NRT,290.44,1.66,N
14.60582,78.52377,302.1,0.39,0.36,2026-08-21,2029,N,nominal,2.0NRT,278.49,0.67,N
13.8039,78.06523,305.05,0.39,0.36,2026-08-21,2029,N,nominal,2.0NRT,282.42,0.25,N
13.39369,80.10202,305.09,0.4,0.37,2026-08-21,2029,N,nominal,2.0NRT,284.92,0.81,N
13.89879,76.56554,296.53,0.42,0.38,2026-08-21,2029,N,nominal,2.0NRT,274.71,0.49,N
11.42601,77.51267,301.37,0.39,0.36,2026-08-21,2029,N,nominal,2.0NRT,272.63,0.62,N
11.11709,77.75499,302.08,0.38,0.36,2026-08-21,2029,N,nominal,2.0NRT,277.9,0.46,N
10.93034,77.06337,300.84,0.39,0.36,2026-08-21,2029,N,nominal,2.0NRT,281.61,0.63,N
10.61491,77.41926,300.63,0.39,0.36,2026-08-21,2032,N,nominal,2.0NRT,276.99,0.5,N
10.2504,77.21418,318.29,0.39,0.36,2026-08-21,2032,N,nominal,2.0NRT,281.29,2.02,N
10.24929,77.22139,301.71,0.39,0.36,2026-08-21,2032,N,nominal,2.0NRT,278.37,0.7,N
10.24707,77.21375,340.55,0.39,0.36,2026-08-21,2032,N,nominal,2.0NRT,281.06,3.49,N
10.24651,77.21736,330.64,0.39,0.36,2026-08-21,2032,N,nominal,2.0NRT,281.18,3.49,N
10.24596,77.22096,296.36,0.39,0.36,2026-08-21,2032,N,nominal,2.0NRT,273.85,0.45,N
10.24541,77.22453,299.32,0.39,0.36,2026-08-21,2032,N,nominal,2.0NRT,272.63,0.45,N
10.24319,77.2169,308.07,0.39,0.36,2026-08-21,2032,N,nominal,2.0NRT,272.56,3.49,N
10.04985,77.95205,302.63,0.38,0.36,2026-08-21,2032,N,nominal,2.0NRT,270.2,0.42,N
10.09488,77.23631,300.78,0.39,0.36,2026-08-21,2032,N,nominal,2.0NRT,282.58,1.76,N
10.09154,77.23588,332.12,0.39,0.36,2026-08-21,2032,N,nominal,2.0NRT,283.06,1.76,N
10.08821,77.23543,341.68,0.39,0.36,2026-08-21,2032,N,nominal,2.0NRT,282.74,6.59,N
10.08768,77.23882,306.06,0.39,0.36,2026-08-21,2032,N,nominal,2.0NRT,282.22,0.84,N
9.24785,77.32679,304.23,0.38,0.36,2026-08-21,2032,N,nominal,2.0NRT,264.54,0.4,N
8.74099,77.59838,309.44,0.38,0.36,2026-08-21,2032,N,nominal,2.0NRT,280.22,0.82,N
8.74044,77.60186,310.06,0.38,0.36,2026-08-21,2032,N,nominal,2.0NRT,281.68,0.68,N
8.59524,77.89958,300.64,0.39,0.36,2026-08-21,2032,N,nominal,2.0NRT,278.2,0.29,N
7.88986,80.12818,315.13,0.44,0.39,2026-08-21,2032,N,nominal,2.0NRT,272.23,1.92,N
39.86174,98.25141,304.57,0.38,0.59,2026-08-21,2021,N,nominal,2.0NRT,288.86,0.97,N
39.86056,98.25571,302.2,0.38,0.59,2026-08-21,2021,N,nominal,2.0NRT,288.34,0.97,N
39.84446,98.27216,303.35,0.38,0.59,2026-08-21,2021,N,nominal,2.0NRT,287.27,1.32,N
39.80866,98.33887,298.06,0.38,0.59,2026-08-21,2021,N,nominal,2.0NRT,287.91,0.44,N
39.81164,98.2857,300.89,0.38,0.59,2026-08-21,2021,N,nominal,2.0NRT,287.78,2.31,N
39.80923,98.29445,304.45,0.38,0.59,2026-08-21,2021,N,nominal,2.0NRT,289.62,1.39,N
39.80803,98.29883,302.88,0.38,0.59,2026-08-21,2021,N,nominal,2.0NRT,288.95,1.39,N
39.51092,54.33097,306.56,0.56,0.43,2026-08-21,2203,N,nominal,2.0NRT,294.97,1.74,N
39.24964,56.33965,311.31,0.46,0.39,2026-08-21,2203,N,nominal,2.0NRT,294.52,1.01,N
39.24605,56.33891,305.99,0.46,0.39,2026-08-21,2203,N,nominal,2.0NRT,294.04,1.01,N
37.99121,61.88198,308.89,0.4,0.37,2026-08-21,2203,N,nominal,2.0NRT,294.18,2.27,N
37.98372,61.88464,305.65,0.4,0.37,2026-08-21,2203,N,nominal,2.0NRT,289.53,2.6,N
35.78955,71.32182,296.02,0.41,0.6,2026-08-21,2203,N,nominal,2.0NRT,279.83,2.28,N
35.78323,71.34509,316.02,0.41,0.6,2026-08-21,2203,N,nominal,2.0NRT,286.15,2.51,N
35.78896,71.32448,299.59,0.41,0.6,2026-08-21,2203,N,nominal,2.0NRT,279.54,2.06,N
35.78307,71.34697,312.25,0.41,0.6,2026-08-21,2203,N,nominal,2.0NRT,285.66,2.48,N
37.77792,62.02959,309.4,0.41,0.37,2026-08-21,2203,N,nominal,2.0NRT,293.31,1.18,N
37.8459,61.606,306.5,0.4,0.37,2026-08-21,2203,N,nominal,2.0NRT,294.12,0.82,N
37.7945,61.49568,312.05,0.4,0.37,2026-08-21,2203,N,nominal,2.0NRT,293.35,1.02,N
37.63706,62.20541,299.75,0.41,0.37,2026-08-21,2203,N,nominal,2.0NRT,282.51,0.76,N
37.62601,62.1682,309.03,0.41,0.37,2026-08-21,2203,N,nominal,2.0NRT,288.15,1.09,N
38.68129,54.31793,311.55,0.54,0.42,2026-08-21,2203,N,nominal,2.0NRT,290.88,0.77,N
38.26358,57.65789,310.98,0.41,0.37,2026-08-21,2203,N,nominal,2.0NRT,294.28,1.66,N
38.25209,57.66504,307.6,0.41,0.37,2026-08-21,2203,N,nominal,2.0NRT,294.17,0.95,N
38.14901,58.39372,306.77,0.39,0.37,2026-08-21,2203,N,nominal,2.0NRT,292.53,0.82,N
37.77289,60.71682,309.82,0.39,0.36,2026-08-21,2203,N,nominal,2.0NRT,293.17,0.9,N
37.60968,61.60677,329.54,0.4,0.37,2026-08-21,2203,N,nominal,2.0NRT,297.02,2.84,N
37.61521,61.57536,313.03,0.4,0.37,2026-08-21,2203,N,nominal,2.0NRT,295.31,1.04,N
37.61205,61.5933,307.4,0.4,0.37,2026-08-21,2203,N,nominal,2.0NRT,294.77,0.82,N
37.61187,61.57444,307.35,0.4,0.37,2026-08-21,2203,N,nominal,2.0NRT,293.89,1.04,N
37.6109,61.57673,308.41,0.4,0.37,2026-08-21,2203,N,nominal,2.0NRT,294.75,1.52,N
37.80711,60.32889,308.09,0.39,0.36,2026-08-21,2203,N,nominal,2.0NRT,292.92,0.93,N
37.59655,61.55865,321.73,0.4,0.37,2026-08-21,2203,N,nominal,2.0NRT,294.97,2.21,N
37.59866,61.52635,312.89,0.4,0.37,2026-08-21,2203,N,nominal,2.0NRT,294.36,1.34,N
37.59455,61.52991,331.55,0.4,0.37,2026-08-21,2203,N,nominal,2.0NRT,296.01,2.74,N
37.59533,61.52543,313.65,0.4,0.37,2026-08-21,2203,N,nominal,2.0NRT,293.76,1.34,N
37.58909,61.5613,311.74,0.4,0.37,2026-08-21,2203,N,nominal,2.0NRT,294.01,1.2,N
37.59121,61.52899,325.45,0.4,0.37,2026-08-21,2203,N,nominal,2.0NRT,294.41,2.14,N
37.58965,61.53796,306.31,0.4,0.37,2026-08-21,2203,N,nominal,2.0NRT,294.46,0.73,N
37.58241,61.55946,320.09,0.4,0.37,2026-08-21,2203,N,nominal,2.0NRT,294.42,2.11,N
37.50323,61.98904,308.66,0.41,0.37,2026-08-21,2203,N,nominal,2.0NRT,289.82,1.26,N
37.49649,61.84817,310.53,0.41,0.37,2026-08-21,2203,N,nominal,2.0NRT,286.49,2.21,N
37.7309,60.41758,304.32,0.39,0.36,2026-08-21,2203,N,nominal,2.0NRT,293.09,0.21,N
37.72487,60.37079,307.53,0.39,0.36,2026-08-21,2203,N,nominal,2.0NRT,292.94,0.5,N
37.43213,61.63255,306.58,0.4,0.37,2026-08-21,2203,N,nominal,2.0NRT,291.83,1.23,N
37.62479,60.4409,306.31,0.39,0.36,2026-08-21,2203,N,nominal,2.0NRT,293.38,0.61,N
37.62151,60.44004,307.51,0.39,0.36,2026-08-21,2203,N,nominal,2.0NRT,292.88,0.61,N
37.63461,60.33954,320.8,0.39,0.36,2026-08-21,2203,N,nominal,2.0NRT,293.93,1.83,N
37.61949,60.3898,308.21,0.39,0.36,2026-08-21,2203,N,nominal,2.0NRT,293.3,0.96,N
37.511,61.01654,308.33,0.39,0.36,2026-08-21,2203,N,nominal,2.0NRT,294.32,0.5,N
37.50288,61.02356,311.33,0.39,0.36,2026-08-21,2203,N,nominal,2.0NRT,293.42,0.97,N
37.82876,58.38604,310.49,0.39,0.36,2026-08-21,2203,N,nominal,2.0NRT,290.66,1.23,N
37.34903,61.36368,313.67,0.4,0.37,2026-08-21,2203,N,nominal,2.0NRT,294.27,1.11,N
37.48846,60.46177,307.35,0.39,0.36,2026-08-21,2203,N,nominal,2.0NRT,293.31,0.84,N
37.17986,60.86369,304.51,0.39,0.36,2026-08-21,2203,N,nominal,2.0NRT,292.73,0.76,N
37.33964,58.04673,304.2,0.4,0.37,2026-08-21,2203,N,nominal,2.0NRT,288.76,1.43,N
36.46903,60.84677,306.65,0.4,0.37,2026-08-21,2203,N,nominal,2.0NRT,295.6,1.32,N
36.49674,59.33639,303.45,0.38,0.36,2026-08-21,2203,N,nominal,2.0NRT,290.08,0.37,N
35.74158,63.13798,303.76,0.47,0.4,2026-08-21,2203,N,nominal,2.0NRT,292.17,0.94,N
35.72945,63.06416,310.38,0.46,0.39,2026-08-21,2203,N,nominal,2.0NRT,294.04,1.47,N
35.72588,63.06316,323.33,0.46,0.39,2026-08-21,2203,N,nominal,2.0NRT,294.32,2.66,N
36.27011,59.64975,307.46,0.38,0.36,2026-08-21,2203,N,nominal,2.0NRT,292.3,1.05,N
36.34448,58.67746,320.48,0.39,0.36,2026-08-21,2203,N,nominal,2.0NRT,292.3,2.85,N
36.27856,58.77869,302.51,0.39,0.36,2026-08-21,2203,N,nominal,2.0NRT,291.78,0.73,N
36.24424,57.38247,306.13,0.4,0.37,2026-08-21,2205,N,nominal,2.0NRT,293.67,0.71,N
36.29649,54.78674,308.75,0.49,0.4,2026-08-21,2205,N,nominal,2.0NRT,290.47,1.19,N
32.29176,70.73003,306.58,0.46,0.63,2026-08-21,2205,N,nominal,2.0NRT,291.68,3.24,N
32.28937,70.73895,306.47,0.46,0.63,2026-08-21,2205,N,nominal,2.0NRT,291.96,1.86,N
32.29071,70.73856,306.65,0.46,0.63,2026-08-21,2205,N,nominal,2.0NRT,291.92,3.07,N
33.75377,59.14819,324.32,0.39,0.36,2026-08-21,2205,N,nominal,2.0NRT,291.79,1.82,N
32.92428,60.23438,307.18,0.41,0.37,2026-08-21,2205,N,nominal,2.0NRT,295.37,0.87,N
33.04047,56.84951,314.84,0.4,0.37,2026-08-21,2205,N,nominal,2.0NRT,298.99,3.3,N
31.94085,54.04643,308.41,0.47,0.4,2026-08-21,2205,N,nominal,2.0NRT,297.24,1.63,N
31.43318,56.49231,303.37,0.39,0.37,2026-08-21,2205,N,nominal,2.0NRT,292.43,0.45,N
30.75581,56.65406,306.14,0.39,0.36,2026-08-21,2205,N,nominal,2.0NRT,296.1,1.19,N
30.7552,56.65811,318.95,0.39,0.36,2026-08-21,2205,N,nominal,2.0NRT,296.66,2.11,N
30.66599,56.62064,313.98,0.39,0.36,2026-08-21,2205,N,nominal,2.0NRT,292.61,1.13,N
30.49704,56.81921,313.47,0.39,0.36,2026-08-21,2205,N,nominal,2.0NRT,294.91,1.28,N
30.36685,57.11438,308.94,0.39,0.36,2026-08-21,2205,N,nominal,2.0NRT,293.82,0.74,N
30.28461,57.2284,304.47,0.38,0.36,2026-08-21,2205,N,nominal,2.0NRT,293.34,0.56,N
30.37042,56.12617,304.49,0.4,0.37,2026-08-21,2205,N,nominal,2.0NRT,292.06,0.94,N
30.36982,56.13027,310.78,0.4,0.37,2026-08-21,2205,N,nominal,2.0NRT,292.65,0.94,N
30.236,56.90847,320.14,0.39,0.36,2026-08-21,2205,N,nominal,2.0NRT,296.44,2.01,N
30.38075,55.86547,308.15,0.4,0.37,2026-08-21,2205,N,nominal,2.0NRT,293.51,0.84,N
30.23504,56.71626,307.32,0.39,0.36,2026-08-21,2205,N,nominal,2.0NRT,294.44,0.71,N
30.32207,55.97468,317.32,0.4,0.37,2026-08-21,2205,N,nominal,2.0NRT,293.84,1.33,N
30.21592,55.98522,317.02,0.4,0.37,2026-08-21,2208,N,nominal,2.0NRT,292.39,1.97,N
27.50355,68.7322,314.2,0.46,0.63,2026-08-21,2208,N,nominal,2.0NRT,292.54,1.28,N
29.92697,56.73441,312.18,0.39,0.36,2026-08-21,2208,N,nominal,2.0NRT,294.25,1.84,N
27.50491,68.73128,305.99,0.46,0.63,2026-08-21,2208,N,nominal,2.0NRT,292.47,1.16,N
30.08121,55.39859,330.46,0.41,0.37,2026-08-21,2208,N,nominal,2.0NRT,296.52,3.88,N
29.99465,55.85413,314.28,0.4,0.37,2026-08-21,2208,N,nominal,2.0NRT,289.34,1.05,N
29.9913,55.85347,331.45,0.4,0.37,2026-08-21,2208,N,nominal,2.0NRT,292.76,10.05,N
29.98519,55.84814,298.84,0.4,0.37,2026-08-21,2208,N,nominal,2.0NRT,288.51,0.63,N
30.00772,55.20332,304.86,0.41,0.37,2026-08-21,2208,N,nominal,2.0NRT,292.27,0.82,N
30.00149,55.19777,308.41,0.41,0.37,2026-08-21,2208,N,nominal,2.0NRT,292.23,0.78,N
29.99466,55.19651,311.81,0.41,0.37,2026-08-21,2208,N,nominal,2.0NRT,293.09,1.25,N
29.81032,55.75305,307.34,0.4,0.37,2026-08-21,2208,N,nominal,2.0NRT,291.99,0.93,N
29.51303,55.80012,308.39,0.4,0.37,2026-08-21,2208,N,nominal,2.0NRT,293.55,0.94,N
28.66126,59.06979,319.82,0.41,0.37,2026-08-21,2208,N,nominal,2.0NRT,296.97,1.8,N
29.15192,55.36428,305.54,0.4,0.37,2026-08-21,2208,N,nominal,2.0NRT,295.09,1.22,N
29.15133,55.36842,305.72,0.4,0.37,2026-08-21,2208,N,nominal,2.0NRT,295.34,0.85,N
29.13505,55.3796,309.56,0.4,0.37,2026-08-21,2208,N,nominal,2.0NRT,297.02,1.87,N
29.17286,54.61795,327.33,0.42,0.38,2026-08-21,2208,N,nominal,2.0NRT,296.28,3.12,N
27.22847,60.49128,313.82,0.47,0.4,2026-08-21,2208,N,nominal,2.0NRT,301.13,1.65,N
27.42209,56.49989,313.88,0.38,0.36,2026-08-21,2208,N,nominal,2.0NRT,299.03,5.03,N
27.42149,56.50374,315.27,0.38,0.36,2026-08-21,2208,N,nominal,2.0NRT,299.19,4.69,N
27.1787,56.0605,313.46,0.39,0.36,2026-08-21,2208,N,nominal,2.0NRT,300.34,5.47,N
27.16942,56.09861,332.9,0.39,0.36,2026-08-21,2208,N,nominal,2.0NRT,301.65,7.12,N
27.16937,56.05471,330.14,0.39,0.36,2026-08-21,2208,N,nominal,2.0NRT,300.63,3.92,N
27.16997,56.05084,319.23,0.39,0.36,2026-08-21,2208,N,nominal,2.0NRT,299.97,3.92,N
27.16221,56.1012,314.71,0.39,0.36,2026-08-21,2208,N,nominal,2.0NRT,299.33,6.58,N
25.97376,56.07207,317.39,0.38,0.36,2026-08-21,2208,N,nominal,2.0NRT,302.83,4.45,N
25.90285,54.53182,313.77,0.4,0.37,2026-08-21,2208,N,nominal,2.0NRT,300.13,0.54,N
25.55827,55.97596,315.64,0.38,0.36,2026-08-21,2208,N,nominal,2.0NRT,303.5,1.42,N
25.55708,55.98356,314.42,0.38,0.36,2026-08-21,2208,N,nominal,2.0NRT,302.68,1.02,N
25.30945,56.37099,319.22,0.38,0.36,2026-08-21,2208,N,nominal,2.0NRT,301.06,1.65,N
25.30884,56.37479,313.23,0.38,0.36,2026-08-21,2208,N,nominal,2.0NRT,300.45,0.7,N
24.98957,55.62641,322.93,0.39,0.36,2026-08-21,2208,N,nominal,2.0NRT,302.85,4.77,N
25.0274,55.0911,317.32,0.39,0.36,2026-08-21,2208,N,nominal,2.0NRT,304.53,2.24,N
24.50796,56.61171,319.38,0.39,0.36,2026-08-21,2208,N,nominal,2.0NRT,302.34,5.12,N
24.50526,56.60728,339.91,0.39,0.36,2026-08-21,2208,N,nominal,2.0NRT,304.22,5.12,N
24.50772,56.59212,314.81,0.39,0.36,2026-08-21,2208,N,nominal,2.0NRT,302.15,1.15,N
24.50257,56.60284,317.05,0.39,0.36,2026-08-21,2208,N,nominal,2.0NRT,302.16,1.51,N
24.47388,56.63245,311.75,0.39,0.36,2026-08-21,2208,N,nominal,2.0NRT,300.53,0.82,N
24.45643,56.55091,315.08,0.39,0.36,2026-08-21,2208,N,nominal,2.0NRT,300.79,1.95,N
24.50976,54.01717,335.5,0.41,0.37,2026-08-21,2208,N,nominal,2.0NRT,301.37,5.83,N
24.32875,54.47054,315.96,0.4,0.37,2026-08-21,2208,N,nominal,2.0NRT,302.23,1.4,N
24.32203,54.46935,314.73,0.4,0.37,2026-08-21,2208,N,nominal,2.0NRT,302.6,2.13,N
23.55466,58.19986,313.53,0.42,0.38,2026-08-21,2208,N,nominal,2.0NRT,301.63,0.66,N
24.00231,55.44154,312.89,0.39,0.36,2026-08-21,2208,N,nominal,2.0NRT,301.03,3.81,N
23.66472,54.3513,304.59,0.4,0.37,2026-08-21,2208,N,nominal,2.0NRT,290.92,0.62,N
23.19307,55.45877,323.52,0.38,0.36,2026-08-21,2208,N,nominal,2.0NRT,303.35,2.46,N
23.15436,55.4485,318.14,0.38,0.36,2026-08-21,2208,N,nominal,2.0NRT,303.11,1.17,N
23.31128,54.17712,317.36,0.4,0.37,2026-08-21,2208,N,nominal,2.0NRT,301.14,1.3,N
23.27845,54.25884,343.56,0.4,0.37,2026-08-21,2208,N,nominal,2.0NRT,305.73,11.74,N
23.27509,54.25826,336.92,0.4,0.37,2026-08-21,2208,N,nominal,2.0NRT,306.02,8.06,N
23.27452,54.26212,329.93,0.4,0.37,2026-08-21,2208,N,nominal,2.0NRT,302.7,8.06,N
22.88167,55.92781,324.13,0.38,0.36,2026-08-21,2208,N,nominal,2.0NRT,302.2,3.37,N
22.87897,55.92346,324.37,0.38,0.36,2026-08-21,2208,N,nominal,2.0NRT,301.93,1.37,N
22.87837,55.92719,344.8,0.38,0.36,2026-08-21,2208,N,nominal,2.0NRT,302.03,3.37,N
22.87367,55.61592,327.15,0.38,0.36,2026-08-21,2208,N,nominal,2.0NRT,302.79,2.01,N
22.87824,55.37178,335.89,0.38,0.36,2026-08-21,2208,N,nominal,2.0NRT,306.07,11.45,N
22.87765,55.3755,318.05,0.38,0.36,2026-08-21,2208,N,nominal,2.0NRT,304.61,7.65,N
22.87494,55.37117,314.78,0.38,0.36,2026-08-21,2208,N,nominal,2.0NRT,303.54,1.03,N
22.67307,56.251,334.23,0.39,0.36,2026-08-21,2208,N,nominal,2.0NRT,301.73,2.11,N
22.40808,56.98782,314.88,0.4,0.37,2026-08-21,2208,N,nominal,2.0NRT,299.78,1.84,N
22.40743,56.99168,313.38,0.4,0.37,2026-08-21,2208,N,nominal,2.0NRT,299.27,0.63,N
22.40407,56.99104,313.38,0.4,0.37,2026-08-21,2208,N,nominal,2.0NRT,299.55,0.63,N
22.44291,56.69816,332.69,0.39,0.37,2026-08-21,2208,N,nominal,2.0NRT,302.15,10.32,N
22.44227,56.70196,317.43,0.39,0.37,2026-08-21,2208,N,nominal,2.0NRT,302.76,10.32,N
22.32882,56.48957,336.79,0.39,0.36,2026-08-21,2210,N,nominal,2.0NRT,300.94,4.65,N
22.32798,56.47381,331.33,0.39,0.36,2026-08-21,2210,N,nominal,2.0NRT,301.53,1.28,N
21.93779,57.07164,326.52,0.4,0.37,2026-08-21,2210,N,nominal,2.0NRT,298.65,2.36,N
21.93712,57.07553,330.4,0.4,0.37,2026-08-21,2210,N,nominal,2.0NRT,298.5,2.36,N
21.89112,56.84793,327.39,0.4,0.37,2026-08-21,2210,N,nominal,2.0NRT,299.25,1.22,N
21.83515,56.67959,326.16,0.4,0.37,2026-08-21,2210,N,nominal,2.0NRT,300.04,2.01,N
21.33422,57.725,321.15,0.43,0.38,2026-08-21,2210,N,nominal,2.0NRT,296.75,1.22,N
21.32034,57.72228,325.94,0.43,0.38,2026-08-21,2210,N,nominal,2.0NRT,296.91,2.28,N
21.31259,57.7462,330.45,0.43,0.38,2026-08-21,2210,N,nominal,2.0NRT,297.03,2.86,N
21.3133,57.74208,319.28,0.43,0.38,2026-08-21,2210,N,nominal,2.0NRT,296.45,1.92,N
21.30323,57.79973,317.84,0.43,0.38,2026-08-21,2210,N,nominal,2.0NRT,296.59,1.46,N
21.29835,57.09784,310.21,0.41,0.37,2026-08-21,2210,N,nominal,2.0NRT,299.42,0.99,N
21.33362,56.69785,342.61,0.4,0.37,2026-08-21,2210,N,nominal,2.0NRT,304.07,12.15,N
20.98851,56.77284,311.18,0.4,0.37,2026-08-21,2210,N,nominal,2.0NRT,298.73,0.38,N
21.00124,56.53039,331.35,0.4,0.37,2026-08-21,2210,N,nominal,2.0NRT,300.14,2.37,N
20.39081,55.66155,320.48,0.39,0.36,2026-08-21,2210,N,nominal,2.0NRT,299.66,1.23,N
20.3875,55.66094,329.93,0.39,0.36,2026-08-21,2210,N,nominal,2.0NRT,299.23,2.67,N
20.38598,55.64927,325.02,0.39,0.36,2026-08-21,2210,N,nominal,2.0NRT,299.4,2.29,N
20.21257,55.71339,322.58,0.39,0.36,2026-08-21,2210,N,nominal,2.0NRT,298.72,0.85,N
18.69338,55.50425,329.95,0.39,0.36,2026-08-21,2210,N,nominal,2.0NRT,297.6,1.92,N
18.32417,55.10447,331.88,0.39,0.36,2026-08-21,2210,N,nominal,2.0NRT,300.26,2.16,N
18.32358,55.10811,311.25,0.39,0.36,2026-08-21,2210,N,nominal,2.0NRT,299.04,1.17,N
18.0354,54.64528,308.95,0.38,0.36,2026-08-21,2210,N,nominal,2.0NRT,298.52,0.73,N
18.01331,54.57097,308.57,0.38,0.36,2026-08-21,2210,N,nominal,2.0NRT,298.11,0.51,N
18.01274,54.57458,309.01,0.38,0.36,2026-08-21,2210,N,nominal,2.0NRT,297.69,0.51,N
6.42973,101.05301,335.79,0.72,0.75,2026-08-22,0553,N,nominal,2.0NRT,288.58,7.51,D
6.42785,101.05031,344.08,0.72,0.75,2026-08-22,0553,N,nominal,2.0NRT,288.52,10.3,D
39.82137,97.57796,331.17,0.47,0.48,2026-08-22,0603,N,low,2.0NRT,303.28,1.76,D
6.48299,101.12681,327.81,0.57,0.69,2026-08-22,0733,N,nominal,2.0NRT,289.17,4.42,D
6.17408,80.89262,328.94,0.32,0.55,2026-08-22,0735,N,nominal,2.0NRT,285.24,1.55,D
6.32669,81.36333,332.28,0.6,0.53,2026-08-22,0735,N,nominal,2.0NRT,291.14,4.03,D
6.34838,81.34315,342.58,0.6,0.53,2026-08-22,0735,N,nominal,2.0NRT,296.87,11.74,D
6.35328,81.34239,342.42,0.6,0.53,2026-08-22,0735,N,nominal,2.0NRT,292.37,11.74,D
6.4117,81.11542,350.41,0.62,0.54,2026-08-22,0735,N,nominal,2.0NRT,290.03,22.91,D
6.43771,81.08816,341.55,0.62,0.54,2026-08-22,0735,N,nominal,2.0NRT,289.68,8.35,D
6.439,81.09145,340.14,0.62,0.54,2026-08-22,0735,N,nominal,2.0NRT,289.27,6.58,D
6.76744,81.79575,335.16,0.55,0.51,2026-08-22,0735,N,nominal,2.0NRT,292.8,4.34,D
6.76594,81.58269,328.81,0.57,0.52,2026-08-22,0735,N,nominal,2.0NRT,288.58,6.37,D
6.76642,81.58532,330.53,0.57,0.52,2026-08-22,0735,N,nominal,2.0NRT,289.07,4.94,D
6.77002,81.52097,339.64,0.57,0.52,2026-08-22,0735,N,nominal,2.0NRT,288.65,4.78,D
6.72955,81.2878,331.18,0.6,0.53,2026-08-22,0735,N,nominal,2.0NRT,290.25,6.07,D
6.78047,81.52434,331.85,0.57,0.52,2026-08-22,0735,N,nominal,2.0NRT,289.22,5.67,D
6.71469,81.05596,336.11,0.62,0.54,2026-08-22,0735,N,nominal,2.0NRT,284.13,5.45,D
6.87433,81.61431,330.59,0.56,0.52,2026-08-22,0735,N,nominal,2.0NRT,292.71,7.21,D
6.87378,81.61257,330.28,0.56,0.52,2026-08-22,0735,N,nominal,2.0NRT,292.96,4.9,D
6.92842,80.95791,329.42,0.62,0.54,2026-08-22,0735,N,nominal,2.0NRT,291.57,3.47,D
7.32284,81.83524,332.59,0.54,0.5,2026-08-22,0735,N,nominal,2.0NRT,292.97,3.62,D
7.33841,81.84257,332.59,0.53,0.5,2026-08-22,0735,N,nominal,2.0NRT,292.75,4.32,D
7.32121,81.73981,333.03,0.54,0.51,2026-08-22,0735,N,nominal,2.0NRT,291.96,2.77,D
7.33737,81.80772,337.37,0.54,0.51,2026-08-22,0735,N,nominal,2.0NRT,293.59,3.98,D
7.33641,81.84488,343.04,0.53,0.5,2026-08-22,0735,N,nominal,2.0NRT,293.85,5.49,D
7.33425,81.80524,335.6,0.54,0.51,2026-08-22,0735,N,nominal,2.0NRT,293.68,4.57,D
7.36009,81.76063,341.67,0.54,0.51,2026-08-22,0735,N,nominal,2.0NRT,295.43,5.19,D
7.39444,81.76482,333.56,0.54,0.51,2026-08-22,0735,N,nominal,2.0NRT,295.13,4.55,D
7.4015,81.54913,346.53,0.56,0.51,2026-08-22,0735,N,nominal,2.0NRT,299.83,7.2,D
7.40222,81.54768,342.18,0.56,0.51,2026-08-22,0735,N,nominal,2.0NRT,300.09,8.19,D
7.4526,81.38583,343.64,0.57,0.52,2026-08-22,0735,N,nominal,2.0NRT,298.44,8.7,D
7.51929,81.26375,333.2,0.58,0.52,2026-08-22,0735,N,nominal,2.0NRT,292.03,7.14,D
7.87591,81.39789,334.98,0.56,0.52,2026-08-22,0735,N,nominal,2.0NRT,287.37,3.11,D
7.90395,81.47636,339.6,0.55,0.51,2026-08-22,0735,N,nominal,2.0NRT,289.96,4.51,D
7.68064,80.17931,327.95,0.34,0.56,2026-08-22,0735,N,nominal,2.0NRT,291.6,2.2,D
7.90481,81.42422,333.99,0.56,0.51,2026-08-22,0735,N,nominal,2.0NRT,288.13,3.86,D
8.0697,81.24239,341.28,0.57,0.52,2026-08-22,0735,N,nominal,2.0NRT,292.31,13.1,D
8.0688,81.23716,341.01,0.57,0.52,2026-08-22,0735,N,nominal,2.0NRT,293.77,13.1,D
8.13909,81.41647,334.56,0.55,0.51,2026-08-22,0735,N,nominal,2.0NRT,292.38,5.38,D
8.18642,81.32485,342.21,0.56,0.51,2026-08-22,0735,N,nominal,2.0NRT,292.39,9.57,D
8.3067,80.45334,338.58,0.32,0.54,2026-08-22,0735,N,nominal,2.0NRT,296.14,3.16,D
8.50192,80.8325,333.29,0.6,0.53,2026-08-22,0735,N,nominal,2.0NRT,292.81,4.76,D
8.61922,81.18944,333.89,0.56,0.52,2026-08-22,0735,N,nominal,2.0NRT,296.8,10.33,D
8.63243,80.87387,333.89,0.59,0.53,2026-08-22,0735,N,nominal,2.0NRT,296.65,3.96,D
8.38548,77.54631,332.37,0.5,0.66,2026-08-22,0735,N,nominal,2.0NRT,294.62,5.8,D
9.29744,77.75079,330.78,0.47,0.64,2026-08-22,0735,N,nominal,2.0NRT,287.77,1.45,D
9.29573,77.75149,333.98,0.47,0.64,2026-08-22,0737,N,nominal,2.0NRT,287.66,1.47,D
9.29351,77.3167,334.7,0.5,0.66,2026-08-22,0737,N,nominal,2.0NRT,287.41,7.09,D
10.75991,79.65319,336.62,0.33,0.55,2026-08-22,0737,N,nominal,2.0NRT,291.23,2.68,D
11.41039,78.7151,339.14,0.37,0.58,2026-08-22,0737,N,nominal,2.0NRT,297.26,1.96,D
11.40803,78.71432,336.41,0.37,0.58,2026-08-22,0737,N,nominal,2.0NRT,297.37,2.35,D
11.72925,78.6898,331.96,0.37,0.58,2026-08-22,0737,N,nominal,2.0NRT,290.07,1.86,D
11.72656,78.68904,333.4,0.37,0.58,2026-08-22,0737,N,nominal,2.0NRT,289.76,0.95,D
12.23923,79.42413,332.77,0.32,0.55,2026-08-22,0737,N,nominal,2.0NRT,295.75,2.81,D
15.16347,77.15242,330.11,0.4,0.6,2026-08-22,0737,N,nominal,2.0NRT,293.56,5.49,D
15.16272,77.14871,331.26,0.4,0.6,2026-08-22,0737,N,nominal,2.0NRT,293.65,5.69,D
15.20629,77.16636,337.41,0.4,0.6,2026-08-22,0737,N,nominal,2.0NRT,292.33,6.06,D
15.20609,77.16582,330.78,0.4,0.6,2026-08-22,0737,N,nominal,2.0NRT,292.09,6.3,D
16.19788,78.35836,333.26,0.32,0.54,2026-08-22,0737,N,nominal,2.0NRT,282.6,3.75,D
16.66123,77.32803,335.42,0.36,0.58,2026-08-22,0737,N,nominal,2.0NRT,294.4,4.72,D
21.92436,85.22442,328,0.38,0.36,2026-08-22,0739,N,nominal,2.0NRT,287.89,2.33,D
22.36426,87.3003,333.91,0.41,0.37,2026-08-22,0739,N,nominal,2.0NRT,294.57,3.04,D
22.36824,87.3037,339.4,0.41,0.37,2026-08-22,0739,N,nominal,2.0NRT,295.97,7.65,D
22.3785,87.27773,331.88,0.41,0.37,2026-08-22,0739,N,nominal,2.0NRT,294.66,4.94,D
23.55723,87.24088,336.79,0.41,0.37,2026-08-22,0739,N,nominal,2.0NRT,284.1,5.86,D
23.56066,87.24033,338.44,0.41,0.37,2026-08-22,0739,N,nominal,2.0NRT,285.8,5.86,D
23.55952,87.23223,339.73,0.41,0.37,2026-08-22,0739,N,nominal,2.0NRT,286.05,4.78,D
23.66381,87.15797,334.21,0.41,0.37,2026-08-22,0739,N,nominal,2.0NRT,298.17,2.97,D
23.66324,87.15393,339.39,0.41,0.37,2026-08-22,0739,N,nominal,2.0NRT,298.38,2.97,D
23.68436,86.39455,340.32,0.4,0.37,2026-08-22,0739,N,nominal,2.0NRT,296.73,6.05,D
23.76498,86.40456,340.68,0.4,0.37,2026-08-22,0739,N,nominal,2.0NRT,295.23,7.66,D
25.03907,96.37116,326.69,0.47,0.64,2026-08-22,0739,N,nominal,2.0NRT,287.84,3.74,D
25.38784,86.15111,332.18,0.4,0.37,2026-08-22,0739,N,nominal,2.0NRT,294.15,1.86,D
25.98661,90.07365,330.23,0.39,0.44,2026-08-22,0739,N,nominal,2.0NRT,278.18,2.88,D
29.45792,76.8695,330.42,0.44,0.46,2026-08-22,0741,N,nominal,2.0NRT,294.61,14.92,D
29.45699,76.86504,346.56,0.44,0.46,2026-08-22,0741,N,nominal,2.0NRT,298.27,13.33,D
29.46118,76.86392,339.97,0.44,0.46,2026-08-22,0741,N,nominal,2.0NRT,293.77,13.33,D
29.46026,76.85947,330.53,0.44,0.46,2026-08-22,0741,N,nominal,2.0NRT,292.28,13.33,D
29.88109,72.81339,338.62,0.37,0.58,2026-08-22,0741,N,nominal,2.0NRT,297.12,3.04,D
29.95708,72.17453,367,0.4,0.6,2026-08-22,0741,N,high,2.0NRT,296.48,15.89,D
30.0458,71.99122,335.37,0.4,0.6,2026-08-22,0744,N,nominal,2.0NRT,295.3,4.78,D
30.04478,71.98708,347.51,0.4,0.6,2026-08-22,0744,N,nominal,2.0NRT,295.46,4.78,D
30.57678,72.26831,330.49,0.38,0.59,2026-08-22,0744,N,nominal,2.0NRT,294.83,1.63,D
30.57812,72.26745,331.67,0.38,0.59,2026-08-22,0744,N,nominal,2.0NRT,294.64,1.88,D
31.57732,73.91469,334.27,0.58,0.52,2026-08-22,0744,N,nominal,2.0NRT,294.19,6,D
31.24405,70.69089,331.79,0.45,0.63,2026-08-22,0744,N,nominal,2.0NRT,293.6,2.99,D
35.78005,71.34366,367,0.32,0.55,2026-08-22,0744,N,high,2.0NRT,310.03,5.71,D
35.77949,71.34142,352.2,0.32,0.55,2026-08-22,0744,N,nominal,2.0NRT,306.67,5.71,D
35.78503,71.34227,337.64,0.32,0.55,2026-08-22,0744,N,nominal,2.0NRT,304.99,3.86,D
38.04831,67.26833,335.39,0.46,0.63,2026-08-22,0746,N,nominal,2.0NRT,304.42,4.17,D
38.04692,67.26335,333.96,0.46,0.63,2026-08-22,0746,N,low,2.0NRT,303.98,4.17,D
38.05399,67.26611,349.34,0.46,0.63,2026-08-22,0746,N,nominal,2.0NRT,303.41,4.17,D
38.05263,67.26122,347.43,0.46,0.63,2026-08-22,0746,N,nominal,2.0NRT,303.31,4.17,D
38.05235,67.26344,367,0.46,0.63,2026-08-22,0746,N,high,2.0NRT,306.07,16.88,D
39.15845,62.583,338.57,0.72,0.76,2026-08-22,0746,N,nominal,2.0NRT,305.81,10.23,D
18.32018,55.10698,342.06,0.43,0.46,2026-08-22,0920,N,low,2.0NRT,314.75,1.12,D
18.32435,55.10613,345.19,0.43,0.46,2026-08-22,0920,N,nominal,2.0NRT,314.66,2.21,D
25.38739,68.584,336.12,0.33,0.55,2026-08-22,0922,N,nominal,2.0NRT,295.4,2.2,D
24.51085,54.01896,342.98,0.39,0.44,2026-08-22,0922,N,nominal,2.0NRT,302.45,10.44,D
25.49902,54.30623,341,0.54,0.42,2026-08-22,0922,N,nominal,2.0NRT,301.94,8.92,D
27.98401,67.76065,341.56,0.63,0.54,2026-08-22,0922,N,nominal,2.0NRT,301.65,7.99,D
28.3031,67.9019,336.01,0.32,0.55,2026-08-22,0922,N,nominal,2.0NRT,301.41,1.66,D
30.07782,72.41095,338.8,0.63,0.72,2026-08-22,0924,N,nominal,2.0NRT,292.54,5.66,D
33.75229,59.1496,337.75,0.41,0.37,2026-08-22,0924,N,low,2.0NRT,312.64,4.55,D
37.03482,62.41676,343.04,0.4,0.44,2026-08-22,0926,N,low,2.0NRT,316.58,10.1,D
37.11519,62.36419,342.5,0.4,0.44,2026-08-22,0926,N,low,2.0NRT,316.01,7.84,D
37.11929,62.36357,347.25,0.4,0.44,2026-08-22,0926,N,nominal,2.0NRT,317.05,14.72,D
37.18016,60.67069,336.9,0.5,0.41,2026-08-22,0926,N,nominal,2.0NRT,305.8,3.2,D
37.18106,60.57891,336.63,0.49,0.41,2026-08-22,0926,N,low,2.0NRT,309.45,4.47,D
37.27179,60.80356,332.89,0.51,0.41,2026-08-22,0926,N,low,2.0NRT,304.99,1.97,D
37.59217,61.52861,342.37,0.55,0.43,2026-08-22,0926,N,low,2.0NRT,314.98,10.81,D
37.79461,60.45238,341.15,0.5,0.41,2026-08-22,0926,N,nominal,2.0NRT,310.22,0.96,D
37.83928,60.64252,343.43,0.51,0.41,2026-08-22,0926,N,nominal,2.0NRT,310.16,5.89,D
37.84749,60.64696,350.4,0.51,0.41,2026-08-22,0926,N,nominal,2.0NRT,318.06,36.23,D
37.84684,60.64119,340.7,0.51,0.41,2026-08-22,0926,N,low,2.0NRT,312.55,10.07,D
38.78062,66.33685,336.3,0.34,0.56,2026-08-22,0926,N,low,2.0NRT,310.34,1.82,D
38.14932,58.39507,336.17,0.42,0.38,2026-08-22,0926,N,low,2.0NRT,308.58,2.7,D
39.1555,62.58711,347.29,0.43,0.46,2026-08-22,0926,N,low,2.0NRT,317.62,11.2,D
38.94323,56.47028,336.11,0.39,0.36,2026-08-22,0926,N,nominal,2.0NRT,304.14,3.54,D
38.9426,56.46579,347.22,0.39,0.36,2026-08-22,0926,N,nominal,2.0NRT,304.71,4.89,D
38.94656,56.46949,336.37,0.39,0.36,2026-08-22,0926,N,nominal,2.0NRT,303.64,3.54,D
38.94591,56.46501,339.29,0.39,0.36,2026-08-22,0926,N,nominal,2.0NRT,305.3,4.89,D
38.94527,56.46053,351.61,0.39,0.36,2026-08-22,0926,N,nominal,2.0NRT,307,4.89,D
38.94859,56.45974,331.7,0.39,0.36,2026-08-22,0926,N,nominal,2.0NRT,293.7,0.36,D
38.6474,54.28284,343.79,0.39,0.36,2026-08-22,0926,N,low,2.0NRT,316.54,4.69,D
38.68042,54.31579,346.77,0.39,0.36,2026-08-22,0926,N,nominal,2.0NRT,314.22,3.9,D
39.28967,55.88773,347.91,0.39,0.36,2026-08-22,0926,N,nominal,2.0NRT,310.98,6.27,D
39.29186,55.88847,338.26,0.39,0.36,2026-08-22,0926,N,low,2.0NRT,310.63,7.07,D
6.1831,101.4361,305.59,0.43,0.46,2026-08-22,1832,N,nominal,2.0NRT,292.05,0.6,N
6.18369,101.43342,308.83,0.43,0.46,2026-08-22,1832,N,nominal,2.0NRT,291.85,0.91,N
26.62849,101.49109,300.54,0.39,0.59,2026-08-22,1826,N,nominal,2.0NRT,285.61,0.94,N
26.62877,101.49072,300.32,0.39,0.59,2026-08-22,1826,N,nominal,2.0NRT,285.57,0.58,N
26.6208,101.45353,305.45,0.39,0.6,2026-08-22,1826,N,nominal,2.0NRT,285.91,0.91,N
26.57516,101.66356,355.85,0.38,0.59,2026-08-22,1826,N,nominal,2.0NRT,287.66,8.16,N
26.56324,101.67413,305.04,0.38,0.59,2026-08-22,1826,N,nominal,2.0NRT,287.18,1.49,N
26.56289,101.67829,305.71,0.38,0.59,2026-08-22,1826,N,nominal,2.0NRT,287.17,1.49,N
26.38049,101.9739,299.63,0.36,0.58,2026-08-22,1826,N,nominal,2.0NRT,286.1,0.74,N
26.01092,101.71115,299.74,0.37,0.58,2026-08-22,1826,N,nominal,2.0NRT,285.61,0.94,N
28.66381,77.57708,314.6,0.33,0.56,2026-08-22,2008,N,nominal,2.0NRT,288.43,1.14,N
28.34062,77.22081,299.75,0.35,0.57,2026-08-22,2008,N,nominal,2.0NRT,275.94,0.35,N
25.5415,91.23676,301.27,0.54,0.42,2026-08-22,2008,N,nominal,2.0NRT,277.81,1.22,N
24.11502,86.85769,307.86,0.39,0.36,2026-08-22,2008,N,nominal,2.0NRT,282.2,1.07,N
24.1144,86.86147,308.81,0.39,0.36,2026-08-22,2008,N,nominal,2.0NRT,283.21,1.07,N
10.93126,77.0644,306.28,0.43,0.46,2026-08-22,2012,N,nominal,2.0NRT,289.45,0.62,N
23.6964,87.09367,297.41,0.39,0.36,2026-08-22,2008,N,nominal,2.0NRT,264.68,0.29,N
10.92703,77.06378,300.75,0.43,0.46,2026-08-22,2012,N,nominal,2.0NRT,289.03,0.53,N
23.69195,87.12051,297.67,0.39,0.36,2026-08-22,2008,N,nominal,2.0NRT,263.87,0.48,N
23.69131,87.12435,295.39,0.39,0.36,2026-08-22,2008,N,nominal,2.0NRT,264.22,0.16,N
10.68565,77.50634,316.98,0.4,0.44,2026-08-22,2012,N,nominal,2.0NRT,292.29,1.55,N
23.68862,87.11987,296.46,0.39,0.36,2026-08-22,2008,N,nominal,2.0NRT,263.58,0.15,N
10.61528,77.4217,309.99,0.41,0.45,2026-08-22,2012,N,nominal,2.0NRT,292.12,0.7,N
23.80406,86.32982,334.6,0.39,0.36,2026-08-22,2008,N,nominal,2.0NRT,287.18,2.14,N
10.2395,77.21495,306.04,0.41,0.45,2026-08-22,2012,N,nominal,2.0NRT,285.61,1.38,N
23.80466,86.32607,305.78,0.39,0.36,2026-08-22,2008,N,nominal,2.0NRT,285.54,2.14,N
10.08541,77.24478,316.57,0.41,0.45,2026-08-22,2012,N,nominal,2.0NRT,289.35,1.5,N
23.80196,86.32169,327.12,0.39,0.36,2026-08-22,2008,N,nominal,2.0NRT,285.89,3.01,N
10.0821,77.23841,305.95,0.41,0.45,2026-08-22,2012,N,nominal,2.0NRT,289.39,1.95,N
23.80076,86.32919,313.28,0.39,0.36,2026-08-22,2008,N,nominal,2.0NRT,285.2,2.14,N
9.63003,77.42585,299.48,0.39,0.44,2026-08-22,2012,N,nominal,2.0NRT,270.94,0.75,N
23.79713,86.35172,318.21,0.39,0.36,2026-08-22,2008,N,nominal,2.0NRT,285.52,2.06,N
9.00172,80.64706,309.5,0.41,0.37,2026-08-22,2012,N,nominal,2.0NRT,281.17,1.01,N
23.66556,87.15495,297.9,0.39,0.37,2026-08-22,2008,N,nominal,2.0NRT,268.08,0.53,N
8.55599,80.63945,303.77,0.4,0.37,2026-08-22,2012,N,nominal,2.0NRT,269.28,0.71,N
23.66493,87.15879,298.22,0.39,0.37,2026-08-22,2008,N,nominal,2.0NRT,265.75,0.19,N
23.79383,86.35108,309.25,0.39,0.36,2026-08-22,2008,N,nominal,2.0NRT,285.21,1.52,N
8.06492,80.76916,299.13,0.4,0.37,2026-08-22,2012,N,nominal,2.0NRT,273.3,0.42,N
23.66223,87.1543,310.48,0.39,0.37,2026-08-22,2008,N,nominal,2.0NRT,267.81,1.5,N
8.06154,80.76864,336.76,0.4,0.37,2026-08-22,2012,N,nominal,2.0NRT,274.31,4.08,N
23.78057,86.39111,317.42,0.39,0.36,2026-08-22,2008,N,nominal,2.0NRT,285.83,1.76,N
7.91703,81.22473,299.45,0.39,0.36,2026-08-22,2012,N,nominal,2.0NRT,280.44,0.37,N
23.78514,86.3417,309.47,0.39,0.36,2026-08-22,2008,N,nominal,2.0NRT,284.94,1.08,N
7.90925,81.23074,301.02,0.39,0.36,2026-08-22,2012,N,nominal,2.0NRT,281.8,0.31,N
23.7803,86.37172,308.3,0.39,0.36,2026-08-22,2008,N,nominal,2.0NRT,284.73,1.29,N
7.21913,81.1442,302.36,0.39,0.36,2026-08-22,2014,N,nominal,2.0NRT,284.96,0.46,N
23.77787,86.38673,312.67,0.39,0.36,2026-08-22,2008,N,nominal,2.0NRT,284.99,2.2,N
7.10348,80.99658,301.12,0.39,0.36,2026-08-22,2014,N,nominal,2.0NRT,281.62,0.77,N
23.77727,86.39049,314.36,0.39,0.36,2026-08-22,2008,N,nominal,2.0NRT,284.97,1.76,N
6.96207,81.59312,320.4,0.38,0.36,2026-08-22,2014,N,nominal,2.0NRT,277.46,1.71,N
23.78062,86.34858,315.53,0.39,0.36,2026-08-22,2008,N,nominal,2.0NRT,284.61,2.08,N
23.77457,86.38611,308.73,0.39,0.36,2026-08-22,2008,N,nominal,2.0NRT,285.05,1.52,N
7.01209,81.18801,317.06,0.39,0.36,2026-08-22,2014,N,nominal,2.0NRT,277.21,1.6,N
23.7749,86.36295,322.61,0.39,0.36,2026-08-22,2008,N,nominal,2.0NRT,284.94,2.66,N
7.00877,81.18748,299.81,0.39,0.36,2026-08-22,2014,N,nominal,2.0NRT,275.77,0.91,N
23.76823,86.40426,313.83,0.39,0.36,2026-08-22,2008,N,nominal,2.0NRT,284.92,1.61,N
7.00823,81.19087,298.18,0.39,0.36,2026-08-22,2014,N,nominal,2.0NRT,276.65,0.43,N
23.76493,86.40363,327.37,0.39,0.36,2026-08-22,2008,N,nominal,2.0NRT,285.66,2.89,N
6.93446,81.59588,298.79,0.38,0.36,2026-08-22,2014,N,nominal,2.0NRT,276.78,0.56,N
23.76554,86.39987,309.21,0.39,0.36,2026-08-22,2008,N,nominal,2.0NRT,284.91,1.64,N
6.85888,81.5591,306.71,0.38,0.36,2026-08-22,2014,N,nominal,2.0NRT,280.03,0.4,N
23.76163,86.403,325.95,0.39,0.36,2026-08-22,2008,N,nominal,2.0NRT,285.26,2.89,N
23.76345,86.39174,307.6,0.39,0.36,2026-08-22,2008,N,nominal,2.0NRT,284.56,2.08,N
6.939,80.96082,304.14,0.39,0.36,2026-08-22,2014,N,nominal,2.0NRT,271.98,0.74,N
23.76224,86.39925,308.2,0.39,0.36,2026-08-22,2008,N,nominal,2.0NRT,284.46,1.64,N
6.93567,80.96031,295.53,0.39,0.36,2026-08-22,2014,N,nominal,2.0NRT,270.9,0.54,N
23.75833,86.40237,321.39,0.39,0.36,2026-08-22,2008,N,nominal,2.0NRT,285.21,1.76,N
6.78544,81.53284,306.42,0.38,0.36,2026-08-22,2014,N,nominal,2.0NRT,280.53,0.66,N
23.75772,86.40613,307.26,0.39,0.36,2026-08-22,2008,N,nominal,2.0NRT,284.32,1.76,N
6.81436,81.30598,317.36,0.39,0.36,2026-08-22,2014,N,nominal,2.0NRT,278.17,1.46,N
23.75259,86.41676,310.5,0.39,0.36,2026-08-22,2008,N,nominal,2.0NRT,284.06,1.47,N
23.78252,86.20982,306.98,0.38,0.36,2026-08-22,2008,N,nominal,2.0NRT,282.05,1.47,N
6.81104,81.30546,310.87,0.39,0.36,2026-08-22,2014,N,nominal,2.0NRT,277.41,1.46,N
23.75233,86.39735,305.3,0.39,0.36,2026-08-22,2008,N,nominal,2.0NRT,281.57,0.95,N
6.59516,81.25749,337.62,0.39,0.36,2026-08-22,2014,N,nominal,2.0NRT,282.28,3.59,N
23.77922,86.20919,321.79,0.38,0.36,2026-08-22,2008,N,nominal,2.0NRT,282.09,1.47,N
23.77592,86.20858,303.47,0.38,0.36,2026-08-22,2008,N,nominal,2.0NRT,281.17,1.6,N
23.73633,86.43303,330.14,0.39,0.36,2026-08-22,2008,N,nominal,2.0NRT,283.11,2.38,N
23.73694,86.42928,308.1,0.39,0.36,2026-08-22,2008,N,nominal,2.0NRT,282.51,2.38,N
23.77112,86.19609,308.73,0.38,0.36,2026-08-22,2008,N,nominal,2.0NRT,280.99,0.57,N
23.77052,86.19984,302.18,0.38,0.36,2026-08-22,2008,N,nominal,2.0NRT,281.08,0.57,N
23.72453,86.4237,303.85,0.39,0.36,2026-08-22,2008,N,nominal,2.0NRT,274.68,1.02,N
23.7182,86.44186,306.47,0.39,0.36,2026-08-22,2008,N,nominal,2.0NRT,277.84,1.76,N
23.71368,86.44874,305.31,0.39,0.36,2026-08-22,2008,N,nominal,2.0NRT,275.58,1.28,N
23.71307,86.4525,314.36,0.39,0.36,2026-08-22,2008,N,nominal,2.0NRT,274.01,1.28,N
23.71462,86.42181,307.49,0.39,0.36,2026-08-22,2008,N,nominal,2.0NRT,278.36,1.19,N
23.71037,86.44811,316.07,0.39,0.36,2026-08-22,2008,N,nominal,2.0NRT,277.41,1.4,N
23.70707,86.44749,302.79,0.39,0.36,2026-08-22,2008,N,nominal,2.0NRT,275.82,1.4,N
23.68522,86.39298,318.66,0.39,0.36,2026-08-22,2008,N,nominal,2.0NRT,280.76,2.79,N
23.68131,86.39611,312.42,0.39,0.36,2026-08-22,2008,N,nominal,2.0NRT,281.27,1.78,N
23.67801,86.39548,313.67,0.39,0.36,2026-08-22,2008,N,nominal,2.0NRT,280.63,1.47,N
23.6774,86.39924,318.96,0.39,0.36,2026-08-22,2008,N,nominal,2.0NRT,280.77,1.47,N
23.6741,86.39861,304.95,0.39,0.36,2026-08-22,2008,N,nominal,2.0NRT,279.27,1.47,N
23.67349,86.40237,303.05,0.39,0.36,2026-08-22,2008,N,nominal,2.0NRT,278.73,1.25,N
23.75756,85.85487,312.65,0.38,0.36,2026-08-22,2008,N,nominal,2.0NRT,284.12,1.37,N
23.75485,85.8505,304.65,0.38,0.36,2026-08-22,2008,N,nominal,2.0NRT,283.43,1.25,N
23.75426,85.85425,314.65,0.38,0.36,2026-08-22,2008,N,nominal,2.0NRT,284.25,1.37,N
23.78804,85.55214,314.76,0.38,0.36,2026-08-22,2008,N,nominal,2.0NRT,282.58,1.26,N
23.78473,85.55153,303.07,0.38,0.36,2026-08-22,2008,N,nominal,2.0NRT,281.53,0.47,N
23.78123,85.57403,305.43,0.38,0.36,2026-08-22,2008,N,nominal,2.0NRT,284.26,1.57,N
23.68207,86.09506,304.46,0.38,0.36,2026-08-22,2008,N,nominal,2.0NRT,271.19,0.33,N
23.68147,86.0988,300.33,0.38,0.36,2026-08-22,2008,N,nominal,2.0NRT,272.9,0.33,N
23.67667,86.08633,308.2,0.38,0.36,2026-08-22,2008,N,nominal,2.0NRT,279.07,0.83,N
23.74471,85.50642,307.52,0.39,0.36,2026-08-22,2008,N,nominal,2.0NRT,284.25,0.62,N
23.82765,84.92325,302.42,0.39,0.36,2026-08-22,2008,N,nominal,2.0NRT,282.28,0.43,N
23.82564,84.57165,302.04,0.4,0.37,2026-08-22,2008,N,nominal,2.0NRT,273.03,0.72,N
23.82228,84.57104,302.53,0.4,0.37,2026-08-22,2008,N,nominal,2.0NRT,272.31,0.72,N
23.71059,85.28751,308.75,0.39,0.36,2026-08-22,2008,N,nominal,2.0NRT,280.99,0.8,N
23.69452,85.36971,308.97,0.39,0.36,2026-08-22,2008,N,nominal,2.0NRT,283.86,1.49,N
23.73948,85.00904,310.65,0.39,0.36,2026-08-22,2008,N,nominal,2.0NRT,285.88,1.92,N
23.65651,85.50643,302.38,0.38,0.36,2026-08-22,2008,N,nominal,2.0NRT,280.17,0.82,N
23.67462,85.32437,304.67,0.39,0.36,2026-08-22,2008,N,nominal,2.0NRT,283.89,1.02,N
23.71957,85.01024,308.24,0.39,0.36,2026-08-22,2008,N,nominal,2.0NRT,282.87,0.74,N
23.65051,85.43587,306.44,0.39,0.36,2026-08-22,2008,N,nominal,2.0NRT,281.3,0.53,N
23.64993,85.43962,303.86,0.39,0.36,2026-08-22,2008,N,nominal,2.0NRT,281.64,0.53,N
23.6472,85.43526,304.38,0.39,0.36,2026-08-22,2008,N,nominal,2.0NRT,280.87,0.88,N
23.64662,85.43901,314.18,0.39,0.36,2026-08-22,2008,N,nominal,2.0NRT,281.11,0.88,N
23.60973,85.67503,308.45,0.38,0.36,2026-08-22,2008,N,nominal,2.0NRT,282.97,0.76,N
23.66699,84.99687,305.87,0.39,0.36,2026-08-22,2008,N,nominal,2.0NRT,284.1,0.78,N
23.6631,85.00007,307.72,0.39,0.36,2026-08-22,2008,N,nominal,2.0NRT,284.51,0.78,N
24.71618,75.953,302.53,0.38,0.59,2026-08-22,2008,N,nominal,2.0NRT,287.47,0.56,N
24.66097,74.6322,303.48,0.46,0.64,2026-08-22,2008,N,nominal,2.0NRT,289.72,1.35,N
22.87344,86.06319,316.43,0.38,0.36,2026-08-22,2008,N,nominal,2.0NRT,285.9,1.49,N
22.79591,86.2062,303.11,0.39,0.36,2026-08-22,2008,N,nominal,2.0NRT,279.63,0.85,N
22.792,86.20931,306.36,0.39,0.36,2026-08-22,2008,N,nominal,2.0NRT,280.75,1.59,N
22.808,86.08934,301.5,0.39,0.36,2026-08-22,2008,N,nominal,2.0NRT,280.42,0.51,N
22.79791,86.09208,316.12,0.39,0.36,2026-08-22,2008,N,nominal,2.0NRT,280.64,1.36,N
22.78465,86.0052,304.08,0.38,0.36,2026-08-22,2008,N,nominal,2.0NRT,284.43,0.64,N
23.16562,82.3415,305.08,0.46,0.39,2026-08-22,2008,N,nominal,2.0NRT,263.61,0.63,N
22.6097,85.91267,309.26,0.38,0.36,2026-08-22,2008,N,nominal,2.0NRT,282.62,1.21,N
22.59049,85.90527,309.42,0.38,0.36,2026-08-22,2008,N,nominal,2.0NRT,289.55,2.02,N
22.57577,85.89106,308.49,0.38,0.36,2026-08-22,2008,N,nominal,2.0NRT,290.06,1.53,N
22.57247,85.89046,309.05,0.38,0.36,2026-08-22,2008,N,nominal,2.0NRT,289.7,1.49,N
22.57128,85.89787,311.38,0.38,0.36,2026-08-22,2008,N,nominal,2.0NRT,289.7,1.74,N
22.22124,84.75909,302.73,0.39,0.36,2026-08-22,2008,N,nominal,2.0NRT,283,0.71,N
22.21849,84.75478,306.41,0.39,0.36,2026-08-22,2008,N,nominal,2.0NRT,283.8,0.71,N
22.05333,85.46575,299.31,0.38,0.36,2026-08-22,2008,N,nominal,2.0NRT,275.48,0.32,N
22.06613,83.70398,312.11,0.41,0.37,2026-08-22,2008,N,nominal,2.0NRT,286.88,1.05,N
22.01341,83.75511,304.08,0.4,0.37,2026-08-22,2008,N,nominal,2.0NRT,286.39,1.06,N
22.03156,83.36552,308.14,0.41,0.37,2026-08-22,2008,N,nominal,2.0NRT,285.71,1.15,N
22.03203,83.36678,303.47,0.41,0.37,2026-08-22,2008,N,nominal,2.0NRT,285.55,1.44,N
22.00386,82.66874,310.8,0.44,0.38,2026-08-22,2008,N,nominal,2.0NRT,278.79,1.93,N
21.00038,86.02657,299.94,0.39,0.36,2026-08-22,2008,N,nominal,2.0NRT,273.93,0.51,N
20.9735,86.00627,304.37,0.39,0.36,2026-08-22,2008,N,nominal,2.0NRT,278.98,1.39,N
20.96958,86.00936,330.3,0.39,0.36,2026-08-22,2008,N,nominal,2.0NRT,280.45,2.65,N
20.96898,86.01307,319.71,0.39,0.36,2026-08-22,2008,N,nominal,2.0NRT,280.53,2.65,N
20.95027,86.04403,300.51,0.39,0.36,2026-08-22,2008,N,nominal,2.0NRT,276.88,1.39,N
20.94061,86.0614,305,0.39,0.36,2026-08-22,2008,N,nominal,2.0NRT,276.55,0.62,N
20.88578,84.98428,304.65,0.38,0.36,2026-08-22,2008,N,nominal,2.0NRT,286.19,1.23,N
20.87026,84.99661,305.12,0.38,0.36,2026-08-22,2008,N,nominal,2.0NRT,285.6,1.75,N
20.86481,84.9881,309.45,0.38,0.36,2026-08-22,2008,N,nominal,2.0NRT,284.82,1.27,N
20.86423,84.99176,305.53,0.38,0.36,2026-08-22,2008,N,nominal,2.0NRT,284.32,1.15,N
21.109,72.63563,296.9,0.57,0.69,2026-08-22,2010,N,nominal,2.0NRT,276.1,2.38,N
21.10811,72.64683,299.65,0.56,0.69,2026-08-22,2010,N,nominal,2.0NRT,276.31,1.89,N
21.10257,72.63496,314.08,0.57,0.69,2026-08-22,2010,N,nominal,2.0NRT,277.35,3.3,N
21.10789,72.63438,297.41,0.57,0.69,2026-08-22,2010,N,nominal,2.0NRT,276.62,1.56,N
21.10692,72.64557,306.14,0.56,0.69,2026-08-22,2010,N,nominal,2.0NRT,276.15,2.11,N
21.10145,72.63374,312.46,0.57,0.69,2026-08-22,2010,N,nominal,2.0NRT,278.17,2.52,N
17.14179,77.18325,300.35,0.51,0.5,2026-08-22,2010,N,nominal,2.0NRT,286.5,0.97,N
15.18365,76.66782,299.67,0.52,0.5,2026-08-22,2010,N,nominal,2.0NRT,269.5,3.25,N
15.17784,76.67703,302.6,0.52,0.5,2026-08-22,2010,N,nominal,2.0NRT,271.96,2.83,N
15.18495,76.66499,295.13,0.52,0.5,2026-08-22,2010,N,nominal,2.0NRT,269.54,1.01,N
15.18033,76.66441,296.01,0.52,0.5,2026-08-22,2010,N,nominal,2.0NRT,270.58,1.2,N
15.17907,76.67417,298.84,0.52,0.5,2026-08-22,2010,N,nominal,2.0NRT,271.44,1.99,N
11.81559,77.91829,302.45,0.39,0.44,2026-08-22,2012,N,nominal,2.0NRT,280.35,1.22,N
39.86338,98.25665,305.3,0.44,0.46,2026-08-22,2004,N,nominal,2.0NRT,288.5,0.81,N
39.85928,98.25501,306.54,0.44,0.46,2026-08-22,2004,N,nominal,2.0NRT,288.44,0.96,N
39.86015,98.25357,311.81,0.44,0.46,2026-08-22,2004,N,nominal,2.0NRT,288.66,2.68,N
39.84628,98.27538,305.37,0.44,0.46,2026-08-22,2004,N,nominal,2.0NRT,287.18,0.65,N
39.84216,98.27374,304.49,0.44,0.46,2026-08-22,2004,N,nominal,2.0NRT,287.47,0.79,N
39.82226,98.28236,301.22,0.44,0.46,2026-08-22,2004,N,nominal,2.0NRT,289.75,1.93,N
39.81056,98.29429,310.86,0.44,0.46,2026-08-22,2004,N,nominal,2.0NRT,290.38,1.49,N
39.8094,98.29937,306.13,0.44,0.46,2026-08-22,2004,N,nominal,2.0NRT,290.54,1.49,N
39.6838,98.5229,301.9,0.46,0.47,2026-08-22,2004,N,nominal,2.0NRT,288.62,1.15,N
37.34826,97.40997,299.33,0.45,0.47,2026-08-22,2004,N,nominal,2.0NRT,283.49,1.03,N
38.92393,88.32388,303.35,0.4,0.37,2026-08-22,2004,N,nominal,2.0NRT,291.74,0.61,N
35.98956,94.83291,298.28,0.54,0.42,2026-08-22,2004,N,nominal,2.0NRT,277.92,1.45,N
30.75628,56.6595,320.92,0.39,0.44,2026-08-22,2148,N,nominal,2.0NRT,295.36,1.37,N
30.75676,56.65537,306.9,0.39,0.44,2026-08-22,2148,N,nominal,2.0NRT,295.66,1.37,N
30.66564,56.62199,312.37,0.39,0.44,2026-08-22,2148,N,nominal,2.0NRT,292.82,1.16,N
28.42265,69.70271,306.25,0.52,0.5,2026-08-22,2148,N,nominal,2.0NRT,293.81,1.24,N
30.39001,55.7647,304.86,0.43,0.46,2026-08-22,2148,N,nominal,2.0NRT,292.93,0.69,N
30.37948,55.86322,304.46,0.43,0.46,2026-08-22,2148,N,nominal,2.0NRT,292.92,0.81,N
30.23509,56.9063,319.74,0.56,0.43,2026-08-22,2148,N,nominal,2.0NRT,294.62,2.28,N
30.32529,55.97289,306.32,0.42,0.45,2026-08-22,2148,N,nominal,2.0NRT,293.09,0.58,N
30.32112,55.97232,305.42,0.42,0.45,2026-08-22,2148,N,nominal,2.0NRT,292.45,0.58,N
30.32406,55.97482,314.93,0.42,0.45,2026-08-22,2148,N,nominal,2.0NRT,293.39,1.44,N
30.21725,55.98387,309.05,0.42,0.45,2026-08-22,2148,N,nominal,2.0NRT,291.79,1.4,N
30.21615,55.98503,307.89,0.42,0.45,2026-08-22,2148,N,nominal,2.0NRT,291.52,1.23,N
29.47558,60.80757,307.65,0.39,0.36,2026-08-22,2148,N,nominal,2.0NRT,293.3,0.89,N
30.08201,55.39921,309.62,0.45,0.47,2026-08-22,2148,N,nominal,2.0NRT,293.71,1.75,N
29.92936,56.73306,303.41,0.57,0.43,2026-08-22,2148,N,nominal,2.0NRT,292.03,2.32,N
29.92759,56.73228,309.15,0.57,0.43,2026-08-22,2148,N,nominal,2.0NRT,292.25,2.87,N
29.99177,55.85199,340.01,0.42,0.45,2026-08-22,2148,N,nominal,2.0NRT,291.34,9.17,N
39.70784,67.11292,298.76,0.4,0.37,2026-08-22,2144,N,nominal,2.0NRT,287.51,0.38,N
39.85423,66.20155,311.56,0.39,0.36,2026-08-22,2146,N,nominal,2.0NRT,292.64,1.72,N
39.60322,67.02683,318.45,0.4,0.37,2026-08-22,2146,N,nominal,2.0NRT,286.83,2.58,N
39.18636,65.28938,307.47,0.38,0.36,2026-08-22,2146,N,nominal,2.0NRT,293.54,1.42,N
39.18281,65.31142,305.79,0.38,0.36,2026-08-22,2146,N,nominal,2.0NRT,291.49,0.82,N
39.1821,65.31582,303.3,0.38,0.36,2026-08-22,2146,N,nominal,2.0NRT,290.91,0.47,N
39.30467,62.97652,300.95,0.4,0.37,2026-08-22,2146,N,nominal,2.0NRT,290.36,0.58,N
39.27886,63.08557,308.76,0.4,0.37,2026-08-22,2146,N,nominal,2.0NRT,289.4,1.17,N
39.25045,63.21237,319.56,0.4,0.37,2026-08-22,2146,N,nominal,2.0NRT,292.27,2.05,N
39.24897,63.17398,309.86,0.4,0.37,2026-08-22,2146,N,nominal,2.0NRT,291.78,0.82,N
39.20166,63.2388,302.71,0.4,0.37,2026-08-22,2146,N,nominal,2.0NRT,291.84,0.45,N
39.18602,63.34863,301.59,0.4,0.37,2026-08-22,2146,N,nominal,2.0NRT,290.73,0.46,N
39.20138,63.23594,302.07,0.4,0.37,2026-08-22,2146,N,nominal,2.0NRT,291.14,0.47,N
39.18085,63.35402,314.76,0.4,0.37,2026-08-22,2146,N,nominal,2.0NRT,291.84,0.74,N
39.13842,63.62066,302.62,0.39,0.36,2026-08-22,2146,N,nominal,2.0NRT,291.41,0.79,N
39.19661,63.19687,315.53,0.4,0.37,2026-08-22,2146,N,nominal,2.0NRT,290.95,1.14,N
39.19529,63.20604,302.97,0.4,0.37,2026-08-22,2146,N,nominal,2.0NRT,290.58,0.89,N
39.18605,63.27021,306.14,0.4,0.37,2026-08-22,2146,N,nominal,2.0NRT,291.1,0.66,N
39.17743,63.30599,301.69,0.4,0.37,2026-08-22,2146,N,nominal,2.0NRT,290.83,0.45,N
39.17271,63.2907,304.79,0.4,0.37,2026-08-22,2146,N,nominal,2.0NRT,291.67,0.6,N
39.16729,63.2563,305.14,0.4,0.37,2026-08-22,2146,N,nominal,2.0NRT,290.73,0.79,N
39.16663,63.26088,307.4,0.4,0.37,2026-08-22,2146,N,nominal,2.0NRT,291.11,0.79,N
39.16328,63.26009,308.47,0.4,0.37,2026-08-22,2146,N,nominal,2.0NRT,290.61,0.72,N
39.15473,63.31949,306.41,0.4,0.37,2026-08-22,2146,N,nominal,2.0NRT,290.5,0.72,N
39.13232,63.47412,302.36,0.39,0.36,2026-08-22,2146,N,nominal,2.0NRT,291.66,0.67,N
39.12697,63.46346,301.9,0.39,0.37,2026-08-22,2146,N,nominal,2.0NRT,291.4,0.53,N
39.13023,63.41727,311.95,0.39,0.37,2026-08-22,2146,N,nominal,2.0NRT,291.78,1.08,N
39.12864,63.30858,319.71,0.4,0.37,2026-08-22,2146,N,nominal,2.0NRT,292.55,1.64,N
39.05922,63.55018,304.2,0.39,0.36,2026-08-22,2146,N,nominal,2.0NRT,291.06,0.76,N
38.6809,65.95618,302.95,0.39,0.36,2026-08-22,2146,N,nominal,2.0NRT,292.07,0.81,N
39.05571,63.4441,310.12,0.39,0.36,2026-08-22,2146,N,nominal,2.0NRT,291.3,0.88,N
38.94244,64.13486,301.72,0.39,0.36,2026-08-22,2146,N,nominal,2.0NRT,291.55,1.02,N
39.00388,63.53922,302.99,0.39,0.36,2026-08-22,2146,N,nominal,2.0NRT,290.22,0.37,N
38.97204,63.59216,302.73,0.39,0.36,2026-08-22,2146,N,nominal,2.0NRT,291.6,0.61,N
38.96808,63.61912,304.84,0.39,0.36,2026-08-22,2146,N,nominal,2.0NRT,290.66,0.44,N
26.25974,74.09682,301.85,0.53,0.67,2026-08-22,2148,N,nominal,2.0NRT,288.7,0.87,N
38.93832,63.82055,305.44,0.39,0.36,2026-08-22,2146,N,nominal,2.0NRT,290.77,0.91,N
38.97648,63.46727,307.22,0.39,0.36,2026-08-22,2146,N,nominal,2.0NRT,293.57,0.83,N
38.97315,63.46647,302.34,0.39,0.36,2026-08-22,2146,N,nominal,2.0NRT,291.4,0.83,N
38.91647,63.80596,306.71,0.39,0.36,2026-08-22,2146,N,nominal,2.0NRT,290.67,0.85,N
38.91116,63.79543,302.56,0.39,0.36,2026-08-22,2146,N,nominal,2.0NRT,289.47,0.27,N
38.87122,63.7974,315.52,0.39,0.36,2026-08-22,2146,N,nominal,2.0NRT,289.86,1.65,N
28.96963,58.85599,308.11,0.44,0.38,2026-08-22,2148,N,nominal,2.0NRT,295.38,0.93,N
38.83678,63.82129,313.68,0.39,0.36,2026-08-22,2146,N,nominal,2.0NRT,291.37,1.38,N
38.78514,63.91456,306.04,0.39,0.36,2026-08-22,2146,N,nominal,2.0NRT,290.41,0.79,N
38.45464,65.80412,317.14,0.39,0.36,2026-08-22,2146,N,nominal,2.0NRT,292.67,1.36,N
28.91877,58.54018,326.68,0.45,0.39,2026-08-22,2148,N,nominal,2.0NRT,294.06,1.87,N
38.60461,64.7568,303.62,0.38,0.36,2026-08-22,2146,N,nominal,2.0NRT,293.5,0.86,N
29.15147,55.36764,307.04,0.44,0.46,2026-08-22,2148,N,nominal,2.0NRT,292.87,1.36,N
38.65359,63.98251,302.72,0.39,0.36,2026-08-22,2146,N,nominal,2.0NRT,290.73,0.4,N
38.65029,63.9817,306.39,0.39,0.36,2026-08-22,2146,N,nominal,2.0NRT,290.73,0.74,N
38.59273,64.04527,300.8,0.39,0.36,2026-08-22,2146,N,nominal,2.0NRT,290.66,0.26,N
38.05201,67.26485,337.33,0.42,0.38,2026-08-22,2146,N,nominal,2.0NRT,294.28,11.63,N
38.45288,64.35868,300.75,0.38,0.36,2026-08-22,2146,N,nominal,2.0NRT,290.57,0.51,N
39.51102,54.32725,309.99,0.33,0.55,2026-08-22,2146,N,nominal,2.0NRT,296.1,1.19,N
38.28611,64.38251,309.49,0.38,0.36,2026-08-22,2146,N,nominal,2.0NRT,291.2,0.32,N
38.16462,64.59357,304.91,0.38,0.36,2026-08-22,2146,N,nominal,2.0NRT,291.8,0.49,N
38.13117,64.67541,315.08,0.38,0.36,2026-08-22,2146,N,nominal,2.0NRT,292.83,1.06,N
38.11839,64.7128,313.38,0.38,0.36,2026-08-22,2146,N,nominal,2.0NRT,292.51,0.94,N
38.05149,65.10693,302.23,0.39,0.36,2026-08-22,2146,N,nominal,2.0NRT,291.57,0.57,N
38.05688,64.88805,313.71,0.38,0.36,2026-08-22,2146,N,nominal,2.0NRT,293.49,0.56,N
37.92997,65.64059,301.93,0.39,0.36,2026-08-22,2146,N,nominal,2.0NRT,291.59,0.76,N
37.99647,65.00805,305.64,0.38,0.36,2026-08-22,2146,N,nominal,2.0NRT,290.96,0.66,N
37.96973,65.04634,305.47,0.39,0.36,2026-08-22,2146,N,nominal,2.0NRT,291.12,0.56,N
37.96621,65.00474,302.84,0.38,0.36,2026-08-22,2146,N,nominal,2.0NRT,291.88,0.47,N
37.88829,65.08603,305.22,0.39,0.36,2026-08-22,2146,N,nominal,2.0NRT,291.96,0.58,N
37.81795,65.18082,303.72,0.39,0.36,2026-08-22,2146,N,nominal,2.0NRT,292.94,0.61,N
37.76708,65.43285,303.31,0.39,0.36,2026-08-22,2146,N,nominal,2.0NRT,292.07,0.28,N
37.80323,65.19276,314.54,0.39,0.36,2026-08-22,2146,N,nominal,2.0NRT,292.49,0.95,N
37.73022,65.50964,305.76,0.39,0.36,2026-08-22,2146,N,nominal,2.0NRT,292.55,0.95,N
37.71617,65.24246,309.35,0.39,0.36,2026-08-22,2146,N,nominal,2.0NRT,290.78,0.74,N
24.66165,74.63514,301.51,0.62,0.71,2026-08-22,2148,N,nominal,2.0NRT,288.82,1.61,N
37.67529,65.26543,305.67,0.39,0.36,2026-08-22,2146,N,nominal,2.0NRT,292.79,0.58,N
38.85262,54.23221,304.95,0.32,0.55,2026-08-22,2146,N,nominal,2.0NRT,294.86,0.29,N
37.95927,62.66671,303.94,0.4,0.37,2026-08-22,2146,N,nominal,2.0NRT,292.54,0.7,N
37.99025,61.88279,313.12,0.42,0.38,2026-08-22,2146,N,nominal,2.0NRT,293.17,1.23,N
37.98617,61.88681,313.46,0.42,0.38,2026-08-22,2146,N,nominal,2.0NRT,293.12,1.42,N
37.98472,61.8837,318.36,0.42,0.38,2026-08-22,2146,N,nominal,2.0NRT,293.17,1.39,N
38.68007,54.31456,332.29,0.32,0.55,2026-08-22,2146,N,nominal,2.0NRT,295.44,1.72,N
37.88796,62.02356,309.92,0.42,0.37,2026-08-22,2146,N,nominal,2.0NRT,292.48,0.9,N
38.65158,54.28098,325.48,0.32,0.55,2026-08-22,2146,N,nominal,2.0NRT,295.13,1.61,N
38.6465,54.28039,326.9,0.32,0.55,2026-08-22,2146,N,nominal,2.0NRT,294.58,1.61,N
37.7976,62.55211,329.12,0.4,0.37,2026-08-22,2146,N,nominal,2.0NRT,294.12,2.81,N
37.78939,62.53616,315.82,0.4,0.37,2026-08-22,2146,N,nominal,2.0NRT,292.36,1.09,N
37.78875,62.54071,313.65,0.4,0.37,2026-08-22,2146,N,nominal,2.0NRT,290.93,1.09,N
37.78602,62.5354,302.03,0.4,0.37,2026-08-22,2146,N,nominal,2.0NRT,290.2,1.09,N
37.7841,62.52363,308.83,0.4,0.37,2026-08-22,2146,N,nominal,2.0NRT,291.23,0.59,N
38.64873,54.28271,346.62,0.32,0.55,2026-08-22,2146,N,nominal,2.0NRT,296.64,3.33,N
38.25763,58.39045,309.44,0.39,0.44,2026-08-22,2146,N,nominal,2.0NRT,296.49,1.3,N
37.77628,62.10363,303.32,0.41,0.37,2026-08-22,2146,N,nominal,2.0NRT,291.87,0.69,N
37.77623,62.02655,305.66,0.41,0.37,2026-08-22,2146,N,nominal,2.0NRT,290.59,0.74,N
38.26355,57.66043,308.44,0.42,0.45,2026-08-22,2146,N,nominal,2.0NRT,298.25,2.03,N
37.74454,62.1303,310.89,0.41,0.37,2026-08-22,2146,N,nominal,2.0NRT,292.72,1.26,N
37.74191,62.07209,304.83,0.41,0.37,2026-08-22,2146,N,nominal,2.0NRT,290.98,1.19,N
37.74221,62.07484,314.4,0.41,0.37,2026-08-22,2146,N,nominal,2.0NRT,291.84,1.17,N
38.2632,57.65861,312.97,0.42,0.45,2026-08-22,2146,N,nominal,2.0NRT,299.11,2.29,N
38.22115,57.98906,307.26,0.4,0.45,2026-08-22,2146,N,nominal,2.0NRT,295.85,0.96,N
37.72533,62.09519,309.28,0.41,0.37,2026-08-22,2146,N,nominal,2.0NRT,291.1,1.15,N
37.75141,61.85413,304.91,0.42,0.38,2026-08-22,2146,N,nominal,2.0NRT,291.4,0.62,N
38.19695,58.10264,311.18,0.4,0.44,2026-08-22,2146,N,nominal,2.0NRT,295.59,0.93,N
37.79573,61.49855,304.89,0.43,0.38,2026-08-22,2146,N,nominal,2.0NRT,292.62,0.44,N
38.19396,58.05075,306.08,0.4,0.44,2026-08-22,2146,N,nominal,2.0NRT,295.79,1.07,N
38.15024,58.39289,315.16,0.39,0.44,2026-08-22,2146,N,nominal,2.0NRT,295.44,1.39,N
37.6707,62.23616,323.01,0.41,0.37,2026-08-22,2146,N,nominal,2.0NRT,293.1,1.71,N
37.66327,62.23928,301.88,0.41,0.37,2026-08-22,2146,N,nominal,2.0NRT,291.03,0.71,N
37.65988,62.23853,304.27,0.41,0.37,2026-08-22,2146,N,nominal,2.0NRT,290.56,0.71,N
37.63992,62.20559,307.58,0.41,0.37,2026-08-22,2146,N,nominal,2.0NRT,291.28,0.8,N
37.63652,62.20484,306.72,0.41,0.37,2026-08-22,2146,N,nominal,2.0NRT,290.28,0.8,N
37.62846,62.2126,305.28,0.41,0.37,2026-08-22,2146,N,nominal,2.0NRT,292.35,1.04,N
37.62782,62.21722,314.62,0.41,0.37,2026-08-22,2146,N,nominal,2.0NRT,291.6,1.04,N
37.62737,62.16948,315.97,0.41,0.37,2026-08-22,2146,N,nominal,2.0NRT,292.79,1.06,N
25.30979,56.37189,316.25,0.52,0.42,2026-08-22,2150,N,nominal,2.0NRT,299.78,2.19,N
37.656,61.90649,321.39,0.42,0.37,2026-08-22,2146,N,nominal,2.0NRT,294.21,1.77,N
37.62626,62.12627,312.36,0.41,0.37,2026-08-22,2146,N,nominal,2.0NRT,292.06,0.8,N
37.65718,61.90974,306.61,0.42,0.37,2026-08-22,2146,N,nominal,2.0NRT,291.71,1.24,N
37.6274,62.12457,302.98,0.41,0.37,2026-08-22,2146,N,nominal,2.0NRT,291.75,0.49,N
37.65439,61.9043,306.64,0.42,0.37,2026-08-22,2146,N,nominal,2.0NRT,292.08,1.24,N
24.99025,55.62388,317.07,0.57,0.43,2026-08-22,2150,N,nominal,2.0NRT,299.56,1.93,N
37.624,62.12383,306.67,0.41,0.37,2026-08-22,2146,N,nominal,2.0NRT,292.32,0.49,N
37.62206,62.13774,304.5,0.41,0.37,2026-08-22,2146,N,nominal,2.0NRT,292.98,0.97,N
24.50808,56.60542,313.77,0.5,0.41,2026-08-22,2150,N,nominal,2.0NRT,299.65,1.25,N
24.50744,56.61034,313.55,0.5,0.41,2026-08-22,2150,N,nominal,2.0NRT,300.51,1.25,N
37.62141,62.14237,314.07,0.41,0.37,2026-08-22,2146,N,nominal,2.0NRT,293.93,0.97,N
24.50434,56.60484,336.83,0.5,0.41,2026-08-22,2150,N,nominal,2.0NRT,303.04,8.89,N
37.61865,62.137,320.64,0.41,0.37,2026-08-22,2146,N,nominal,2.0NRT,294.05,2.07,N
24.50562,56.59499,311.18,0.5,0.41,2026-08-22,2150,N,nominal,2.0NRT,299.92,1.74,N
24.5037,56.60976,315.29,0.5,0.41,2026-08-22,2150,N,nominal,2.0NRT,299.41,8.89,N
37.62952,61.95696,304.38,0.41,0.37,2026-08-22,2146,N,nominal,2.0NRT,291.61,0.87,N
24.45356,56.55001,311.72,0.5,0.41,2026-08-22,2150,N,nominal,2.0NRT,298.99,1.81,N
38.05891,58.16696,308.19,0.39,0.44,2026-08-22,2146,N,nominal,2.0NRT,295.44,1.61,N
37.62943,61.72366,307.14,0.42,0.38,2026-08-22,2146,N,nominal,2.0NRT,291.73,0.75,N
37.60955,61.60644,330.67,0.42,0.38,2026-08-22,2146,N,nominal,2.0NRT,296.13,3.88,N
37.61399,61.57281,312.69,0.43,0.38,2026-08-22,2146,N,nominal,2.0NRT,293.38,2.15,N
37.61145,61.59204,306.18,0.42,0.38,2026-08-22,2146,N,nominal,2.0NRT,293.46,0.84,N
37.60989,61.57689,308.53,0.43,0.38,2026-08-22,2146,N,nominal,2.0NRT,294.67,1.44,N
37.55891,61.93206,308.52,0.42,0.37,2026-08-22,2146,N,nominal,2.0NRT,292.33,0.96,N
24.50904,54.01649,339.59,0.46,0.47,2026-08-22,2150,N,nominal,2.0NRT,298.81,10.89,N
37.59793,61.55952,316.26,0.43,0.38,2026-08-22,2146,N,nominal,2.0NRT,294.76,1.9,N
37.59889,61.52507,308.39,0.43,0.38,2026-08-22,2146,N,nominal,2.0NRT,292.94,0.61,N
37.59704,61.55655,316.06,0.43,0.38,2026-08-22,2146,N,nominal,2.0NRT,294.27,1.3,N
37.59639,61.56136,303.99,0.43,0.38,2026-08-22,2146,N,nominal,2.0NRT,292.7,0.93,N
37.59747,61.52695,323.48,0.43,0.38,2026-08-22,2146,N,nominal,2.0NRT,293.94,2.04,N
37.594,61.52622,325.4,0.43,0.38,2026-08-22,2146,N,nominal,2.0NRT,295,2.94,N
37.59335,61.53104,324.14,0.43,0.38,2026-08-22,2146,N,nominal,2.0NRT,294.6,2.45,N
37.58947,61.55989,307.14,0.43,0.38,2026-08-22,2146,N,nominal,2.0NRT,293.36,1.44,N
37.58253,61.55843,320.92,0.43,0.38,2026-08-22,2146,N,nominal,2.0NRT,294.63,2.04,N
37.94242,58.56517,313.78,0.56,0.43,2026-08-22,2146,N,nominal,2.0NRT,295.53,1.98,N
21.1083,72.64712,305.07,0.56,0.69,2026-08-22,2150,N,nominal,2.0NRT,288.17,1.43,N
37.50267,61.98914,317.34,0.41,0.37,2026-08-22,2146,N,nominal,2.0NRT,292.43,1.38,N
37.49727,61.84824,317.77,0.42,0.37,2026-08-22,2146,N,nominal,2.0NRT,294.99,2.27,N
37.42327,62.30912,304.19,0.41,0.37,2026-08-22,2146,N,nominal,2.0NRT,290.85,0.47,N
37.79508,59.32599,304.91,0.52,0.41,2026-08-22,2146,N,nominal,2.0NRT,293.85,1.28,N
37.79442,59.3319,313.75,0.52,0.41,2026-08-22,2146,N,nominal,2.0NRT,294.18,1.28,N
21.10465,72.63463,303.18,0.56,0.69,2026-08-22,2150,N,nominal,2.0NRT,287.89,1.71,N
37.78994,59.33712,309.38,0.52,0.41,2026-08-22,2146,N,nominal,2.0NRT,293.97,0.91,N
37.40572,62.30994,301.99,0.41,0.37,2026-08-22,2146,N,nominal,2.0NRT,291.12,0.53,N
37.62359,60.44283,306.15,0.46,0.39,2026-08-22,2146,N,nominal,2.0NRT,294.18,0.84,N
37.61865,60.39324,306.33,0.47,0.39,2026-08-22,2146,N,nominal,2.0NRT,294.57,0.39,N
23.55393,58.19912,315.75,0.42,0.38,2026-08-22,2150,N,nominal,2.0NRT,302.15,0.77,N
37.82674,58.38356,302.48,0.38,0.43,2026-08-22,2146,N,nominal,2.0NRT,291.92,0.39,N
37.68385,59.1538,304.55,0.53,0.42,2026-08-22,2146,N,nominal,2.0NRT,293.76,0.97,N
37.48804,60.45771,308.4,0.46,0.39,2026-08-22,2146,N,nominal,2.0NRT,294.45,1,N
23.48257,58.27922,313.89,0.42,0.37,2026-08-22,2150,N,nominal,2.0NRT,301.44,1.09,N
37.21921,62.39549,300.85,0.4,0.37,2026-08-22,2146,N,nominal,2.0NRT,290.45,0.68,N
37.11943,62.36194,325,0.4,0.37,2026-08-22,2146,N,nominal,2.0NRT,295.12,6.19,N
37.11541,62.36571,320.46,0.4,0.37,2026-08-22,2146,N,nominal,2.0NRT,293.96,1.32,N
37.39163,60.00121,311.01,0.48,0.4,2026-08-22,2146,N,nominal,2.0NRT,294.52,2.56,N
37.03468,62.41506,330.52,0.4,0.37,2026-08-22,2146,N,nominal,2.0NRT,295.94,3.28,N
37.03403,62.41955,309.51,0.4,0.37,2026-08-22,2146,N,nominal,2.0NRT,295.01,3.28,N
37.03067,62.4188,307.62,0.4,0.37,2026-08-22,2146,N,nominal,2.0NRT,293.57,2.81,N
37.2251,60.88918,304.46,0.44,0.39,2026-08-22,2146,N,nominal,2.0NRT,294.15,0.63,N
37.21941,60.02074,321.9,0.48,0.4,2026-08-22,2146,N,nominal,2.0NRT,295,1.51,N
37.45463,57.68733,308.72,0.41,0.45,2026-08-22,2146,N,nominal,2.0NRT,291.79,1.79,N
37.33978,58.04812,307.81,0.39,0.44,2026-08-22,2146,N,nominal,2.0NRT,290.17,1.38,N
36.43763,61.21977,306.3,0.43,0.38,2026-08-22,2146,N,nominal,2.0NRT,294.66,1.1,N
36.94526,54.8905,313.33,0.57,0.52,2026-08-22,2146,N,nominal,2.0NRT,294.77,3.02,N
22.65848,59.40831,315.69,0.39,0.36,2026-08-22,2150,N,nominal,2.0NRT,300.85,0.71,N
36.49651,59.33271,307.19,0.5,0.41,2026-08-22,2146,N,nominal,2.0NRT,291.18,1,N
36.35601,59.6813,307.92,0.48,0.4,2026-08-22,2146,N,nominal,2.0NRT,290.15,0.41,N
22.65733,59.41584,315.77,0.39,0.36,2026-08-22,2150,N,nominal,2.0NRT,300.75,0.85,N
35.88932,63.01581,304.92,0.39,0.36,2026-08-22,2146,N,nominal,2.0NRT,293.28,0.67,N
23.1913,55.45692,327.96,0.55,0.43,2026-08-22,2150,N,nominal,2.0NRT,299.86,2.45,N
36.29618,54.78393,301.23,0.57,0.52,2026-08-22,2146,N,nominal,2.0NRT,290.84,1.15,N
23.1906,55.46233,313.45,0.55,0.43,2026-08-22,2150,N,nominal,2.0NRT,299.54,2.45,N
23.31092,54.17854,312.25,0.44,0.46,2026-08-22,2150,N,nominal,2.0NRT,298.31,1.34,N
35.36871,59.30691,307.61,0.49,0.4,2026-08-22,2146,N,nominal,2.0NRT,290.23,1.06,N
23.28017,54.25677,341.11,0.43,0.46,2026-08-22,2150,N,nominal,2.0NRT,301.48,6.26,N
23.27968,54.26104,311.93,0.43,0.46,2026-08-22,2150,N,nominal,2.0NRT,297.98,6.26,N
23.27594,54.25616,339.53,0.43,0.46,2026-08-22,2150,N,nominal,2.0NRT,300.78,10.08,N
23.27544,54.26042,341.43,0.43,0.46,2026-08-22,2150,N,nominal,2.0NRT,303.28,10.08,N
23.04775,56.05466,323.92,0.51,0.41,2026-08-22,2150,N,nominal,2.0NRT,297.97,2.39,N
22.88027,55.92733,342.54,0.52,0.41,2026-08-22,2150,N,nominal,2.0NRT,302.63,7.36,N
32.0888,74.16383,302.24,0.39,0.59,2026-08-22,2146,N,nominal,2.0NRT,282.9,0.77,N
22.87711,55.9217,310.29,0.52,0.41,2026-08-22,2150,N,nominal,2.0NRT,298.8,2.56,N
22.87646,55.92674,318.39,0.52,0.41,2026-08-22,2150,N,nominal,2.0NRT,299.46,7.36,N
33.75367,59.14931,311.3,0.48,0.4,2026-08-22,2146,N,nominal,2.0NRT,289.93,2.17,N
22.87348,55.61167,316.78,0.54,0.42,2026-08-22,2150,N,nominal,2.0NRT,298.43,1.75,N
22.87283,55.61692,317.66,0.54,0.42,2026-08-22,2150,N,nominal,2.0NRT,297.88,1.75,N
22.87209,55.61512,319.02,0.54,0.42,2026-08-22,2150,N,nominal,2.0NRT,297.66,1.94,N
22.78353,55.81236,309.17,0.52,0.42,2026-08-22,2150,N,nominal,2.0NRT,298.7,1.18,N
22.67299,56.2503,321.9,0.49,0.41,2026-08-22,2150,N,nominal,2.0NRT,300.48,1.5,N
33.0421,56.84977,310.78,0.4,0.45,2026-08-22,2148,N,nominal,2.0NRT,297.68,1.58,N
22.67242,56.24841,324.68,0.49,0.41,2026-08-22,2150,N,nominal,2.0NRT,300.63,1.87,N
22.40752,56.98891,322.7,0.45,0.39,2026-08-22,2150,N,nominal,2.0NRT,299.61,1.51,N
22.44303,56.70155,332.1,0.47,0.4,2026-08-22,2150,N,nominal,2.0NRT,300.65,5.55,N
22.40394,56.9883,315.72,0.45,0.39,2026-08-22,2150,N,nominal,2.0NRT,299.25,1.51,N
22.32677,56.48874,331.45,0.48,0.4,2026-08-22,2150,N,nominal,2.0NRT,299.53,7.75,N
22.32715,56.49121,332.33,0.48,0.4,2026-08-22,2150,N,nominal,2.0NRT,300.4,7.7,N
22.32602,56.4722,323,0.48,0.4,2026-08-22,2150,N,nominal,2.0NRT,299.95,6.14,N
22.29208,56.52838,315.34,0.48,0.4,2026-08-22,2150,N,nominal,2.0NRT,299.35,4.03,N
22.52612,54.05143,311.26,0.43,0.46,2026-08-22,2150,N,nominal,2.0NRT,296.43,1.31,N
21.93913,57.07306,333.44,0.45,0.39,2026-08-22,2150,N,nominal,2.0NRT,298.79,3.35,N
21.93557,57.07248,322.64,0.45,0.39,2026-08-22,2150,N,nominal,2.0NRT,297.65,2.24,N
21.89173,56.84844,329.66,0.46,0.39,2026-08-22,2150,N,nominal,2.0NRT,299.17,1.53,N
21.94416,56.03148,314.12,0.5,0.41,2026-08-22,2150,N,nominal,2.0NRT,298.46,2.37,N
21.94351,56.03627,314.59,0.5,0.41,2026-08-22,2150,N,nominal,2.0NRT,299,2.37,N
21.83616,56.68274,311.25,0.46,0.39,2026-08-22,2150,N,nominal,2.0NRT,298.92,0.82,N
21.83254,56.68218,321.51,0.46,0.39,2026-08-22,2150,N,nominal,2.0NRT,298.41,1.57,N
21.33283,57.72462,318.74,0.42,0.37,2026-08-22,2150,N,nominal,2.0NRT,297.89,0.86,N
21.32309,57.71887,309.35,0.42,0.38,2026-08-22,2150,N,nominal,2.0NRT,297.16,0.52,N
21.31907,57.72232,324.55,0.42,0.37,2026-08-22,2150,N,nominal,2.0NRT,297.73,1.63,N
21.31273,57.74183,321.43,0.42,0.37,2026-08-22,2150,N,nominal,2.0NRT,297.42,1.8,N
21.31215,57.74583,331.5,0.42,0.37,2026-08-22,2150,N,nominal,2.0NRT,298.09,3.09,N
21.30466,57.79781,316.2,0.42,0.37,2026-08-22,2150,N,nominal,2.0NRT,297.83,1.12,N
21.30703,57.70797,316.91,0.42,0.38,2026-08-22,2150,N,nominal,2.0NRT,297.6,1.21,N
21.2967,57.68156,310.23,0.42,0.38,2026-08-22,2150,N,nominal,2.0NRT,297.42,0.59,N
21.29615,57.0965,311.5,0.44,0.38,2026-08-22,2150,N,nominal,2.0NRT,300.44,1.36,N
21.33314,56.69683,338.19,0.46,0.39,2026-08-22,2150,N,nominal,2.0NRT,305.64,8.11,N
21.33254,56.70123,311.47,0.46,0.39,2026-08-22,2150,N,nominal,2.0NRT,300.7,8.11,N
21.4108,55.74094,313.83,0.51,0.41,2026-08-22,2150,N,nominal,2.0NRT,300.2,2.31,N
21.00228,56.53057,326.04,0.46,0.39,2026-08-22,2150,N,nominal,2.0NRT,300.7,1.88,N
20.38784,55.66034,328.99,0.5,0.41,2026-08-22,2150,N,nominal,2.0NRT,299.5,2.48,N
20.38598,55.64534,317.28,0.5,0.41,2026-08-22,2150,N,nominal,2.0NRT,299.05,1.81,N
20.38717,55.66324,326.51,0.5,0.41,2026-08-22,2150,N,nominal,2.0NRT,298.71,3.18,N
20.3854,55.64827,316.99,0.5,0.41,2026-08-22,2150,N,nominal,2.0NRT,298.81,1.55,N
20.21166,55.71108,313.02,0.49,0.41,2026-08-22,2150,N,nominal,2.0NRT,298.13,1.17,N
19.26824,56.17278,308.96,0.46,0.39,2026-08-22,2153,N,nominal,2.0NRT,296.71,0.67,N
18.32562,55.10398,309.17,0.51,0.41,2026-08-22,2153,N,nominal,2.0NRT,296.63,2.6,N
18.32184,55.10341,331.83,0.51,0.41,2026-08-22,2153,N,nominal,2.0NRT,297.64,2.6,N
18.01342,54.57251,341.85,0.54,0.42,2026-08-22,2153,N,nominal,2.0NRT,306.92,29.13,N
38.67849,54.31505,322.53,0.51,0.66,2026-08-22,2326,N,nominal,2.0NRT,293.64,2,N
38.67844,54.31472,322.41,0.51,0.66,2026-08-22,2326,N,nominal,2.0NRT,294.06,1.63,N
38.64866,54.28056,319.21,0.51,0.66,2026-08-22,2326,N,nominal,2.0NRT,294.18,2.18,N
38.64697,54.28624,304.8,0.51,0.66,2026-08-22,2326,N,nominal,2.0NRT,293.81,1.33,N
36.94799,54.88853,307.25,0.61,0.71,2026-08-22,2326,N,nominal,2.0NRT,293.35,1.41,N
36.94855,54.89034,304.98,0.61,0.71,2026-08-22,2326,N,nominal,2.0NRT,292.91,1.18,N
32.14384,54.33426,302.37,0.78,0.78,2026-08-22,2329,N,nominal,2.0NRT,290.96,1.57,N
38.48504,100.90263,333.1,0.59,0.53,2026-08-23,0544,N,nominal,2.0NRT,301.74,5.1,D
38.48307,100.90417,330.2,0.59,0.53,2026-08-23,0544,N,low,2.0NRT,301.22,3.36,D
5.97401,100.68662,332.33,0.5,0.49,2026-08-23,0716,N,nominal,2.0NRT,297.92,5.83,D
5.50937,95.77457,339.99,0.4,0.37,2026-08-23,0716,N,nominal,2.0NRT,299.9,3.16,D
5.52699,95.49713,341.17,0.4,0.37,2026-08-23,0716,N,nominal,2.0NRT,301.78,3.2,D
6.56701,101.33801,338.4,0.56,0.51,2026-08-23,0716,N,nominal,2.0NRT,293.3,8.2,D
6.56624,101.33451,340.78,0.56,0.52,2026-08-23,0716,N,nominal,2.0NRT,293.06,8.68,D
8.02916,98.59245,337.34,0.39,0.44,2026-08-23,0716,N,nominal,2.0NRT,293.56,2.66,D
8.25496,98.81062,333.23,0.4,0.45,2026-08-23,0716,N,nominal,2.0NRT,290.23,3.05,D
8.25766,98.80981,331.35,0.4,0.45,2026-08-23,0716,N,nominal,2.0NRT,291.56,3.09,D
6.36817,81.33694,328.48,0.63,0.72,2026-08-23,0716,N,nominal,2.0NRT,285.99,14.47,D
6.38213,81.1468,333.25,0.64,0.72,2026-08-23,0716,N,nominal,2.0NRT,285.36,6.68,D
6.37194,81.33924,347.15,0.63,0.72,2026-08-23,0716,N,nominal,2.0NRT,286.21,12.65,D
6.38365,81.1438,330.47,0.64,0.72,2026-08-23,0716,N,nominal,2.0NRT,284.67,6.25,D
6.71637,81.49741,327.59,0.6,0.71,2026-08-23,0718,N,nominal,2.0NRT,289.92,5.16,D
6.73045,81.28866,333.87,0.62,0.72,2026-08-23,0718,N,nominal,2.0NRT,292.41,9.77,D
6.7437,81.28638,336.34,0.62,0.72,2026-08-23,0718,N,nominal,2.0NRT,291.35,10.99,D
6.98739,81.59515,331.91,0.59,0.7,2026-08-23,0718,N,nominal,2.0NRT,291.81,4.74,D
7.30796,81.81413,329.27,0.56,0.69,2026-08-23,0718,N,nominal,2.0NRT,290.47,4.73,D
7.32888,81.82094,335.59,0.56,0.69,2026-08-23,0718,N,nominal,2.0NRT,290.03,9.07,D
7.32968,81.81718,328.91,0.56,0.69,2026-08-23,0718,N,nominal,2.0NRT,290.42,5.91,D
7.34827,81.45456,327.95,0.59,0.7,2026-08-23,0718,N,nominal,2.0NRT,294.82,7.2,D
7.34757,81.45149,331.66,0.59,0.7,2026-08-23,0718,N,nominal,2.0NRT,294.63,8.35,D
7.35866,81.40395,328.15,0.6,0.7,2026-08-23,0718,N,nominal,2.0NRT,293.27,7.21,D
7.30336,81.1138,329.2,0.62,0.72,2026-08-23,0718,N,nominal,2.0NRT,290.33,4.61,D
7.80918,81.38655,336.18,0.59,0.7,2026-08-23,0718,N,nominal,2.0NRT,290.84,9.2,D
7.80901,81.38439,343.87,0.59,0.7,2026-08-23,0718,N,nominal,2.0NRT,290.73,8.14,D
8.07391,80.77219,354.43,0.64,0.72,2026-08-23,0718,N,nominal,2.0NRT,281.55,18.56,D
8.07786,80.77467,333.38,0.64,0.72,2026-08-23,0718,N,nominal,2.0NRT,279.72,14.89,D
8.07671,80.76878,344.09,0.64,0.72,2026-08-23,0718,N,nominal,2.0NRT,279.93,14.65,D
8.47523,80.67675,332.86,0.64,0.72,2026-08-23,0718,N,nominal,2.0NRT,287.79,5.61,D
8.5725,80.62511,331.61,0.64,0.72,2026-08-23,0718,N,nominal,2.0NRT,286.57,10.15,D
8.78643,80.98024,331,0.6,0.71,2026-08-23,0718,N,nominal,2.0NRT,288.49,6.7,D
8.99527,80.7809,332.78,0.61,0.71,2026-08-23,0718,N,nominal,2.0NRT,287.89,9.1,D
24.07692,96.54836,328.57,0.47,0.48,2026-08-23,0722,N,nominal,2.0NRT,286.08,5.15,D
24.07321,96.04733,332.14,0.44,0.46,2026-08-23,0722,N,nominal,2.0NRT,287.37,4.17,D
24.07573,96.04757,339.63,0.44,0.46,2026-08-23,0722,N,nominal,2.0NRT,287.67,4.06,D
23.67774,86.39987,333.05,0.46,0.39,2026-08-23,0722,N,low,2.0NRT,295.05,6.81,D
23.68413,86.3939,334.02,0.46,0.39,2026-08-23,0722,N,low,2.0NRT,294.75,6.14,D
23.71326,86.45322,334.56,0.46,0.39,2026-08-23,0722,N,low,2.0NRT,295.7,7.52,D
23.76439,86.40546,337.61,0.46,0.39,2026-08-23,0722,N,low,2.0NRT,295.16,9.11,D
25.70774,93.52971,330.99,0.5,0.41,2026-08-23,0722,N,nominal,2.0NRT,289.44,3.21,D
26.96694,90.04264,325.3,0.39,0.36,2026-08-23,0722,N,nominal,2.0NRT,273.84,1.8,D
26.96781,89.97786,339.06,0.39,0.36,2026-08-23,0722,N,nominal,2.0NRT,272.36,3.79,D
28.90347,89.5985,331.37,0.39,0.36,2026-08-23,0722,N,nominal,2.0NRT,300.18,3.41,D
29.24969,88.8512,338.83,0.39,0.36,2026-08-23,0722,N,nominal,2.0NRT,299.31,3.49,D
29.25687,88.85385,337.9,0.39,0.36,2026-08-23,0722,N,nominal,2.0NRT,298.97,4.48,D
29.22488,88.35183,330.47,0.38,0.36,2026-08-23,0722,N,low,2.0NRT,304.2,2.99,D
29.45837,76.8635,335.25,0.41,0.61,2026-08-23,0724,N,nominal,2.0NRT,289.51,4.4,D
6.43755,81.07249,326.26,0.62,0.71,2026-08-23,0858,N,nominal,2.0NRT,275.03,5.15,D
39.84121,98.27429,333.16,0.43,0.62,2026-08-23,0726,N,low,2.0NRT,305.74,1.4,D
38.05429,67.26653,338.34,0.79,0.78,2026-08-23,0726,N,nominal,2.0NRT,303.21,6.5,D
7.18133,81.19161,334.1,0.65,0.73,2026-08-23,0858,N,nominal,2.0NRT,287.27,5.51,D
38.05154,67.25819,338.94,0.79,0.78,2026-08-23,0726,N,nominal,2.0NRT,303.6,6.5,D
7.3016,81.11191,328.46,0.64,0.72,2026-08-23,0858,N,nominal,2.0NRT,294,3.86,D
38.04846,67.26801,335.19,0.78,0.78,2026-08-23,0726,N,nominal,2.0NRT,303.31,7.4,D
7.30424,81.11216,330.98,0.64,0.72,2026-08-23,0858,N,nominal,2.0NRT,295.21,5.52,D
38.04564,67.25961,332.25,0.79,0.78,2026-08-23,0726,N,low,2.0NRT,303.48,6.65,D
7.42141,81.16647,332.98,0.65,0.73,2026-08-23,0858,N,nominal,2.0NRT,293.49,3.34,D
7.93745,81.35905,331.44,0.68,0.74,2026-08-23,0858,N,nominal,2.0NRT,282.48,6.03,D
7.93791,81.36346,332.71,0.68,0.74,2026-08-23,0858,N,nominal,2.0NRT,282.91,6.32,D
8.20317,79.9137,338.28,0.55,0.68,2026-08-23,0858,N,nominal,2.0NRT,282.14,9.28,D
8.43758,80.66031,335.86,0.62,0.71,2026-08-23,0858,N,nominal,2.0NRT,288.19,10.95,D
8.60119,77.89647,336.19,0.41,0.6,2026-08-23,0858,N,nominal,2.0NRT,297.6,3.94,D
9.11287,77.61896,331.28,0.39,0.6,2026-08-23,0858,N,nominal,2.0NRT,297.74,1.9,D
9.40167,78.73985,338.39,0.47,0.64,2026-08-23,0858,N,nominal,2.0NRT,292.39,4.17,D
9.33903,77.85733,333.04,0.41,0.61,2026-08-23,0858,N,nominal,2.0NRT,296.88,3.16,D
9.30156,77.52041,337.02,0.39,0.59,2026-08-23,0858,N,nominal,2.0NRT,298.79,2.15,D
9.75798,77.86183,333.4,0.42,0.61,2026-08-23,0858,N,nominal,2.0NRT,290.13,4.86,D
18.00992,54.57123,357.97,0.47,0.64,2026-08-23,0902,N,nominal,2.0NRT,305.93,9.5,D
18.32386,55.10459,351.43,0.43,0.62,2026-08-23,0902,N,nominal,2.0NRT,310.18,2.33,D
19.26817,56.17577,343.12,0.35,0.57,2026-08-23,0902,N,nominal,2.0NRT,311.98,0.69,D
19.26734,56.17426,345.25,0.35,0.57,2026-08-23,0902,N,nominal,2.0NRT,311.86,0.89,D
20.22532,55.74099,342.16,0.36,0.57,2026-08-23,0902,N,low,2.0NRT,313.18,0.36,D
20.37501,55.93744,342.73,0.35,0.56,2026-08-23,0902,N,low,2.0NRT,313.67,1.52,D
20.37432,55.93413,356.23,0.35,0.56,2026-08-23,0902,N,nominal,2.0NRT,314,1.52,D
21.0023,56.53375,347.06,0.62,0.54,2026-08-23,0902,N,nominal,2.0NRT,315.55,2.31,D
21.31298,57.74761,345.27,0.51,0.49,2026-08-23,0902,N,nominal,2.0NRT,313.36,4.86,D
21.33001,56.69731,348.38,0.59,0.53,2026-08-23,0902,N,nominal,2.0NRT,315.17,11.78,D
21.33483,56.69617,348.66,0.59,0.53,2026-08-23,0902,N,nominal,2.0NRT,314.16,11.78,D
21.33308,56.69995,348,0.59,0.53,2026-08-23,0902,N,nominal,2.0NRT,315.99,13.13,D
21.935,57.0734,347.05,0.55,0.51,2026-08-23,0902,N,nominal,2.0NRT,313.61,0.95,D
22.29332,56.52763,344.67,0.58,0.52,2026-08-23,0902,N,nominal,2.0NRT,314.11,2.65,D
22.40465,56.99013,341.76,0.54,0.51,2026-08-23,0902,N,low,2.0NRT,312.35,2.28,D
22.44292,56.69844,347.77,0.56,0.52,2026-08-23,0902,N,nominal,2.0NRT,314.73,28.24,D
22.87723,55.9297,346.22,0.62,0.54,2026-08-23,0905,N,nominal,2.0NRT,312.17,1.32,D
22.92783,55.80248,350.09,0.63,0.54,2026-08-23,0905,N,nominal,2.0NRT,313,6.62,D
23.04797,56.05531,354.85,0.6,0.53,2026-08-23,0905,N,nominal,2.0NRT,315.59,6.24,D
23.04515,56.0541,348.93,0.6,0.53,2026-08-23,0905,N,nominal,2.0NRT,316.4,4.88,D
23.19123,55.45612,367,0.33,0.55,2026-08-23,0905,N,high,2.0NRT,313.93,4.22,D
23.27663,54.2585,367,0.38,0.59,2026-08-23,0905,N,high,2.0NRT,315.78,24.77,D
23.27579,54.25475,342.33,0.38,0.59,2026-08-23,0905,N,nominal,2.0NRT,310,7.41,D
24.50266,56.60684,343.23,0.52,0.5,2026-08-23,0905,N,nominal,2.0NRT,308.6,13.5,D
25.30826,56.37156,330.56,0.52,0.5,2026-08-23,0905,N,low,2.0NRT,303.65,8.52,D
27.16664,56.05514,344.13,0.5,0.49,2026-08-23,0905,N,nominal,2.0NRT,312.67,16.16,D
27.1656,56.05016,346.99,0.5,0.49,2026-08-23,0905,N,nominal,2.0NRT,313.55,23.53,D
27.17108,56.054,353.29,0.5,0.49,2026-08-23,0905,N,nominal,2.0NRT,313.21,16.16,D
30.39994,73.71344,344.3,0.4,0.6,2026-08-23,0905,N,nominal,2.0NRT,293.14,4.05,D
30.50964,72.80186,330.7,0.35,0.57,2026-08-23,0905,N,nominal,2.0NRT,293.55,1.56,D
30.45492,72.11394,330.65,0.64,0.54,2026-08-23,0905,N,nominal,2.0NRT,293.73,4.82,D
31.00338,72.18047,338.92,0.32,0.55,2026-08-23,0905,N,nominal,2.0NRT,293.04,3.01,D
31.40315,72.50063,333.35,0.34,0.56,2026-08-23,0905,N,nominal,2.0NRT,292.06,2.43,D
29.99347,55.85432,343.25,0.45,0.47,2026-08-23,0905,N,nominal,2.0NRT,313.42,5.58,D
30.2331,56.90855,344.94,0.39,0.44,2026-08-23,0905,N,nominal,2.0NRT,319.43,6.37,D
33.9794,62.75071,344.02,0.39,0.36,2026-08-23,0905,N,low,2.0NRT,314.87,5.82,D
36.3433,58.67718,342.27,0.41,0.37,2026-08-23,0905,N,low,2.0NRT,316.95,7.76,D
37.03251,62.41919,346.22,0.4,0.37,2026-08-23,0905,N,low,2.0NRT,318.14,12.93,D
38.05132,67.26734,345.99,0.42,0.45,2026-08-23,0905,N,low,2.0NRT,316.38,9.6,D
37.21667,60.02429,346.28,0.39,0.36,2026-08-23,0905,N,low,2.0NRT,319.77,7.46,D
37.54886,62.01624,351.15,0.39,0.37,2026-08-23,0905,N,nominal,2.0NRT,323.73,41.51,D
37.61792,62.13905,343.27,0.4,0.37,2026-08-23,0905,N,low,2.0NRT,313.31,2.81,D
37.5817,61.55867,345.7,0.39,0.36,2026-08-23,0907,N,low,2.0NRT,318.54,10.52,D
37.53906,61.24342,342.3,0.39,0.36,2026-08-23,0907,N,low,2.0NRT,317,8.06,D
37.5956,61.56002,344.04,0.39,0.36,2026-08-23,0907,N,low,2.0NRT,318.3,10.63,D
37.59116,61.52932,349.62,0.39,0.36,2026-08-23,0907,N,nominal,2.0NRT,315.96,11.44,D
37.59447,61.52856,345.77,0.39,0.36,2026-08-23,0907,N,low,2.0NRT,317.44,13.67,D
37.60923,61.6068,348.06,0.39,0.36,2026-08-23,0907,N,nominal,2.0NRT,318.26,8.33,D
37.65552,61.90655,340.97,0.39,0.36,2026-08-23,0907,N,low,2.0NRT,311.8,1.57,D
37.39352,60.00534,349.59,0.39,0.36,2026-08-23,0907,N,nominal,2.0NRT,316.95,4.69,D
37.39682,60.00451,339.59,0.39,0.36,2026-08-23,0907,N,low,2.0NRT,313.19,2.22,D
37.37805,59.57648,350.67,0.39,0.36,2026-08-23,0907,N,low,2.0NRT,322.95,28.62,D
37.4222,59.67854,341.76,0.39,0.36,2026-08-23,0907,N,low,2.0NRT,316.72,6.36,D
37.98411,61.88763,337.02,0.39,0.37,2026-08-23,0907,N,low,2.0NRT,309.06,2.78,D
37.78453,59.33532,346.43,0.39,0.36,2026-08-23,0907,N,low,2.0NRT,316.92,10.3,D
37.79777,59.33186,350.88,0.39,0.36,2026-08-23,0907,N,nominal,2.0NRT,320.86,9.75,D
37.83253,59.06025,349.95,0.39,0.36,2026-08-23,0907,N,nominal,2.0NRT,318.46,8.99,D
38.79937,66.22423,335.37,0.56,0.43,2026-08-23,0907,N,low,2.0NRT,309.2,5.41,D
37.07746,54.88541,343.44,0.55,0.43,2026-08-23,0907,N,nominal,2.0NRT,311.25,9.7,D
37.16703,54.90225,341.3,0.55,0.43,2026-08-23,0907,N,nominal,2.0NRT,311.23,6.92,D
37.16724,54.90667,338.76,0.55,0.43,2026-08-23,0907,N,low,2.0NRT,312.25,6.21,D
38.64701,54.28421,349.95,0.55,0.43,2026-08-23,0907,N,low,2.0NRT,323.2,3.16,D
18.01526,54.5742,341.27,0.72,0.76,2026-08-23,1041,N,nominal,2.0NRT,301.03,9.11,D
18.3192,55.10992,335.77,0.79,0.78,2026-08-23,1041,N,nominal,2.0NRT,301.04,2.4,D
23.27309,54.26279,338.14,0.78,0.78,2026-08-23,1043,N,nominal,2.0NRT,301.82,1.74,D
6.56761,101.33636,320.43,0.46,0.64,2026-08-23,1813,N,nominal,2.0NRT,287.87,2.21,N
6.56455,101.33479,328.57,0.46,0.64,2026-08-23,1813,N,nominal,2.0NRT,288.06,2.94,N
7.27879,81.28441,304.32,0.42,0.45,2026-08-23,1953,N,nominal,2.0NRT,287.87,1.21,N
7.27776,81.28109,306.72,0.42,0.45,2026-08-23,1953,N,nominal,2.0NRT,287.4,1.23,N
7.16669,81.71954,302.1,0.39,0.44,2026-08-23,1953,N,nominal,2.0NRT,277.31,0.84,N
7.22024,81.14927,304.43,0.42,0.46,2026-08-23,1953,N,nominal,2.0NRT,280.97,1.48,N
7.09879,81.06809,326.48,0.43,0.46,2026-08-23,1953,N,nominal,2.0NRT,282.59,2.99,N
7.09819,81.07236,303.83,0.43,0.46,2026-08-23,1953,N,nominal,2.0NRT,282.86,2.2,N
7.09829,81.06927,328.06,0.43,0.46,2026-08-23,1953,N,nominal,2.0NRT,282.99,2.8,N
7.0977,81.07322,301.64,0.43,0.46,2026-08-23,1953,N,nominal,2.0NRT,283.16,1.21,N
7.0567,81.00087,324.92,0.43,0.46,2026-08-23,1953,N,nominal,2.0NRT,288.11,1.89,N
6.73874,81.20061,302.52,0.41,0.45,2026-08-23,1953,N,nominal,2.0NRT,275.04,0.89,N
39.86149,98.25319,320.91,0.42,0.38,2026-08-23,1945,N,nominal,2.0NRT,292.86,2.72,N
39.84488,98.27614,329.91,0.42,0.38,2026-08-23,1945,N,nominal,2.0NRT,290.12,5.44,N
39.84148,98.27506,303.55,0.42,0.38,2026-08-23,1945,N,nominal,2.0NRT,287.89,0.6,N
39.84165,98.2545,299.82,0.42,0.38,2026-08-23,1945,N,nominal,2.0NRT,287.82,0.68,N
39.82266,98.27946,311.87,0.42,0.38,2026-08-23,1945,N,nominal,2.0NRT,290.76,2.33,N
39.82214,98.24317,301.98,0.42,0.38,2026-08-23,1945,N,nominal,2.0NRT,289.57,0.65,N
39.81315,98.29196,307.23,0.42,0.38,2026-08-23,1945,N,nominal,2.0NRT,292.42,1.77,N
39.81225,98.29685,304.43,0.43,0.38,2026-08-23,1945,N,nominal,2.0NRT,292.5,1.07,N
39.81134,98.30176,304.67,0.43,0.38,2026-08-23,1945,N,nominal,2.0NRT,292.02,1.07,N
39.80544,98.29472,310.75,0.43,0.38,2026-08-23,1945,N,nominal,2.0NRT,291.06,1.69,N
39.79174,97.88554,303.34,0.41,0.37,2026-08-23,1945,N,nominal,2.0NRT,289.69,0.86,N
39.79088,97.89032,298.33,0.41,0.37,2026-08-23,1945,N,nominal,2.0NRT,286.36,0.86,N
39.59271,94.30839,301.5,0.39,0.36,2026-08-23,1945,N,nominal,2.0NRT,290.98,0.91,N
36.59169,101.48687,296.92,0.43,0.46,2026-08-23,1947,N,nominal,2.0NRT,284.78,1.07,N
37.34708,97.41191,300.18,0.43,0.38,2026-08-23,1947,N,nominal,2.0NRT,287.42,0.43,N
35.98978,94.82835,299.61,0.39,0.36,2026-08-23,1947,N,nominal,2.0NRT,285.5,0.81,N
35.98909,94.83257,295.22,0.39,0.36,2026-08-23,1947,N,nominal,2.0NRT,283.08,0.81,N
29.45605,76.86481,326.44,0.73,0.76,2026-08-23,1947,N,nominal,2.0NRT,279.86,4.86,N
29.45968,76.85906,307.01,0.73,0.76,2026-08-23,1947,N,nominal,2.0NRT,279.1,2.79,N
29.45934,76.86684,311.09,0.72,0.76,2026-08-23,1947,N,nominal,2.0NRT,280.2,3.52,N
25.03607,87.38985,300.94,0.47,0.4,2026-08-23,1949,N,nominal,2.0NRT,276.37,0.78,N
24.11867,86.86238,304.73,0.49,0.4,2026-08-23,1949,N,nominal,2.0NRT,283.7,1.2,N
24.11497,86.86179,315.04,0.49,0.4,2026-08-23,1949,N,nominal,2.0NRT,284.19,1.2,N
23.79316,86.35529,302.79,0.51,0.41,2026-08-23,1949,N,nominal,2.0NRT,285.79,3.48,N
23.6977,87.09478,303.2,0.47,0.4,2026-08-23,1949,N,nominal,2.0NRT,287.02,2.05,N
23.69225,87.10797,302.31,0.47,0.4,2026-08-23,1949,N,nominal,2.0NRT,286.2,3.18,N
23.79394,86.35359,310.56,0.51,0.41,2026-08-23,1949,N,nominal,2.0NRT,285.98,3.37,N
23.69247,87.10574,304.11,0.47,0.4,2026-08-23,1949,N,nominal,2.0NRT,286.05,1.4,N
23.69184,87.11031,304.34,0.47,0.4,2026-08-23,1949,N,nominal,2.0NRT,286.12,2.47,N
23.68946,87.10056,303.81,0.47,0.4,2026-08-23,1949,N,nominal,2.0NRT,285.44,1.4,N
23.77992,86.37187,307.54,0.51,0.41,2026-08-23,1949,N,nominal,2.0NRT,286.83,2.64,N
23.77368,86.36065,305.88,0.51,0.41,2026-08-23,1949,N,nominal,2.0NRT,285.7,2.7,N
23.77302,86.36568,319.44,0.51,0.41,2026-08-23,1949,N,nominal,2.0NRT,286.74,2.7,N
23.76398,86.40508,320.1,0.51,0.41,2026-08-23,1949,N,nominal,2.0NRT,286.71,3.24,N
23.76086,86.39946,312.32,0.51,0.41,2026-08-23,1949,N,nominal,2.0NRT,286.91,3.24,N
23.7507,86.41822,311.61,0.51,0.41,2026-08-23,1949,N,nominal,2.0NRT,286.58,3.23,N
23.73744,86.43132,315.58,0.51,0.41,2026-08-23,1949,N,nominal,2.0NRT,283.11,3.36,N
23.73679,86.43628,301.72,0.51,0.41,2026-08-23,1949,N,nominal,2.0NRT,280.07,0.7,N
23.72484,86.43946,305.83,0.5,0.41,2026-08-23,1949,N,nominal,2.0NRT,284.04,1.33,N
23.72365,86.41901,304.57,0.51,0.41,2026-08-23,1949,N,nominal,2.0NRT,284.1,1.4,N
23.72301,86.42394,302.85,0.51,0.41,2026-08-23,1949,N,nominal,2.0NRT,283.39,0.68,N
23.71924,86.42335,302.48,0.51,0.41,2026-08-23,1949,N,nominal,2.0NRT,282.02,0.68,N
23.71666,86.44323,307.55,0.5,0.41,2026-08-23,1949,N,nominal,2.0NRT,284.24,2.41,N
23.71547,86.42276,309.67,0.51,0.41,2026-08-23,1949,N,nominal,2.0NRT,284.04,1.37,N
23.71483,86.4277,303.14,0.51,0.41,2026-08-23,1949,N,nominal,2.0NRT,282.95,1.37,N
23.71226,86.44759,304.5,0.5,0.41,2026-08-23,1949,N,nominal,2.0NRT,284.46,1.32,N
23.71161,86.45256,316.85,0.5,0.41,2026-08-23,1949,N,nominal,2.0NRT,284.65,2.32,N
23.70849,86.44699,306.06,0.5,0.41,2026-08-23,1949,N,nominal,2.0NRT,284.37,1.32,N
23.68469,86.39252,319.99,0.51,0.41,2026-08-23,1949,N,nominal,2.0NRT,287.19,4.18,N
23.68028,86.39692,310.89,0.51,0.41,2026-08-23,1949,N,nominal,2.0NRT,286.89,1.83,N
23.67651,86.3963,313.29,0.51,0.41,2026-08-23,1949,N,nominal,2.0NRT,287.7,1.83,N
23.67588,86.40126,314.16,0.51,0.41,2026-08-23,1949,N,nominal,2.0NRT,287.11,1.83,N
23.68546,86.39105,315.22,0.51,0.41,2026-08-23,1949,N,nominal,2.0NRT,287.03,1.98,N
23.68479,86.39607,308.93,0.51,0.41,2026-08-23,1949,N,nominal,2.0NRT,286.78,1.98,N
23.68102,86.39546,308.42,0.51,0.41,2026-08-23,1949,N,nominal,2.0NRT,287.08,1.95,N
23.67725,86.39486,309.09,0.51,0.41,2026-08-23,1949,N,nominal,2.0NRT,287.15,1.95,N
23.67659,86.3998,319.75,0.51,0.41,2026-08-23,1949,N,nominal,2.0NRT,287.62,3.66,N
23.675,86.08497,311.06,0.53,0.42,2026-08-23,1949,N,nominal,2.0NRT,262.8,0.74,N
23.67103,86.11588,308.29,0.52,0.42,2026-08-23,1949,N,nominal,2.0NRT,276.87,1.63,N
22.37943,87.28702,304.16,0.45,0.39,2026-08-23,1949,N,nominal,2.0NRT,286.03,1.24,N
22.37884,87.29135,304.28,0.45,0.39,2026-08-23,1949,N,nominal,2.0NRT,286.06,1.24,N
22.37705,87.27776,331.69,0.45,0.39,2026-08-23,1949,N,nominal,2.0NRT,287.58,3.46,N
22.37646,87.2821,311.21,0.45,0.39,2026-08-23,1949,N,nominal,2.0NRT,286.62,3.46,N
22.38041,87.28827,307.22,0.45,0.39,2026-08-23,1949,N,nominal,2.0NRT,285.8,2.54,N
22.37808,87.27902,335.54,0.45,0.39,2026-08-23,1949,N,nominal,2.0NRT,287.71,6.18,N
22.36435,87.29896,320.25,0.45,0.39,2026-08-23,1949,N,nominal,2.0NRT,289.13,3.59,N
22.35846,87.28915,315.8,0.45,0.39,2026-08-23,1949,N,nominal,2.0NRT,289.23,3.44,N
22.36707,87.01698,305.19,0.46,0.39,2026-08-23,1949,N,nominal,2.0NRT,280.79,1.1,N
22.36347,87.01639,307.08,0.46,0.39,2026-08-23,1949,N,nominal,2.0NRT,281.28,1.1,N
22.24415,87.38719,316.48,0.44,0.38,2026-08-23,1949,N,nominal,2.0NRT,289.59,2.84,N
22.05338,88.12582,312.77,0.41,0.37,2026-08-23,1949,N,nominal,2.0NRT,274.86,0.97,N
22.04995,88.12524,300.72,0.41,0.37,2026-08-23,1949,N,nominal,2.0NRT,274.65,0.97,N
17.6089,83.2031,312.06,0.43,0.46,2026-08-23,1951,N,nominal,2.0NRT,285.59,2.51,N
17.60466,83.20252,308.79,0.43,0.46,2026-08-23,1951,N,nominal,2.0NRT,284.47,1.86,N
7.8122,99.87516,295.28,0.66,0.73,2026-08-23,1951,N,nominal,2.0NRT,265.64,1.88,N
7.81008,99.87469,297.38,0.66,0.73,2026-08-23,1951,N,nominal,2.0NRT,260.73,2.84,N
11.1382,77.34947,295.69,0.43,0.62,2026-08-23,1951,N,nominal,2.0NRT,265.86,0.63,N
10.07274,77.25336,313.23,0.43,0.62,2026-08-23,1953,N,nominal,2.0NRT,276.82,1.63,N
10.07236,77.25639,313.63,0.43,0.62,2026-08-23,1953,N,nominal,2.0NRT,276.72,1.63,N
10.07149,77.25207,301.66,0.43,0.62,2026-08-23,1953,N,nominal,2.0NRT,276.97,2.47,N
10.0711,77.255,318.01,0.43,0.62,2026-08-23,1953,N,nominal,2.0NRT,277.2,1.65,N
10.07071,77.25803,298.24,0.42,0.61,2026-08-23,1953,N,nominal,2.0NRT,276.35,1.65,N
38.87342,70.12011,303.62,0.39,0.36,2026-08-23,2125,N,nominal,2.0NRT,288.04,0.5,N
39.18159,65.31258,308.55,0.48,0.4,2026-08-23,2125,N,nominal,2.0NRT,292.22,1.75,N
39.24803,63.21145,308.47,0.39,0.44,2026-08-23,2125,N,nominal,2.0NRT,291.94,1.49,N
39.24776,63.17385,304.5,0.4,0.44,2026-08-23,2125,N,nominal,2.0NRT,292.61,0.61,N
39.19974,63.1986,302.56,0.39,0.44,2026-08-23,2125,N,nominal,2.0NRT,292.42,0.3,N
39.18448,63.34924,302.47,0.39,0.44,2026-08-23,2125,N,nominal,2.0NRT,291.85,0.56,N
39.19567,63.19792,303.76,0.39,0.44,2026-08-23,2125,N,nominal,2.0NRT,292.5,0.44,N
39.19475,63.20712,308.69,0.39,0.44,2026-08-23,2125,N,nominal,2.0NRT,293.03,0.83,N
39.17999,63.35307,314.39,0.39,0.44,2026-08-23,2125,N,nominal,2.0NRT,293.19,0.79,N
39.16941,63.25414,308.36,0.39,0.44,2026-08-23,2125,N,nominal,2.0NRT,293.88,0.98,N
39.16895,63.25872,306.44,0.39,0.44,2026-08-23,2125,N,nominal,2.0NRT,293.45,0.84,N
39.16445,63.26258,309.77,0.39,0.44,2026-08-23,2125,N,nominal,2.0NRT,293.35,0.92,N
38.44584,68.88327,333.41,0.39,0.36,2026-08-23,2125,N,nominal,2.0NRT,290.27,2.9,N
39.12711,63.30889,312.54,0.39,0.44,2026-08-23,2125,N,nominal,2.0NRT,293.47,0.89,N
39.11622,63.33462,308,0.39,0.44,2026-08-23,2125,N,nominal,2.0NRT,293.47,1.15,N
38.96763,64.48302,317.19,0.51,0.41,2026-08-23,2125,N,nominal,2.0NRT,293.11,1.78,N
39.15729,62.58851,305.64,0.42,0.45,2026-08-23,2125,N,nominal,2.0NRT,294.11,0.85,N
38.99665,64.11656,303.45,0.53,0.42,2026-08-23,2125,N,nominal,2.0NRT,292.8,0.74,N
39.05596,63.44297,303.33,0.38,0.43,2026-08-23,2125,N,nominal,2.0NRT,292.25,1.16,N
38.32496,68.9861,305.15,0.39,0.36,2026-08-23,2125,N,nominal,2.0NRT,294.51,0.99,N
39.00552,63.53893,303.07,0.57,0.43,2026-08-23,2125,N,nominal,2.0NRT,292.34,0.85,N
39.00391,63.53863,302.17,0.57,0.43,2026-08-23,2125,N,nominal,2.0NRT,291.6,0.79,N
38.96334,63.69117,301.72,0.56,0.43,2026-08-23,2125,N,nominal,2.0NRT,291.37,0.43,N
38.97499,63.4663,307.44,0.57,0.43,2026-08-23,2125,N,nominal,2.0NRT,294.44,1.47,N
38.6871,65.9543,304.85,0.45,0.39,2026-08-23,2125,N,nominal,2.0NRT,291.96,1.18,N
38.68,65.95284,316.88,0.45,0.39,2026-08-23,2125,N,nominal,2.0NRT,293.11,2.06,N
38.87171,63.79927,305.09,0.55,0.43,2026-08-23,2125,N,nominal,2.0NRT,291.56,0.9,N
38.87274,63.79953,305.54,0.55,0.43,2026-08-23,2125,N,nominal,2.0NRT,291.87,0.92,N
38.5514,65.94615,302.89,0.45,0.39,2026-08-23,2125,N,nominal,2.0NRT,292.31,0.99,N
38.64991,63.9818,306.27,0.54,0.42,2026-08-23,2125,N,nominal,2.0NRT,292.5,0.9,N
38.05239,67.26355,328.71,0.41,0.37,2026-08-23,2125,N,nominal,2.0NRT,294.49,8.6,N
38.04902,67.26277,319.86,0.41,0.37,2026-08-23,2125,N,nominal,2.0NRT,290.64,1.43,N
38.12983,64.67369,309.7,0.49,0.41,2026-08-23,2125,N,nominal,2.0NRT,293.39,1.32,N
38.12904,64.67768,304.01,0.49,0.41,2026-08-23,2125,N,nominal,2.0NRT,292.75,0.72,N
38.05493,64.88586,313.47,0.48,0.4,2026-08-23,2125,N,nominal,2.0NRT,293.21,1.48,N
37.92966,65.63924,304.13,0.45,0.39,2026-08-23,2125,N,nominal,2.0NRT,291.99,0.91,N
38.68134,54.31363,326.25,0.58,0.7,2026-08-23,2125,N,nominal,2.0NRT,295.29,2.4,N
38.64954,54.2772,321.31,0.58,0.7,2026-08-23,2125,N,nominal,2.0NRT,295.57,2.41,N
38.64938,54.28415,317.7,0.58,0.7,2026-08-23,2125,N,nominal,2.0NRT,295.25,2.41,N
38.68235,54.31617,323.88,0.58,0.7,2026-08-23,2125,N,nominal,2.0NRT,295.08,1.88,N
37.8307,65.17799,304.72,0.47,0.4,2026-08-23,2125,N,nominal,2.0NRT,292.04,0.39,N
38.65075,54.27997,331.88,0.58,0.7,2026-08-23,2125,N,nominal,2.0NRT,296.38,4.2,N
37.80333,65.18893,304.61,0.47,0.39,2026-08-23,2125,N,nominal,2.0NRT,292.32,0.65,N
37.7303,65.5117,303.18,0.45,0.39,2026-08-23,2125,N,nominal,2.0NRT,293.15,0.7,N
37.98542,61.88662,311.54,0.44,0.46,2026-08-23,2125,N,nominal,2.0NRT,294.39,1.6,N
38.25649,58.39002,309.17,0.35,0.56,2026-08-23,2125,N,nominal,2.0NRT,297.47,1.61,N
38.2632,57.6576,312.75,0.38,0.59,2026-08-23,2125,N,nominal,2.0NRT,298.35,1.51,N
38.19451,58.09945,308.29,0.36,0.57,2026-08-23,2125,N,nominal,2.0NRT,293.89,0.77,N
37.88599,62.02053,304.86,0.44,0.46,2026-08-23,2125,N,nominal,2.0NRT,293.2,0.83,N
37.88718,62.02295,306.54,0.44,0.46,2026-08-23,2125,N,nominal,2.0NRT,294.04,0.65,N
38.19644,58.09957,306.89,0.36,0.57,2026-08-23,2125,N,nominal,2.0NRT,293.89,0.74,N
37.79628,62.54991,315.07,0.41,0.45,2026-08-23,2125,N,nominal,2.0NRT,292.28,1.94,N
37.78896,62.53921,312.62,0.41,0.45,2026-08-23,2125,N,nominal,2.0NRT,292.65,1.06,N
37.77578,62.02982,305.02,0.43,0.46,2026-08-23,2125,N,nominal,2.0NRT,292.22,0.53,N
37.79623,61.49445,304.18,0.46,0.47,2026-08-23,2125,N,nominal,2.0NRT,293.01,0.42,N
37.74118,62.07492,306.7,0.43,0.46,2026-08-23,2125,N,nominal,2.0NRT,293.19,0.66,N
37.72655,62.09275,306.3,0.43,0.46,2026-08-23,2125,N,nominal,2.0NRT,293.91,1.13,N
37.66975,62.23783,311.85,0.42,0.45,2026-08-23,2125,N,nominal,2.0NRT,293.29,1.33,N
37.66089,62.24136,305.16,0.42,0.45,2026-08-23,2125,N,nominal,2.0NRT,292.84,0.5,N
37.94059,58.56266,312.42,0.34,0.56,2026-08-23,2125,N,nominal,2.0NRT,295.37,1.07,N
37.63852,62.20654,307.57,0.42,0.46,2026-08-23,2125,N,nominal,2.0NRT,292.44,1.39,N
37.62914,62.21495,306.79,0.42,0.45,2026-08-23,2125,N,nominal,2.0NRT,293.75,1.7,N
37.6549,61.90794,313.79,0.44,0.46,2026-08-23,2125,N,nominal,2.0NRT,295.04,1.69,N
37.62505,62.16993,312.75,0.43,0.46,2026-08-23,2125,N,nominal,2.0NRT,295.52,1.68,N
37.62516,62.12527,305.38,0.43,0.46,2026-08-23,2125,N,nominal,2.0NRT,293.5,0.72,N
37.6195,62.13931,321.17,0.43,0.46,2026-08-23,2125,N,nominal,2.0NRT,295.39,2.45,N
37.62825,61.95992,304.65,0.44,0.46,2026-08-23,2125,N,nominal,2.0NRT,293.28,0.29,N
37.60883,61.60444,315.39,0.46,0.47,2026-08-23,2125,N,nominal,2.0NRT,296.96,2.48,N
37.6086,61.60366,308.55,0.46,0.47,2026-08-23,2125,N,nominal,2.0NRT,295.72,1.8,N
37.60809,61.60888,304.84,0.46,0.47,2026-08-23,2125,N,nominal,2.0NRT,294.48,1.27,N
37.59815,61.52768,309.1,0.46,0.47,2026-08-23,2125,N,nominal,2.0NRT,293.53,1.94,N
37.59517,61.55921,303.38,0.46,0.47,2026-08-23,2125,N,nominal,2.0NRT,293.21,1.16,N
37.59378,61.52703,324.14,0.46,0.47,2026-08-23,2125,N,nominal,2.0NRT,295.11,1.94,N
37.5821,61.55728,307.29,0.46,0.47,2026-08-23,2125,N,nominal,2.0NRT,293.5,1.45,N
37.50189,61.98995,309.45,0.43,0.46,2026-08-23,2125,N,nominal,2.0NRT,293.7,1.04,N
37.63332,60.33764,305.26,0.53,0.5,2026-08-23,2125,N,nominal,2.0NRT,293.1,0.96,N
37.49804,61.84721,310.56,0.44,0.46,2026-08-23,2125,N,nominal,2.0NRT,296.14,1.73,N
37.48668,60.45722,301.76,0.52,0.5,2026-08-23,2127,N,nominal,2.0NRT,291.41,1.01,N
37.34731,61.36377,305.31,0.47,0.47,2026-08-23,2127,N,nominal,2.0NRT,293.5,0.87,N
37.12018,62.36359,328.05,0.41,0.45,2026-08-23,2127,N,nominal,2.0NRT,294.94,2.35,N
37.11604,62.36294,318.58,0.41,0.45,2026-08-23,2127,N,nominal,2.0NRT,294.53,2.35,N
37.45437,57.68909,303.49,0.37,0.58,2026-08-23,2127,N,nominal,2.0NRT,292.28,0.74,N
37.03384,62.41449,328.49,0.41,0.45,2026-08-23,2127,N,nominal,2.0NRT,295.5,5.26,N
37.03337,62.41911,308.12,0.41,0.45,2026-08-23,2127,N,nominal,2.0NRT,295.08,3.36,N
37.04565,60.80745,305.86,0.5,0.49,2026-08-23,2127,N,nominal,2.0NRT,292.52,0.64,N
37.11815,58.47763,302.42,0.33,0.56,2026-08-23,2127,N,nominal,2.0NRT,288.15,0.65,N
36.94448,54.88786,311.76,0.52,0.67,2026-08-23,2127,N,nominal,2.0NRT,294.85,1.46,N
36.47692,61.61999,303.75,0.44,0.46,2026-08-23,2127,N,nominal,2.0NRT,293,2.77,N
36.34678,59.69697,302.55,0.56,0.52,2026-08-23,2127,N,nominal,2.0NRT,289.28,0.58,N
35.36821,59.30212,300.08,0.58,0.52,2026-08-23,2127,N,nominal,2.0NRT,290.01,1.11,N
33.5474,71.55044,307.58,0.45,0.39,2026-08-23,2127,N,nominal,2.0NRT,296.19,1.1,N
33.29773,71.18772,309.52,0.44,0.39,2026-08-23,2127,N,nominal,2.0NRT,294.72,1.22,N
32.88889,71.6182,320.66,0.47,0.39,2026-08-23,2127,N,nominal,2.0NRT,297.89,2.84,N
34.08178,62.13371,302.25,0.39,0.44,2026-08-23,2127,N,nominal,2.0NRT,290.91,0.31,N
31.26044,76.92447,303.03,0.63,0.54,2026-08-23,2127,N,nominal,2.0NRT,289.55,1.21,N
31.25972,76.92417,303.56,0.63,0.54,2026-08-23,2127,N,nominal,2.0NRT,289.44,1.06,N
32.29051,70.73896,297.42,0.44,0.38,2026-08-23,2127,N,nominal,2.0NRT,275.97,0.69,N
33.75113,59.14546,302.79,0.57,0.52,2026-08-23,2127,N,nominal,2.0NRT,289.86,1.16,N
32.70331,67.72659,309.79,0.38,0.36,2026-08-23,2127,N,nominal,2.0NRT,287.12,1.39,N
33.27205,57.54025,305.22,0.35,0.56,2026-08-23,2127,N,nominal,2.0NRT,291.03,0.44,N
33.04207,56.84655,307.44,0.38,0.59,2026-08-23,2127,N,nominal,2.0NRT,296.73,1.53,N
29.45798,76.88937,307.07,0.34,0.56,2026-08-23,2127,N,nominal,2.0NRT,286.24,1.17,N
29.45706,76.87043,345.96,0.34,0.56,2026-08-23,2127,N,nominal,2.0NRT,287.56,3.77,N
29.45788,76.86697,309.22,0.34,0.56,2026-08-23,2127,N,nominal,2.0NRT,287.34,2.77,N
29.35946,76.95735,305.21,0.35,0.57,2026-08-23,2127,N,nominal,2.0NRT,288.28,0.77,N
32.3332,54.0858,306.78,0.54,0.68,2026-08-23,2127,N,nominal,2.0NRT,291.77,1.5,N
32.33665,54.08527,304.31,0.54,0.68,2026-08-23,2127,N,nominal,2.0NRT,291.64,1.46,N
31.70492,55.44675,308.56,0.44,0.63,2026-08-23,2127,N,nominal,2.0NRT,297.43,1.75,N
30.75748,56.65564,308.33,0.37,0.58,2026-08-23,2127,N,nominal,2.0NRT,292.77,1.07,N
30.75718,56.65966,305.17,0.37,0.58,2026-08-23,2127,N,nominal,2.0NRT,292.08,1.07,N
27.66743,76.13509,303.8,0.34,0.56,2026-08-23,2127,N,nominal,2.0NRT,288.75,0.76,N
30.66554,56.61941,302.97,0.37,0.58,2026-08-23,2127,N,nominal,2.0NRT,290.06,0.8,N
30.36838,57.1123,300.3,0.34,0.56,2026-08-23,2127,N,nominal,2.0NRT,288.99,0.64,N
30.37007,56.12655,303.93,0.39,0.6,2026-08-23,2127,N,nominal,2.0NRT,290.44,1.11,N
30.23706,56.90833,315.23,0.35,0.57,2026-08-23,2127,N,nominal,2.0NRT,294.37,1.59,N
30.23179,56.90777,316.5,0.35,0.57,2026-08-23,2127,N,nominal,2.0NRT,293.27,1.59,N
30.21492,55.98533,301.47,0.4,0.6,2026-08-23,2129,N,nominal,2.0NRT,289.63,0.84,N
28.425,69.69938,315.86,0.45,0.39,2026-08-23,2129,N,nominal,2.0NRT,294.06,1.53,N
30.08287,55.39848,330.78,0.43,0.62,2026-08-23,2129,N,nominal,2.0NRT,292.75,4.21,N
30.08254,55.39751,333.01,0.43,0.62,2026-08-23,2129,N,nominal,2.0NRT,292.67,3.95,N
29.99215,55.85116,333.45,0.41,0.6,2026-08-23,2129,N,nominal,2.0NRT,287.36,4.68,N
29.99187,55.85503,299.78,0.41,0.6,2026-08-23,2129,N,nominal,2.0NRT,285.44,2.53,N
30.00879,55.20319,301.91,0.44,0.63,2026-08-23,2129,N,nominal,2.0NRT,288.55,1.01,N
29.99747,55.1974,301.25,0.44,0.63,2026-08-23,2129,N,nominal,2.0NRT,290.2,1.51,N
29.478,60.80651,303.66,0.41,0.45,2026-08-23,2129,N,nominal,2.0NRT,291.62,0.49,N
29.4753,60.80668,305.92,0.41,0.45,2026-08-23,2129,N,nominal,2.0NRT,291.79,0.74,N
29.51373,55.79725,302.2,0.4,0.6,2026-08-23,2129,N,nominal,2.0NRT,291.35,0.62,N
28.28696,55.24081,309.32,0.42,0.61,2026-08-23,2129,N,nominal,2.0NRT,297.43,3.63,N
28.28539,55.23845,317.58,0.42,0.61,2026-08-23,2129,N,nominal,2.0NRT,298.3,3,N
27.22736,60.48885,315.44,0.4,0.44,2026-08-23,2129,N,nominal,2.0NRT,300.38,2.57,N
27.42094,56.50027,314.4,0.35,0.56,2026-08-23,2129,N,nominal,2.0NRT,298.77,0.94,N
27.30039,56.3015,310.08,0.35,0.57,2026-08-23,2129,N,nominal,2.0NRT,298.79,0.8,N
24.68984,73.00451,307.66,0.51,0.49,2026-08-23,2129,N,nominal,2.0NRT,291.76,1.64,N
27.17274,56.05247,326.07,0.37,0.58,2026-08-23,2129,N,nominal,2.0NRT,300,3.06,N
27.16737,56.05181,332.13,0.37,0.58,2026-08-23,2129,N,nominal,2.0NRT,299.66,3.06,N
27.16768,56.04807,316.75,0.37,0.58,2026-08-23,2129,N,nominal,2.0NRT,298.88,3.79,N
27.16342,56.10051,317.07,0.36,0.58,2026-08-23,2129,N,nominal,2.0NRT,299.37,2.46,N
27.16311,56.10426,309.73,0.36,0.58,2026-08-23,2129,N,nominal,2.0NRT,298.84,1.06,N
27.17479,56.05926,311.24,0.37,0.58,2026-08-23,2129,N,nominal,2.0NRT,299.4,2.06,N
27.17008,56.0512,340.44,0.37,0.58,2026-08-23,2129,N,nominal,2.0NRT,300.24,3.43,N
27.16975,56.05491,333.41,0.37,0.58,2026-08-23,2129,N,nominal,2.0NRT,299.88,3.43,N
27.16011,56.10288,321.79,0.36,0.58,2026-08-23,2129,N,nominal,2.0NRT,299.62,1.33,N
27.14309,56.11208,311.24,0.36,0.58,2026-08-23,2129,N,nominal,2.0NRT,299.13,0.95,N
26.95843,55.54442,313.15,0.39,0.59,2026-08-23,2129,N,nominal,2.0NRT,299.08,0.99,N
26.6206,55.73763,327.92,0.38,0.59,2026-08-23,2129,N,nominal,2.0NRT,299.67,6.31,N
26.61515,55.73703,367,0.38,0.59,2026-08-23,2129,N,high,2.0NRT,299.26,6.31,N
26.61483,55.7409,323.25,0.38,0.59,2026-08-23,2129,N,nominal,2.0NRT,298.81,6.62,N
25.97436,56.07077,316.25,0.35,0.57,2026-08-23,2129,N,nominal,2.0NRT,300.39,1.63,N
25.56976,55.98691,313.3,0.35,0.57,2026-08-23,2129,N,nominal,2.0NRT,300.13,0.82,N
24.99272,55.62707,315.33,0.37,0.58,2026-08-23,2129,N,nominal,2.0NRT,297.19,0.86,N
24.98733,55.62645,310.93,0.37,0.58,2026-08-23,2129,N,nominal,2.0NRT,296.41,0.86,N
24.99084,55.62466,317.71,0.37,0.58,2026-08-23,2129,N,nominal,2.0NRT,297,2.97,N
24.50624,56.60526,328.81,0.63,0.54,2026-08-23,2129,N,nominal,2.0NRT,297.92,4.98,N
24.51089,54.01702,350.38,0.46,0.64,2026-08-23,2129,N,nominal,2.0NRT,299.52,5.55,N
24.50737,54.01792,328.08,0.46,0.63,2026-08-23,2129,N,nominal,2.0NRT,298.87,1.67,N
24.50777,54.01327,312.32,0.46,0.63,2026-08-23,2129,N,nominal,2.0NRT,298.99,1.67,N
23.36671,56.2811,313.65,0.32,0.55,2026-08-23,2131,N,nominal,2.0NRT,297.93,0.97,N
23.1926,55.45666,320.87,0.36,0.57,2026-08-23,2131,N,nominal,2.0NRT,298.43,2.41,N
23.31254,54.17558,311.1,0.44,0.62,2026-08-23,2131,N,nominal,2.0NRT,296.87,1.28,N
23.2764,54.25461,341.64,0.43,0.62,2026-08-23,2131,N,nominal,2.0NRT,297.72,11.94,N
23.27602,54.25893,367,0.43,0.62,2026-08-23,2131,N,high,2.0NRT,299.57,11.94,N
23.27564,54.26323,308.14,0.43,0.62,2026-08-23,2131,N,nominal,2.0NRT,296.45,4.13,N
23.15563,55.4487,311.03,0.36,0.57,2026-08-23,2131,N,nominal,2.0NRT,297.61,1.23,N
23.1503,55.44807,333.96,0.36,0.57,2026-08-23,2131,N,nominal,2.0NRT,298.05,1.66,N
23.15064,55.44448,308.74,0.36,0.57,2026-08-23,2131,N,nominal,2.0NRT,297.29,1.66,N
23.04991,56.05537,327.26,0.33,0.55,2026-08-23,2131,N,nominal,2.0NRT,296.85,1.41,N
23.04479,56.05474,332.95,0.33,0.55,2026-08-23,2131,N,nominal,2.0NRT,295.93,1.41,N
23.0479,56.05587,341.07,0.33,0.55,2026-08-23,2131,N,nominal,2.0NRT,297.39,2.6,N
22.92547,55.80422,313.1,0.34,0.56,2026-08-23,2131,N,nominal,2.0NRT,296.02,1.99,N
22.88188,55.92727,310,0.33,0.56,2026-08-23,2131,N,nominal,2.0NRT,297.95,1.72,N
22.87705,55.92334,329.04,0.33,0.56,2026-08-23,2131,N,nominal,2.0NRT,297.39,2.44,N
22.87504,55.6148,318.75,0.35,0.57,2026-08-23,2131,N,nominal,2.0NRT,296.86,1.2,N
22.87578,55.61594,309.12,0.35,0.57,2026-08-23,2131,N,nominal,2.0NRT,296.21,0.77,N
22.78209,55.81469,316.62,0.34,0.56,2026-08-23,2131,N,nominal,2.0NRT,297.43,1.14,N
22.67356,56.24798,310.96,0.63,0.54,2026-08-23,2131,N,nominal,2.0NRT,296.94,6.89,N
22.44097,56.70023,311.51,0.59,0.53,2026-08-23,2131,N,nominal,2.0NRT,297.01,1.19,N
22.44314,56.69806,314.46,0.59,0.53,2026-08-23,2131,N,nominal,2.0NRT,297.12,1.22,N
22.40659,56.98624,312.6,0.56,0.52,2026-08-23,2131,N,nominal,2.0NRT,297.49,1.71,N
22.40598,56.9918,310.18,0.56,0.52,2026-08-23,2131,N,nominal,2.0NRT,297.34,1.2,N
22.32989,56.48698,339.5,0.6,0.53,2026-08-23,2131,N,nominal,2.0NRT,297.5,7.64,N
22.32681,56.46885,311.98,0.61,0.53,2026-08-23,2131,N,nominal,2.0NRT,298.1,2.26,N
22.32494,56.48648,310.83,0.6,0.53,2026-08-23,2131,N,nominal,2.0NRT,297.53,2.39,N
22.52845,54.05147,308.97,0.44,0.62,2026-08-23,2131,N,nominal,2.0NRT,297.16,1,N
22.29099,56.52458,311.4,0.6,0.53,2026-08-23,2131,N,nominal,2.0NRT,298.1,1.37,N
21.93755,57.07034,317.81,0.55,0.51,2026-08-23,2131,N,nominal,2.0NRT,297.02,2.14,N
21.93696,57.0757,317.4,0.55,0.51,2026-08-23,2131,N,nominal,2.0NRT,296.92,2.14,N
21.89001,56.84579,317.46,0.57,0.52,2026-08-23,2131,N,nominal,2.0NRT,297.8,1.93,N
21.94255,56.03409,317.91,0.32,0.55,2026-08-23,2131,N,nominal,2.0NRT,297.34,1.17,N
21.83486,56.67889,319.97,0.58,0.52,2026-08-23,2131,N,nominal,2.0NRT,297.21,1.92,N
21.33511,57.72397,314.71,0.49,0.49,2026-08-23,2131,N,nominal,2.0NRT,295.87,1.14,N
21.32165,57.72211,310.74,0.49,0.49,2026-08-23,2131,N,nominal,2.0NRT,295.59,1.15,N
21.31496,57.74057,311.02,0.49,0.49,2026-08-23,2131,N,nominal,2.0NRT,295.96,1.27,N
21.31441,57.74532,310.57,0.49,0.48,2026-08-23,2131,N,nominal,2.0NRT,295.59,1.27,N
21.30993,57.7447,315.63,0.49,0.48,2026-08-23,2131,N,nominal,2.0NRT,295.51,1.27,N
21.30394,57.79669,318.38,0.49,0.48,2026-08-23,2131,N,nominal,2.0NRT,295.74,1.5,N
21.30534,57.70528,310.92,0.49,0.49,2026-08-23,2131,N,nominal,2.0NRT,295.65,0.78,N
21.00504,56.53044,311.07,0.58,0.52,2026-08-23,2131,N,nominal,2.0NRT,297.82,3.6,N
21.0002,56.5298,316.41,0.58,0.52,2026-08-23,2131,N,nominal,2.0NRT,297.39,3.6,N
20.37497,55.93481,309.08,0.62,0.54,2026-08-23,2131,N,nominal,2.0NRT,297.06,1.38,N
20.38944,55.66055,320.05,0.32,0.55,2026-08-23,2131,N,nominal,2.0NRT,297.33,1.03,N
20.3891,55.66372,311.24,0.32,0.55,2026-08-23,2131,N,nominal,2.0NRT,296.74,1.03,N
20.38571,55.64724,320.73,0.32,0.55,2026-08-23,2131,N,nominal,2.0NRT,297.68,1.02,N
20.21269,55.71262,313.46,0.32,0.55,2026-08-23,2131,N,nominal,2.0NRT,296.28,0.54,N
16.7534,74.28566,301.79,0.44,0.62,2026-08-23,2131,N,nominal,2.0NRT,282.91,0.63,N
18.3257,55.10554,314.3,0.33,0.55,2026-08-23,2131,N,nominal,2.0NRT,296.76,0.66,N
18.32056,55.10491,334.7,0.33,0.55,2026-08-23,2131,N,nominal,2.0NRT,297.34,2.02,N
18.01304,54.5704,367,0.36,0.57,2026-08-23,2131,N,high,2.0NRT,304.61,13.53,N
18.0134,54.56698,310.33,0.36,0.57,2026-08-23,2131,N,nominal,2.0NRT,294.27,13.53,N
18.01267,54.57381,318.91,0.36,0.57,2026-08-23,2131,N,nominal,2.0NRT,295.89,9.09,N
18.01413,54.57068,367,0.36,0.57,2026-08-23,2131,N,high,2.0NRT,304.44,12.8,N
18.01375,54.57408,322.32,0.36,0.57,2026-08-23,2131,N,nominal,2.0NRT,296.78,10.43,N
18.01452,54.56727,307.82,0.36,0.57,2026-08-23,2131,N,nominal,2.0NRT,294.11,12.8,N
17.97626,54.52461,312.47,0.36,0.57,2026-08-23,2131,N,nominal,2.0NRT,293.36,1.12,N
37.5911,61.52877,303.7,0.73,0.76,2026-08-23,2307,N,nominal,2.0NRT,291.18,1.78,N
37.59372,61.52903,307.28,0.73,0.76,2026-08-23,2307,N,nominal,2.0NRT,291.78,1.7,N
38.26197,57.65915,313.7,0.45,0.63,2026-08-23,2307,N,nominal,2.0NRT,297.33,1.96,N
37.93954,58.5641,303.82,0.51,0.66,2026-08-23,2307,N,nominal,2.0NRT,293.14,0.65,N
37.82693,58.38516,302.37,0.5,0.66,2026-08-23,2307,N,nominal,2.0NRT,292.14,0.41,N
38.68201,54.31798,318.32,0.59,0.53,2026-08-23,2307,N,nominal,2.0NRT,296.27,1.64,N
38.64956,54.28291,335.59,0.59,0.53,2026-08-23,2307,N,nominal,2.0NRT,296.53,5.28,N
38.65127,54.28195,326.75,0.59,0.53,2026-08-23,2307,N,nominal,2.0NRT,296.99,3.15,N
38.64659,54.28004,311.73,0.59,0.53,2026-08-23,2307,N,nominal,2.0NRT,295.1,1.94,N
36.94851,54.88964,310.05,0.35,0.57,2026-08-23,2307,N,nominal,2.0NRT,295.74,1.12,N
36.9435,54.8875,311.41,0.35,0.57,2026-08-23,2307,N,nominal,2.0NRT,295.09,1.11,N
36.9474,54.89088,319.42,0.35,0.57,2026-08-23,2307,N,nominal,2.0NRT,295.77,1.38,N
36.29924,54.78812,302.93,0.36,0.57,2026-08-23,2307,N,nominal,2.0NRT,291.95,0.57,N
32.33691,54.08826,307.42,0.41,0.61,2026-08-23,2309,N,nominal,2.0NRT,290.66,1.69,N
31.62318,54.72596,310.8,0.47,0.64,2026-08-23,2309,N,nominal,2.0NRT,291.83,1.04,N
30.75819,56.65942,301.73,0.63,0.72,2026-08-23,2309,N,nominal,2.0NRT,290.67,2.71,N
30.50201,56.81833,301.22,0.65,0.73,2026-08-23,2309,N,nominal,2.0NRT,290.11,1.71,N
30.49566,56.81552,300.91,0.65,0.73,2026-08-23,2309,N,nominal,2.0NRT,288.8,1.71,N
30.49939,56.8179,309.55,0.65,0.73,2026-08-23,2309,N,nominal,2.0NRT,290.61,2.36,N
29.99479,55.85217,316.63,0.59,0.7,2026-08-23,2309,N,nominal,2.0NRT,285.28,2.79,N
29.99371,55.85196,317.22,0.59,0.7,2026-08-23,2309,N,nominal,2.0NRT,285.26,2.54,N
29.98925,55.19347,299.48,0.54,0.68,2026-08-23,2309,N,nominal,2.0NRT,288.71,0.96,N
27.16469,56.09879,307.58,0.71,0.75,2026-08-23,2309,N,nominal,2.0NRT,296.16,2.29,N
27.17068,56.05531,320.62,0.71,0.75,2026-08-23,2309,N,nominal,2.0NRT,296.52,5.91,N
27.16867,56.0626,316.25,0.71,0.75,2026-08-23,2309,N,nominal,2.0NRT,296.42,5.76,N
27.15882,56.09833,310.16,0.71,0.75,2026-08-23,2309,N,nominal,2.0NRT,295.99,3.38,N
24.50717,54.02188,335.52,0.62,0.72,2026-08-23,2312,N,nominal,2.0NRT,300.15,3.49,N
24.50874,54.01577,313.85,0.62,0.72,2026-08-23,2312,N,nominal,2.0NRT,300.29,3.49,N
23.28189,54.25843,319.32,0.69,0.74,2026-08-23,2312,N,nominal,2.0NRT,293.19,3.85,N
23.28013,54.26508,310.08,0.69,0.74,2026-08-23,2312,N,nominal,2.0NRT,292.75,2.87,N
23.28161,54.25893,316.83,0.69,0.74,2026-08-23,2312,N,nominal,2.0NRT,293.21,4.42,N
23.27991,54.2656,308.43,0.69,0.74,2026-08-23,2312,N,nominal,2.0NRT,293.21,4.42,N
23.27319,54.26362,343.27,0.69,0.74,2026-08-23,2312,N,nominal,2.0NRT,294.05,4.42,N
23.27491,54.25693,314.57,0.69,0.74,2026-08-23,2312,N,nominal,2.0NRT,294.01,4.42,N
38.49621,100.90762,332.36,0.52,0.67,2026-08-24,0525,N,nominal,2.0NRT,301.53,2.89,D
20.96418,94.86232,333.63,0.39,0.36,2026-08-24,0701,N,nominal,2.0NRT,291.78,1.74,D
22.73743,100.50676,343.66,0.4,0.45,2026-08-24,0701,N,nominal,2.0NRT,290.28,8.98,D
22.79431,100.87514,332.19,0.43,0.46,2026-08-24,0701,N,nominal,2.0NRT,295.18,3.12,D
22.97566,100.16389,334.98,0.39,0.44,2026-08-24,0701,N,nominal,2.0NRT,290.48,2.25,D
23.99773,101.07072,328.2,0.45,0.47,2026-08-24,0701,N,nominal,2.0NRT,286.88,4.56,D
26.62234,101.59583,332.77,0.53,0.5,2026-08-24,0701,N,nominal,2.0NRT,293.98,4.17,D
29.66766,91.91384,329.32,0.39,0.36,2026-08-24,0703,N,nominal,2.0NRT,292.36,2.43,D
29.08405,88.01155,330.14,0.55,0.43,2026-08-24,0703,N,nominal,2.0NRT,304.52,4.66,D
31.99853,78.5369,333.62,0.54,0.68,2026-08-24,0705,N,nominal,2.0NRT,298.58,4.85,D
6.52771,81.11231,332.84,0.59,0.53,2026-08-24,0837,N,nominal,2.0NRT,294.46,4.55,D
6.74807,81.51759,332.68,0.32,0.55,2026-08-24,0837,N,nominal,2.0NRT,291.31,2.92,D
36.74884,101.49651,333.12,0.34,0.56,2026-08-24,0705,N,nominal,2.0NRT,298.49,2.23,D
6.71762,81.08398,336.16,0.6,0.53,2026-08-24,0837,N,nominal,2.0NRT,289.92,7.81,D
6.79838,81.44492,332.22,0.63,0.54,2026-08-24,0837,N,nominal,2.0NRT,290.14,5.18,D
38.47813,100.93155,351.08,0.32,0.55,2026-08-24,0705,N,nominal,2.0NRT,301.83,4.82,D
6.85608,81.75537,354.45,0.33,0.55,2026-08-24,0837,N,nominal,2.0NRT,292.1,17.37,D
7.15503,80.97341,345.3,0.59,0.53,2026-08-24,0837,N,nominal,2.0NRT,294.49,13.5,D
38.48378,100.86329,337.02,0.32,0.55,2026-08-24,0705,N,nominal,2.0NRT,300.24,2.53,D
7.16668,81.01984,330.62,0.6,0.53,2026-08-24,0837,N,nominal,2.0NRT,295.18,4.18,D
7.16001,80.97327,341.89,0.59,0.53,2026-08-24,0837,N,nominal,2.0NRT,294.59,15.32,D
38.49702,100.90741,330.39,0.32,0.55,2026-08-24,0705,N,low,2.0NRT,302.26,2.5,D
7.15935,80.96866,339.98,0.59,0.53,2026-08-24,0837,N,nominal,2.0NRT,294.89,15.32,D
7.1649,80.97253,343.27,0.59,0.53,2026-08-24,0837,N,nominal,2.0NRT,296.97,15.32,D
7.16425,80.96798,350.82,0.59,0.53,2026-08-24,0837,N,nominal,2.0NRT,296.84,15.32,D
7.15662,80.97082,352.63,0.59,0.53,2026-08-24,0837,N,nominal,2.0NRT,295.98,22.92,D
7.16158,80.97058,367,0.59,0.53,2026-08-24,0837,N,high,2.0NRT,298.01,22.92,D
7.16641,80.96938,354.16,0.59,0.53,2026-08-24,0837,N,nominal,2.0NRT,294.2,20.36,D
7.30441,81.79688,332.84,0.34,0.56,2026-08-24,0837,N,nominal,2.0NRT,290.93,2.08,D
7.31644,81.84643,339.07,0.34,0.56,2026-08-24,0837,N,nominal,2.0NRT,291.41,2.89,D
7.32001,81.79483,351.6,0.34,0.56,2026-08-24,0837,N,nominal,2.0NRT,290.42,5.67,D
7.30329,81.19003,338.57,0.62,0.54,2026-08-24,0837,N,nominal,2.0NRT,293.6,9.89,D
7.38769,81.77917,351.78,0.34,0.56,2026-08-24,0837,N,nominal,2.0NRT,291.45,5.9,D
7.34063,81.42898,330.92,0.32,0.55,2026-08-24,0837,N,nominal,2.0NRT,292.17,2.2,D
7.44249,81.39476,330.5,0.32,0.55,2026-08-24,0837,N,nominal,2.0NRT,293.64,2.24,D
7.69291,81.59333,335.54,0.33,0.56,2026-08-24,0839,N,nominal,2.0NRT,289.91,3.38,D
7.88901,80.67115,343.1,0.58,0.52,2026-08-24,0839,N,nominal,2.0NRT,290.9,6.95,D
8.01478,80.62977,330.11,0.58,0.52,2026-08-24,0839,N,nominal,2.0NRT,289.11,4.21,D
8.01957,80.31305,342.68,0.55,0.51,2026-08-24,0839,N,nominal,2.0NRT,289.59,6.13,D
8.30899,80.57829,332.05,0.58,0.52,2026-08-24,0839,N,nominal,2.0NRT,288.19,4.19,D
8.49439,80.82851,341.74,0.61,0.53,2026-08-24,0839,N,nominal,2.0NRT,287.07,15.6,D
8.56913,80.77627,337.4,0.6,0.53,2026-08-24,0839,N,nominal,2.0NRT,288.92,6.43,D
8.61324,80.83712,356.02,0.61,0.53,2026-08-24,0839,N,nominal,2.0NRT,283.41,26.33,D
8.61819,80.8364,334.97,0.61,0.53,2026-08-24,0839,N,nominal,2.0NRT,281.66,26.33,D
8.56977,80.46552,338.31,0.58,0.52,2026-08-24,0839,N,nominal,2.0NRT,286.46,9.45,D
8.62935,80.6543,331.68,0.59,0.53,2026-08-24,0839,N,nominal,2.0NRT,288.33,11.03,D
8.62862,80.64883,340.74,0.59,0.53,2026-08-24,0839,N,nominal,2.0NRT,288.93,10.64,D
8.92843,80.69376,340.86,0.6,0.53,2026-08-24,0839,N,nominal,2.0NRT,290.6,7.31,D
8.92972,80.69118,339.81,0.6,0.53,2026-08-24,0839,N,nominal,2.0NRT,287.48,9.03,D
8.86875,78.15804,341.5,0.41,0.45,2026-08-24,0839,N,nominal,2.0NRT,289.45,5.2,D
8.86698,78.08605,332.97,0.41,0.45,2026-08-24,0839,N,nominal,2.0NRT,286.72,3.33,D
9.4129,80.40137,341.51,0.59,0.52,2026-08-24,0839,N,nominal,2.0NRT,294.88,12.45,D
9.41015,80.39861,349.18,0.59,0.53,2026-08-24,0839,N,nominal,2.0NRT,295.47,11.22,D
9.42267,80.38055,330.97,0.58,0.52,2026-08-24,0839,N,nominal,2.0NRT,293.91,3.37,D
9.61269,80.30055,334.09,0.58,0.52,2026-08-24,0839,N,nominal,2.0NRT,294.89,1.85,D
9.61047,80.29727,338.24,0.58,0.52,2026-08-24,0839,N,nominal,2.0NRT,296.02,3.54,D
16.55141,82.59755,347.47,0.51,0.66,2026-08-24,0841,N,nominal,2.0NRT,279.29,7.24,D
21.00341,56.53176,339.17,0.61,0.71,2026-08-24,0843,N,nominal,2.0NRT,303.04,0.87,D
21.00179,56.52942,337.84,0.61,0.71,2026-08-24,0843,N,nominal,2.0NRT,302.62,1.01,D
21.93905,57.07214,345.57,0.54,0.68,2026-08-24,0843,N,nominal,2.0NRT,305.91,2.01,D
22.40496,56.98921,338.06,0.53,0.67,2026-08-24,0843,N,nominal,2.0NRT,303.5,8.22,D
22.88013,55.92736,349.82,0.6,0.71,2026-08-24,0843,N,nominal,2.0NRT,301.15,8.44,D
22.87806,55.92522,344.56,0.6,0.71,2026-08-24,0843,N,nominal,2.0NRT,300.52,15.72,D
23.27709,54.25642,367,0.74,0.76,2026-08-24,0843,N,high,2.0NRT,302.61,20.79,D
24.50662,56.60555,332.1,0.51,0.66,2026-08-24,0843,N,low,2.0NRT,302.92,3.07,D
28.42584,69.70153,333.73,0.4,0.37,2026-08-24,0845,N,nominal,2.0NRT,303.62,3.88,D
29.95974,72.17165,336.35,0.51,0.41,2026-08-24,0845,N,nominal,2.0NRT,300.78,3.61,D
27.16994,56.0541,367,0.48,0.64,2026-08-24,0845,N,high,2.0NRT,312.41,13.92,D
27.16876,56.04935,367,0.48,0.64,2026-08-24,0845,N,high,2.0NRT,312.13,13.92,D
30.4505,74.18115,332.79,0.44,0.46,2026-08-24,0845,N,nominal,2.0NRT,297.29,4.16,D
30.63301,73.60488,331.62,0.41,0.45,2026-08-24,0845,N,nominal,2.0NRT,298.88,1.26,D
30.89104,73.20267,332.43,0.39,0.44,2026-08-24,0845,N,low,2.0NRT,306.76,9.8,D
30.80869,71.99914,339.51,0.51,0.41,2026-08-24,0845,N,nominal,2.0NRT,300.96,6.94,D
31.08036,74.34518,332.85,0.46,0.47,2026-08-24,0845,N,nominal,2.0NRT,297.56,2.38,D
31.40357,72.55518,338.43,0.56,0.43,2026-08-24,0845,N,nominal,2.0NRT,299.32,3.16,D
31.51264,72.28911,335.05,0.54,0.42,2026-08-24,0845,N,nominal,2.0NRT,301.76,7.14,D
29.99443,55.85429,344.13,0.42,0.61,2026-08-24,0845,N,low,2.0NRT,315.95,6.83,D
32.88841,71.6194,332.27,0.52,0.41,2026-08-24,0845,N,low,2.0NRT,305.94,3.56,D
37.3881,59.94894,345.16,0.53,0.42,2026-08-24,0848,N,low,2.0NRT,317.62,6.8,D
37.36727,59.60572,349.27,0.55,0.43,2026-08-24,0848,N,nominal,2.0NRT,316.6,8,D
37.37111,59.60447,341.35,0.55,0.43,2026-08-24,0848,N,low,2.0NRT,316.23,6.63,D
37.37033,59.60391,344.66,0.55,0.43,2026-08-24,0848,N,low,2.0NRT,316.55,10.71,D
37.80396,59.00258,342.37,0.38,0.43,2026-08-24,0848,N,nominal,2.0NRT,311.96,3.53,D
37.41657,55.47487,341.62,0.59,0.53,2026-08-24,0848,N,nominal,2.0NRT,306.37,3.95,D
37.41496,55.4682,333.02,0.59,0.53,2026-08-24,0848,N,low,2.0NRT,307.35,3.95,D
39.60622,67.00024,345.17,0.41,0.37,2026-08-24,0848,N,nominal,2.0NRT,310.75,5.34,D
38.18726,58.3899,345.19,0.4,0.44,2026-08-24,0848,N,low,2.0NRT,319.75,6.68,D
38.1416,57.97116,345.68,0.42,0.45,2026-08-24,0848,N,nominal,2.0NRT,314.11,3.38,D
38.33117,57.60784,347.22,0.44,0.46,2026-08-24,0848,N,nominal,2.0NRT,314.78,5.26,D
38.44315,57.41047,345.1,0.44,0.46,2026-08-24,0848,N,low,2.0NRT,318.63,8.55,D
38.44098,57.40964,343.89,0.44,0.46,2026-08-24,0848,N,low,2.0NRT,317.7,7.61,D
39.82202,64.4044,338.48,0.38,0.36,2026-08-24,0848,N,low,2.0NRT,310.04,4.53,D
38.7725,56.81887,341.51,0.47,0.47,2026-08-24,0848,N,low,2.0NRT,316.29,6.69,D
38.6496,54.28314,348.49,0.63,0.54,2026-08-24,0848,N,nominal,2.0NRT,319.06,4.67,D
38.67955,54.31754,345.05,0.63,0.54,2026-08-24,0848,N,low,2.0NRT,318.85,4.72,D
39.44816,54.39053,345.47,0.59,0.53,2026-08-24,0850,N,low,2.0NRT,318.71,15.31,D
20.37311,55.93792,341.49,0.47,0.64,2026-08-24,1024,N,nominal,2.0NRT,303.75,1.01,D
20.376,55.93422,344.64,0.47,0.64,2026-08-24,1024,N,nominal,2.0NRT,303.9,0.91,D
21.00192,56.53287,337.96,0.52,0.67,2026-08-24,1024,N,nominal,2.0NRT,305.69,1.09,D
21.936,57.07309,342.28,0.57,0.69,2026-08-24,1024,N,nominal,2.0NRT,303.74,1.68,D
21.93641,57.07344,343.99,0.57,0.69,2026-08-24,1024,N,nominal,2.0NRT,303.74,2.09,D
22.29021,56.52755,343.2,0.53,0.67,2026-08-24,1024,N,nominal,2.0NRT,306.14,2.05,D
22.32536,56.49326,340.65,0.53,0.67,2026-08-24,1024,N,nominal,2.0NRT,304.68,1.15,D
22.32881,56.48983,338.84,0.53,0.67,2026-08-24,1024,N,nominal,2.0NRT,305.14,1.35,D
22.6131,54.0602,344.64,0.37,0.58,2026-08-24,1024,N,nominal,2.0NRT,309.39,1.76,D
22.60889,54.06139,348.2,0.37,0.58,2026-08-24,1024,N,nominal,2.0NRT,309.92,14.97,D
23.04639,56.05733,341.46,0.51,0.66,2026-08-24,1024,N,nominal,2.0NRT,306.13,17.64,D
23.27656,54.25733,348.53,0.39,0.59,2026-08-24,1026,N,nominal,2.0NRT,309.2,6.44,D
23.27693,54.26123,357.63,0.39,0.59,2026-08-24,1026,N,low,2.0NRT,310.14,13.51,D
24.50948,54.01922,350.31,0.39,0.59,2026-08-24,1026,N,nominal,2.0NRT,300.9,5.41,D
24.50859,54.02049,350.53,0.39,0.59,2026-08-24,1026,N,nominal,2.0NRT,300.69,4.75,D
27.16719,56.05647,356.42,0.56,0.68,2026-08-24,1026,N,nominal,2.0NRT,313.78,25.87,D
27.1681,56.05915,355.5,0.56,0.69,2026-08-24,1026,N,nominal,2.0NRT,313.34,20.99,D
27.16775,56.05326,349.83,0.56,0.68,2026-08-24,1026,N,nominal,2.0NRT,314.09,19.83,D
29.99302,55.85658,342.11,0.58,0.69,2026-08-24,1026,N,nominal,2.0NRT,315.87,7.52,D
29.99311,55.8543,347.43,0.58,0.69,2026-08-24,1026,N,nominal,2.0NRT,315.92,6.71,D
18.01323,54.57765,336.83,0.36,0.57,2026-08-24,1024,N,low,2.0NRT,309.43,16.52,D
18.01285,54.57423,356.73,0.36,0.57,2026-08-24,1024,N,low,2.0NRT,318.63,21.13,D
18.32163,55.10718,349.09,0.39,0.59,2026-08-24,1024,N,nominal,2.0NRT,311.2,2.67,D
38.67929,54.31577,342.68,0.54,0.68,2026-08-24,1030,N,nominal,2.0NRT,312.1,3.67,D
23.55243,87.23839,302.43,0.57,0.52,2026-08-24,1930,N,nominal,2.0NRT,275.19,2.3,N
22.86855,86.05769,301.01,0.33,0.56,2026-08-24,1930,N,nominal,2.0NRT,286.9,0.98,N
22.58832,85.90031,303.06,0.34,0.56,2026-08-24,1930,N,nominal,2.0NRT,286.7,1.24,N
22.58314,85.89967,302.78,0.34,0.56,2026-08-24,1930,N,nominal,2.0NRT,286.6,1.24,N
22.58779,85.89744,301.86,0.34,0.56,2026-08-24,1930,N,nominal,2.0NRT,286.83,1.66,N
22.56736,85.89178,306.82,0.34,0.56,2026-08-24,1930,N,nominal,2.0NRT,286.55,1.65,N
22.37227,87.27415,325.21,0.55,0.51,2026-08-24,1930,N,nominal,2.0NRT,288.95,5.77,N
22.3605,87.29447,314.52,0.55,0.51,2026-08-24,1930,N,nominal,2.0NRT,288.5,3.51,N
22.36139,87.01068,308.79,0.57,0.52,2026-08-24,1930,N,nominal,2.0NRT,289.02,3.56,N
22.36172,87.01392,310.09,0.57,0.52,2026-08-24,1930,N,nominal,2.0NRT,288.97,2.67,N
7.64049,80.96828,304.64,0.46,0.64,2026-08-24,1934,N,nominal,2.0NRT,289.47,0.87,N
7.2735,81.28102,304.67,0.44,0.62,2026-08-24,1936,N,nominal,2.0NRT,289.37,0.82,N
39.44851,83.01,296.55,0.7,0.75,2026-08-24,1925,N,nominal,2.0NRT,285.7,0.77,N
36.89309,101.75039,298.82,0.42,0.38,2026-08-24,1925,N,nominal,2.0NRT,286.83,0.69,N
29.08693,88.00976,296.87,0.6,0.53,2026-08-24,1928,N,nominal,2.0NRT,278.34,1.73,N
26.57931,101.70228,306.07,0.39,0.44,2026-08-24,1928,N,nominal,2.0NRT,290.12,1.66,N
26.57829,101.66573,340.01,0.39,0.44,2026-08-24,1928,N,nominal,2.0NRT,292.88,7.54,N
26.56108,101.68966,301.86,0.39,0.44,2026-08-24,1928,N,nominal,2.0NRT,288.39,1.44,N
27.37654,95.08727,307.83,0.39,0.37,2026-08-24,1930,N,nominal,2.0NRT,286.2,1.51,N
25.06646,101.57083,303.23,0.4,0.45,2026-08-24,1930,N,nominal,2.0NRT,288.66,0.95,N
23.10639,70.1897,306.28,0.38,0.36,2026-08-24,2112,N,nominal,2.0NRT,295.39,0.54,N
23.05546,69.99567,308.71,0.38,0.36,2026-08-24,2112,N,nominal,2.0NRT,294.75,0.63,N
24.50637,56.61074,317.97,0.63,0.72,2026-08-24,2112,N,nominal,2.0NRT,298.93,3.82,N
24.47241,56.61421,324.02,0.63,0.72,2026-08-24,2112,N,nominal,2.0NRT,299.37,3.4,N
22.92933,70.10716,313.68,0.38,0.36,2026-08-24,2112,N,nominal,2.0NRT,294.86,1.04,N
24.47645,56.61616,310.06,0.63,0.72,2026-08-24,2112,N,nominal,2.0NRT,299.04,1.59,N
22.93641,69.69853,325.35,0.38,0.36,2026-08-24,2112,N,nominal,2.0NRT,295.02,2.55,N
22.93583,69.70226,321.57,0.38,0.36,2026-08-24,2112,N,nominal,2.0NRT,295.22,3.69,N
22.93312,69.69794,324.97,0.38,0.36,2026-08-24,2112,N,nominal,2.0NRT,295.2,2.55,N
22.34504,69.87063,323.05,0.38,0.36,2026-08-24,2112,N,nominal,2.0NRT,292.53,1.78,N
22.34174,69.87002,322.14,0.38,0.36,2026-08-24,2112,N,nominal,2.0NRT,292.79,1.78,N
39.18915,83.53337,300.86,0.52,0.5,2026-08-24,2106,N,nominal,2.0NRT,287.78,0.8,N
22.3408,69.85459,305.94,0.38,0.36,2026-08-24,2112,N,nominal,2.0NRT,294.23,1.87,N
23.19095,55.45263,310.71,0.72,0.75,2026-08-24,2112,N,nominal,2.0NRT,296.2,1.28,N
23.19049,55.45996,306.85,0.72,0.75,2026-08-24,2112,N,nominal,2.0NRT,296.19,1.28,N
21.11144,72.63482,311.12,0.46,0.39,2026-08-24,2112,N,nominal,2.0NRT,293.41,2.9,N
21.1091,72.64789,309.92,0.46,0.39,2026-08-24,2112,N,nominal,2.0NRT,293.66,3.01,N
21.10552,72.64716,337.64,0.46,0.39,2026-08-24,2112,N,nominal,2.0NRT,295.31,10.73,N
21.10352,72.63773,330.98,0.46,0.39,2026-08-24,2112,N,nominal,2.0NRT,293.45,9.49,N
23.1949,55.4566,310.34,0.72,0.75,2026-08-24,2112,N,nominal,2.0NRT,296.49,3.16,N
22.64068,59.4273,311.96,0.4,0.6,2026-08-24,2112,N,nominal,2.0NRT,298.3,0.75,N
22.92774,55.80049,323.14,0.68,0.74,2026-08-24,2112,N,nominal,2.0NRT,293.93,10.16,N
22.87755,55.61292,305.84,0.7,0.75,2026-08-24,2112,N,nominal,2.0NRT,292.21,1.64,N
22.87271,55.61517,304.73,0.7,0.75,2026-08-24,2112,N,nominal,2.0NRT,292.28,4.24,N
20.91151,71.45895,310.03,0.41,0.37,2026-08-24,2112,N,nominal,2.0NRT,293.19,1.54,N
20.35698,72.95097,301.25,0.48,0.4,2026-08-24,2112,N,nominal,2.0NRT,288.29,2,N
22.40915,56.99181,309.85,0.57,0.69,2026-08-24,2112,N,nominal,2.0NRT,296.02,1.57,N
18.68722,73.03297,305.75,0.51,0.41,2026-08-24,2114,N,nominal,2.0NRT,288.63,1.88,N
18.68346,73.03221,304.3,0.51,0.41,2026-08-24,2114,N,nominal,2.0NRT,288.14,1.88,N
20.21477,55.71069,304.47,0.65,0.73,2026-08-24,2114,N,nominal,2.0NRT,291.95,0.55,N
39.04872,76.182,302.04,0.4,0.37,2026-08-24,2108,N,nominal,2.0NRT,289.82,1.21,N
19.26881,56.17206,303.65,0.59,0.7,2026-08-24,2114,N,nominal,2.0NRT,292.33,0.42,N
18.31998,55.10135,308.74,0.68,0.74,2026-08-24,2114,N,nominal,2.0NRT,293.78,2.38,N
39.18296,65.30994,304.99,0.54,0.51,2026-08-24,2108,N,nominal,2.0NRT,293.76,1.54,N
39.18193,65.31043,307.92,0.54,0.51,2026-08-24,2108,N,nominal,2.0NRT,293.89,1.39,N
18.32049,55.1035,327.95,0.68,0.74,2026-08-24,2114,N,nominal,2.0NRT,294.14,4.84,N
39.24935,63.17159,303.51,0.35,0.57,2026-08-24,2108,N,nominal,2.0NRT,293.12,0.44,N
18.0121,54.56758,348.99,0.73,0.76,2026-08-24,2114,N,nominal,2.0NRT,296.24,21.98,N
39.16535,63.26077,309.51,0.35,0.57,2026-08-24,2108,N,nominal,2.0NRT,293.43,0.69,N
17.9731,54.52072,305.81,0.73,0.76,2026-08-24,2114,N,nominal,2.0NRT,293.36,1.69,N
39.15665,63.3175,306.28,0.34,0.56,2026-08-24,2108,N,nominal,2.0NRT,292.64,0.71,N
17.9767,54.52415,306.56,0.73,0.76,2026-08-24,2114,N,nominal,2.0NRT,293.4,0.8,N
37.30453,77.71964,305.03,0.46,0.39,2026-08-24,2108,N,nominal,2.0NRT,281.26,0.99,N
37.30347,77.71786,301.96,0.46,0.39,2026-08-24,2108,N,nominal,2.0NRT,281.16,0.81,N
39.11407,63.33612,305.14,0.34,0.56,2026-08-24,2108,N,nominal,2.0NRT,293.42,0.58,N
39.05473,63.44336,304.59,0.34,0.56,2026-08-24,2108,N,nominal,2.0NRT,292.61,0.56,N
38.96454,63.69176,304.84,0.33,0.55,2026-08-24,2108,N,nominal,2.0NRT,293.24,0.62,N
38.97398,63.46808,307.93,0.34,0.56,2026-08-24,2108,N,nominal,2.0NRT,294.52,0.94,N
38.91583,63.80583,304.75,0.32,0.55,2026-08-24,2108,N,nominal,2.0NRT,292.8,0.42,N
38.68718,65.98898,303.09,0.49,0.49,2026-08-24,2108,N,nominal,2.0NRT,292.69,1.03,N
38.68269,65.98834,305.86,0.49,0.49,2026-08-24,2108,N,nominal,2.0NRT,292.4,0.9,N
38.45461,65.80392,304.31,0.5,0.49,2026-08-24,2108,N,nominal,2.0NRT,293.14,1.34,N
38.05221,67.26601,339.21,0.41,0.45,2026-08-24,2108,N,nominal,2.0NRT,296.91,11.61,N
38.05268,67.26137,302.36,0.41,0.45,2026-08-24,2108,N,nominal,2.0NRT,290.81,7.07,N
38.05712,64.884,307.75,0.55,0.51,2026-08-24,2108,N,nominal,2.0NRT,295.3,1.47,N
38.0568,64.88383,306.95,0.55,0.51,2026-08-24,2108,N,nominal,2.0NRT,295.36,1.28,N
37.9881,61.88967,304.92,0.4,0.6,2026-08-24,2108,N,nominal,2.0NRT,293.82,1.04,N
37.80216,62.55622,304.06,0.37,0.58,2026-08-24,2108,N,nominal,2.0NRT,292.72,1.31,N
37.79209,62.54222,310.91,0.37,0.58,2026-08-24,2108,N,nominal,2.0NRT,292.58,0.66,N
37.79887,62.55206,313.88,0.37,0.58,2026-08-24,2108,N,nominal,2.0NRT,293.16,1.08,N
37.78887,62.53814,306.54,0.37,0.58,2026-08-24,2108,N,nominal,2.0NRT,292.2,0.93,N
37.72632,62.09497,303.92,0.39,0.59,2026-08-24,2108,N,nominal,2.0NRT,292.36,0.77,N
37.67355,62.23901,306.76,0.38,0.59,2026-08-24,2108,N,nominal,2.0NRT,292.27,0.7,N
37.65855,61.90879,306.63,0.4,0.6,2026-08-24,2108,N,nominal,2.0NRT,293.34,0.6,N
37.63064,62.21704,304.05,0.38,0.59,2026-08-24,2108,N,nominal,2.0NRT,293.27,0.97,N
37.6276,62.17187,307.12,0.39,0.59,2026-08-24,2108,N,nominal,2.0NRT,294.52,1.36,N
37.6238,62.13987,311.08,0.39,0.59,2026-08-24,2108,N,nominal,2.0NRT,294.53,1.41,N
37.62299,62.13887,311.17,0.39,0.59,2026-08-24,2108,N,nominal,2.0NRT,294.58,1.86,N
37.59529,61.5252,305.07,0.42,0.61,2026-08-24,2108,N,nominal,2.0NRT,293.45,1.13,N
37.59504,61.53006,310.81,0.42,0.61,2026-08-24,2108,N,nominal,2.0NRT,293.84,1.13,N
37.58215,61.5582,307.48,0.42,0.61,2026-08-24,2108,N,nominal,2.0NRT,293.83,1.51,N
37.50422,61.98925,302.28,0.39,0.6,2026-08-24,2108,N,nominal,2.0NRT,292.21,0.55,N
37.50123,61.84528,308.55,0.4,0.6,2026-08-24,2108,N,nominal,2.0NRT,295.75,1.93,N
37.45304,57.68896,302.69,0.68,0.74,2026-08-24,2108,N,nominal,2.0NRT,290.12,0.87,N
37.45375,57.68448,302,0.68,0.74,2026-08-24,2108,N,nominal,2.0NRT,290.54,0.76,N
37.32969,60.62961,303.13,0.47,0.64,2026-08-24,2108,N,nominal,2.0NRT,291.11,0.62,N
37.15206,62.50003,325.57,0.37,0.58,2026-08-24,2108,N,nominal,2.0NRT,294.13,1.54,N
37.11721,62.35933,320.12,0.37,0.58,2026-08-24,2108,N,nominal,2.0NRT,294.81,6.26,N
37.11695,62.36364,321.63,0.37,0.58,2026-08-24,2108,N,nominal,2.0NRT,295.23,3.58,N
37.03654,62.41494,315.58,0.37,0.58,2026-08-24,2108,N,nominal,2.0NRT,295.07,3.63,N
37.03114,62.41442,326.43,0.37,0.58,2026-08-24,2108,N,nominal,2.0NRT,294.35,3.63,N
37.03088,62.41867,306.17,0.37,0.58,2026-08-24,2108,N,nominal,2.0NRT,294.62,4.21,N
36.47574,61.62046,305.11,0.4,0.6,2026-08-24,2108,N,nominal,2.0NRT,292.8,2.22,N
36.47854,61.62029,304.04,0.4,0.6,2026-08-24,2108,N,nominal,2.0NRT,292.83,2.29,N
36.37058,61.93938,310.94,0.39,0.59,2026-08-24,2108,N,nominal,2.0NRT,291.62,0.96,N
36.37097,61.93782,310.38,0.39,0.59,2026-08-24,2108,N,nominal,2.0NRT,291.6,0.74,N
36.16259,57.68702,301.97,0.67,0.73,2026-08-24,2108,N,nominal,2.0NRT,289.4,0.64,N
33.85027,72.87061,307.87,0.38,0.36,2026-08-24,2108,N,nominal,2.0NRT,296.18,1.01,N
33.90289,71.91724,309.84,0.39,0.36,2026-08-24,2108,N,nominal,2.0NRT,296.82,1.75,N
33.90868,71.46279,306.75,0.39,0.37,2026-08-24,2108,N,nominal,2.0NRT,296.36,0.66,N
33.68822,72.71246,313.03,0.38,0.36,2026-08-24,2108,N,nominal,2.0NRT,295.85,1.55,N
33.54464,71.54842,311.57,0.39,0.36,2026-08-24,2108,N,nominal,2.0NRT,297.55,0.69,N
33.29536,71.18689,314.36,0.4,0.37,2026-08-24,2108,N,nominal,2.0NRT,297.94,0.78,N
32.71789,72.77715,307.23,0.38,0.36,2026-08-24,2110,N,nominal,2.0NRT,296.25,0.6,N
32.88977,71.61715,324.91,0.39,0.36,2026-08-24,2110,N,nominal,2.0NRT,300.33,2.53,N
32.57596,72.56307,317.37,0.38,0.36,2026-08-24,2110,N,nominal,2.0NRT,299.84,2.72,N
33.75436,59.14855,301.68,0.53,0.67,2026-08-24,2110,N,nominal,2.0NRT,290.51,0.75,N
32.10258,74.17775,313.6,0.4,0.37,2026-08-24,2110,N,nominal,2.0NRT,297.89,1.18,N
32.08799,74.16105,309.75,0.4,0.37,2026-08-24,2110,N,nominal,2.0NRT,297.87,1.38,N
31.25866,76.92591,304.88,0.52,0.42,2026-08-24,2110,N,nominal,2.0NRT,290.63,1.06,N
32.29401,70.73388,312.37,0.4,0.37,2026-08-24,2110,N,nominal,2.0NRT,298.06,2.41,N
32.28942,70.74173,310.18,0.4,0.37,2026-08-24,2110,N,nominal,2.0NRT,297.47,2.64,N
29.45879,76.8923,303.48,0.55,0.43,2026-08-24,2110,N,nominal,2.0NRT,287.77,2.12,N
30.75835,56.6624,304.96,0.7,0.75,2026-08-24,2110,N,nominal,2.0NRT,291.23,2.9,N
30.23607,56.90831,314.74,0.68,0.74,2026-08-24,2110,N,nominal,2.0NRT,291.88,2.61,N
30.23685,56.91179,314,0.68,0.74,2026-08-24,2110,N,nominal,2.0NRT,292.06,3.68,N
29.99455,55.85799,306.82,0.78,0.78,2026-08-24,2110,N,nominal,2.0NRT,285.57,2.62,N
29.99225,55.85091,304.68,0.78,0.78,2026-08-24,2110,N,nominal,2.0NRT,285.04,2.62,N
29.99196,55.85804,297.83,0.78,0.78,2026-08-24,2110,N,nominal,2.0NRT,285.36,2.29,N
29.47913,60.80774,303.27,0.39,0.59,2026-08-24,2110,N,nominal,2.0NRT,291.94,0.63,N
28.42683,69.69943,316.43,0.4,0.37,2026-08-24,2110,N,nominal,2.0NRT,297.34,1.17,N
26.87662,73.51538,307.36,0.43,0.38,2026-08-24,2110,N,nominal,2.0NRT,294.83,1.23,N
26.25756,74.09525,308.52,0.46,0.39,2026-08-24,2110,N,nominal,2.0NRT,293.4,1.39,N
25.94131,72.19123,311.79,0.4,0.37,2026-08-24,2110,N,nominal,2.0NRT,295.8,1.76,N
27.22231,60.48119,309.64,0.38,0.59,2026-08-24,2110,N,nominal,2.0NRT,298.6,2.03,N
27.16264,56.03292,316.39,0.72,0.75,2026-08-24,2110,N,nominal,2.0NRT,298.33,3.94,N
27.16019,56.03022,329.6,0.72,0.75,2026-08-24,2110,N,nominal,2.0NRT,298.27,9.14,N
27.15041,56.08177,311.67,0.71,0.75,2026-08-24,2110,N,nominal,2.0NRT,297.94,5.04,N
24.8168,73.0893,306.65,0.43,0.38,2026-08-24,2112,N,nominal,2.0NRT,290.19,0.76,N
24.68826,72.99875,309.39,0.43,0.38,2026-08-24,2112,N,nominal,2.0NRT,290.77,1.05,N
25.38534,68.57845,316.67,0.41,0.37,2026-08-24,2112,N,nominal,2.0NRT,295.13,2.22,N
23.3162,70.48951,309.1,0.39,0.36,2026-08-24,2112,N,nominal,2.0NRT,295.62,1.26,N
23.25788,70.26331,307.92,0.38,0.36,2026-08-24,2112,N,nominal,2.0NRT,295.12,0.65,N
23.2488,69.87011,307.12,0.38,0.36,2026-08-24,2112,N,nominal,2.0NRT,295.5,0.82,N
38.68278,65.95544,304.78,0.65,0.73,2026-08-24,2248,N,nominal,2.0NRT,292.29,1.97,N
38.46631,65.78394,308.17,0.65,0.73,2026-08-24,2248,N,nominal,2.0NRT,294.75,1.94,N
18.56304,55.8613,304.5,0.55,0.68,2026-08-24,2254,N,nominal,2.0NRT,292.42,1.5,N
38.46338,65.78481,307.78,0.65,0.73,2026-08-24,2248,N,nominal,2.0NRT,294.58,2.48,N
38.94152,64.13643,304.32,0.52,0.67,2026-08-24,2248,N,nominal,2.0NRT,293.26,0.65,N
18.56511,55.86602,302.32,0.56,0.68,2026-08-24,2254,N,nominal,2.0NRT,291.8,0.93,N
39.16796,63.25769,302.29,0.47,0.64,2026-08-24,2248,N,nominal,2.0NRT,292.07,1.2,N
39.15912,62.58957,303.64,0.43,0.62,2026-08-24,2248,N,nominal,2.0NRT,293.06,0.51,N
18.32192,55.10382,328.37,0.5,0.66,2026-08-24,2254,N,nominal,2.0NRT,294.93,2.47,N
18.01332,54.57082,344.9,0.47,0.64,2026-08-24,2254,N,nominal,2.0NRT,297.5,10.72,N
18.01233,54.57529,343.61,0.47,0.64,2026-08-24,2254,N,nominal,2.0NRT,295.62,10.72,N
17.97461,54.52371,311.42,0.47,0.64,2026-08-24,2254,N,nominal,2.0NRT,293.98,1.5,N
17.97585,54.52544,308.32,0.47,0.64,2026-08-24,2254,N,nominal,2.0NRT,294.22,0.86,N
39.26368,56.01279,330.81,0.4,0.45,2026-08-24,2248,N,nominal,2.0NRT,295.01,1.69,N
39.26268,56.01737,304.94,0.4,0.45,2026-08-24,2248,N,nominal,2.0NRT,291.88,1.24,N
39.2597,56.01131,307.14,0.4,0.45,2026-08-24,2248,N,nominal,2.0NRT,291.9,1.69,N
37.67124,62.23749,301.41,0.46,0.63,2026-08-24,2248,N,nominal,2.0NRT,291.3,0.61,N
37.6174,62.13998,306.34,0.45,0.63,2026-08-24,2248,N,nominal,2.0NRT,293.82,0.91,N
39.5106,54.32962,313.06,0.5,0.41,2026-08-24,2248,N,nominal,2.0NRT,296.05,2.23,N
37.61089,61.60718,309.23,0.43,0.62,2026-08-24,2248,N,nominal,2.0NRT,295.24,1.15,N
37.59646,61.52793,308.49,0.42,0.61,2026-08-24,2248,N,nominal,2.0NRT,293.34,1.15,N
37.57846,61.55995,304.61,0.42,0.61,2026-08-24,2248,N,nominal,2.0NRT,293.18,0.5,N
37.49896,61.84932,313.67,0.44,0.62,2026-08-24,2248,N,nominal,2.0NRT,294.84,2.6,N
38.25741,58.39093,308.69,0.56,0.51,2026-08-24,2248,N,nominal,2.0NRT,297.14,1.88,N
37.12094,62.36806,304.58,0.48,0.65,2026-08-24,2248,N,nominal,2.0NRT,291.49,1.22,N
37.11525,62.36549,321.85,0.48,0.65,2026-08-24,2248,N,nominal,2.0NRT,293.3,3.72,N
37.11872,62.36314,312.34,0.48,0.65,2026-08-24,2248,N,nominal,2.0NRT,293.44,5.48,N
37.11724,62.36838,316.37,0.48,0.65,2026-08-24,2248,N,nominal,2.0NRT,292.52,3.6,N
38.15005,58.39396,311.73,0.56,0.52,2026-08-24,2248,N,nominal,2.0NRT,294.95,2.07,N
37.63583,60.33843,303.31,0.37,0.58,2026-08-24,2248,N,nominal,2.0NRT,293.25,0.84,N
38.19581,58.10226,306.65,0.54,0.51,2026-08-24,2248,N,nominal,2.0NRT,293.02,1.49,N
37.3475,61.36446,305.2,0.42,0.61,2026-08-24,2248,N,nominal,2.0NRT,292.96,0.83,N
37.03221,62.41861,328.97,0.49,0.65,2026-08-24,2248,N,nominal,2.0NRT,293.91,6.93,N
37.03068,62.42391,304.51,0.49,0.65,2026-08-24,2248,N,nominal,2.0NRT,293,3.61,N
37.82794,58.38623,305.32,0.57,0.52,2026-08-24,2248,N,nominal,2.0NRT,294.03,0.86,N
37.82835,58.38681,305.83,0.57,0.52,2026-08-24,2248,N,nominal,2.0NRT,293.83,0.39,N
38.68184,54.31622,322.7,0.52,0.42,2026-08-24,2248,N,nominal,2.0NRT,298.21,2.53,N
38.64935,54.28028,329.76,0.52,0.41,2026-08-24,2248,N,nominal,2.0NRT,298.96,3.04,N
38.64948,54.28473,329.3,0.52,0.42,2026-08-24,2248,N,nominal,2.0NRT,298.55,3.99,N
37.22052,60.02414,308.31,0.36,0.57,2026-08-24,2248,N,nominal,2.0NRT,293.68,0.74,N
37.21544,60.022,304.16,0.36,0.57,2026-08-24,2248,N,nominal,2.0NRT,292.28,0.59,N
36.37117,61.93893,306.16,0.48,0.64,2026-08-24,2248,N,nominal,2.0NRT,290.25,0.88,N
36.47532,61.45933,303.08,0.45,0.63,2026-08-24,2248,N,nominal,2.0NRT,292.54,0.87,N
36.47946,59.74548,303.37,0.36,0.58,2026-08-24,2248,N,nominal,2.0NRT,292.35,0.77,N
36.23752,59.7317,302.08,0.37,0.58,2026-08-24,2250,N,nominal,2.0NRT,289.63,0.87,N
36.94599,54.88783,326.32,0.4,0.44,2026-08-24,2250,N,nominal,2.0NRT,296.78,2.46,N
35.51732,59.19931,297.4,0.36,0.57,2026-08-24,2250,N,nominal,2.0NRT,285.72,0.2,N
36.47992,54.90269,304.08,0.41,0.45,2026-08-24,2250,N,nominal,2.0NRT,289.8,0.69,N
35.36613,59.30635,301.35,0.37,0.58,2026-08-24,2250,N,nominal,2.0NRT,290.23,0.65,N
35.36848,59.30598,301.74,0.37,0.58,2026-08-24,2250,N,nominal,2.0NRT,289.99,0.53,N
36.29645,54.78923,310.54,0.41,0.45,2026-08-24,2250,N,nominal,2.0NRT,291.92,1.18,N
33.7547,59.1505,303.34,0.4,0.6,2026-08-24,2250,N,nominal,2.0NRT,289.13,0.93,N
33.75456,59.14841,301.98,0.4,0.6,2026-08-24,2250,N,nominal,2.0NRT,288.24,1.03,N
33.62601,59.17085,303.38,0.4,0.6,2026-08-24,2250,N,nominal,2.0NRT,290.13,0.73,N
32.92189,60.23753,302.99,0.48,0.64,2026-08-24,2250,N,nominal,2.0NRT,292.74,1.14,N
33.04046,56.85259,306.74,0.61,0.54,2026-08-24,2250,N,nominal,2.0NRT,295.18,1.61,N
32.33527,54.08732,311.34,0.45,0.47,2026-08-24,2250,N,nominal,2.0NRT,291.82,1.61,N
31.43218,56.49356,301.95,0.32,0.55,2026-08-24,2250,N,nominal,2.0NRT,289.33,0.3,N
31.6238,54.72696,308.82,0.5,0.49,2026-08-24,2250,N,nominal,2.0NRT,291.76,1.77,N
30.75578,56.66089,315.5,0.34,0.56,2026-08-24,2250,N,nominal,2.0NRT,291.73,1.42,N
30.66566,56.62348,308.13,0.34,0.56,2026-08-24,2250,N,nominal,2.0NRT,290.38,0.73,N
30.49681,56.81913,320.32,0.35,0.57,2026-08-24,2250,N,nominal,2.0NRT,292.36,1.52,N
30.23187,56.91017,310.62,0.36,0.57,2026-08-24,2250,N,nominal,2.0NRT,290.61,2.18,N
30.36958,56.12674,309.02,0.32,0.55,2026-08-24,2250,N,nominal,2.0NRT,288.98,1.53,N
30.36881,56.13,302.52,0.32,0.55,2026-08-24,2250,N,nominal,2.0NRT,289.33,0.95,N
30.32514,56.22536,300.13,0.33,0.55,2026-08-24,2250,N,nominal,2.0NRT,289.06,0.64,N
30.37868,55.86589,299.96,0.62,0.54,2026-08-24,2250,N,nominal,2.0NRT,289.54,0.78,N
30.2141,55.98357,300.4,0.32,0.54,2026-08-24,2250,N,nominal,2.0NRT,288.1,1.63,N
30.21333,55.98678,300.07,0.32,0.54,2026-08-24,2250,N,nominal,2.0NRT,288.28,0.54,N
30.2143,55.98429,301.2,0.32,0.54,2026-08-24,2250,N,nominal,2.0NRT,288.05,0.59,N
30.21356,55.9875,299.89,0.32,0.54,2026-08-24,2250,N,nominal,2.0NRT,288.32,0.36,N
29.92775,56.73421,308.34,0.36,0.57,2026-08-24,2250,N,nominal,2.0NRT,291.09,1.52,N
29.9274,56.73526,313.5,0.36,0.57,2026-08-24,2250,N,nominal,2.0NRT,291.75,1.58,N
29.9929,55.85506,309.4,0.63,0.54,2026-08-24,2250,N,nominal,2.0NRT,285.45,10.42,N
29.98802,55.8536,337.83,0.63,0.54,2026-08-24,2250,N,nominal,2.0NRT,287.74,10.42,N
30.08309,55.39882,318.66,0.59,0.53,2026-08-24,2250,N,nominal,2.0NRT,290.94,2.9,N
29.70024,55.53585,300.48,0.62,0.54,2026-08-24,2250,N,nominal,2.0NRT,288.28,1.01,N
29.5129,55.79974,300.88,0.32,0.55,2026-08-24,2250,N,nominal,2.0NRT,289.85,0.34,N
29.17064,54.61787,304.92,0.56,0.51,2026-08-24,2252,N,nominal,2.0NRT,292.75,1.44,N
27.42123,56.50429,314.03,0.39,0.6,2026-08-24,2252,N,nominal,2.0NRT,299.83,0.97,N
27.30164,56.30473,313.57,0.38,0.59,2026-08-24,2252,N,nominal,2.0NRT,299.75,1.13,N
27.16958,56.05681,332.82,0.37,0.58,2026-08-24,2252,N,nominal,2.0NRT,300.2,2.63,N
27.16868,56.0606,324.75,0.37,0.58,2026-08-24,2252,N,nominal,2.0NRT,299.4,2.63,N
27.15888,56.10181,324.76,0.38,0.58,2026-08-24,2252,N,nominal,2.0NRT,300.06,3,N
27.16432,56.05526,312.28,0.37,0.58,2026-08-24,2252,N,nominal,2.0NRT,299.31,1.41,N
27.1447,56.11386,311.6,0.38,0.59,2026-08-24,2252,N,nominal,2.0NRT,299.49,1.16,N
26.95534,55.54671,311.34,0.35,0.57,2026-08-24,2252,N,nominal,2.0NRT,300.49,0.82,N
25.97086,56.07344,316.02,0.4,0.6,2026-08-24,2252,N,nominal,2.0NRT,302.34,0.74,N
24.5048,56.60844,315.82,0.46,0.64,2026-08-24,2252,N,nominal,2.0NRT,297.94,2.04,N
24.5078,54.01567,367,0.32,0.55,2026-08-24,2252,N,high,2.0NRT,303.41,4.43,N
24.50848,54.01253,315.64,0.32,0.55,2026-08-24,2252,N,nominal,2.0NRT,303.44,3.51,N
24.00532,55.43623,313.38,0.4,0.6,2026-08-24,2252,N,nominal,2.0NRT,301.64,1.46,N
23.19211,55.45236,322.64,0.42,0.61,2026-08-24,2252,N,nominal,2.0NRT,300.17,3.44,N
23.19117,55.45643,311.96,0.42,0.61,2026-08-24,2252,N,nominal,2.0NRT,299.27,1.71,N
23.31118,54.17431,315.07,0.35,0.57,2026-08-24,2252,N,nominal,2.0NRT,298.47,0.95,N
23.27745,54.25158,343.34,0.35,0.57,2026-08-24,2252,N,nominal,2.0NRT,300.43,5.57,N
23.27668,54.25498,350.72,0.35,0.57,2026-08-24,2252,N,nominal,2.0NRT,300.02,5.57,N
22.87855,55.918,326.07,0.45,0.63,2026-08-24,2252,N,nominal,2.0NRT,297.44,5.97,N
23.27685,54.25206,356.62,0.35,0.57,2026-08-24,2252,N,nominal,2.0NRT,300.33,5.89,N
23.27611,54.25547,340.39,0.35,0.57,2026-08-24,2252,N,nominal,2.0NRT,299.45,5.89,N
22.87905,55.91645,315.8,0.45,0.63,2026-08-24,2252,N,nominal,2.0NRT,297.26,1.35,N
22.87803,55.92084,310.54,0.46,0.63,2026-08-24,2252,N,nominal,2.0NRT,297.4,1.35,N
22.8724,55.60835,309.6,0.44,0.62,2026-08-24,2252,N,nominal,2.0NRT,296.22,1.87,N
22.78317,55.80933,325.93,0.45,0.63,2026-08-24,2252,N,nominal,2.0NRT,297.58,2.51,N
22.52627,54.04707,306.86,0.35,0.57,2026-08-24,2252,N,nominal,2.0NRT,296.33,4.4,N
21.00646,56.52825,305.78,0.54,0.68,2026-08-24,2254,N,nominal,2.0NRT,289.24,2.74,N
21.00031,56.52658,309.19,0.54,0.68,2026-08-24,2254,N,nominal,2.0NRT,288.48,2.63,N
21.00271,56.52604,313.45,0.54,0.68,2026-08-24,2254,N,nominal,2.0NRT,289.5,4.43,N
20.38885,55.64459,304.6,0.49,0.65,2026-08-24,2254,N,nominal,2.0NRT,292.32,1.03,N
20.21372,55.7091,303.7,0.5,0.66,2026-08-24,2254,N,nominal,2.0NRT,290.54,2.02,N
21.11605,101.14425,336.04,0.39,0.36,2026-08-25,0642,N,nominal,2.0NRT,295.75,5.67,D
28.55548,100.33284,330.03,0.41,0.37,2026-08-25,0644,N,nominal,2.0NRT,297.75,3.36,D
28.49712,97.02263,332.53,0.39,0.36,2026-08-25,0644,N,nominal,2.0NRT,295.64,4.41,D
28.49912,97.02243,332.25,0.39,0.36,2026-08-25,0644,N,nominal,2.0NRT,295.98,5.91,D
29.66602,91.18839,325.57,0.43,0.46,2026-08-25,0646,N,nominal,2.0NRT,292.84,4.17,D
29.68351,91.14562,348.33,0.44,0.46,2026-08-25,0646,N,nominal,2.0NRT,300.22,14.14,D
29.69793,91.15185,325.94,0.43,0.46,2026-08-25,0646,N,low,2.0NRT,296.97,3.79,D
35.97691,100.84024,331.42,0.51,0.41,2026-08-25,0646,N,nominal,2.0NRT,300.53,2.38,D
39.25718,76.7927,334.87,0.72,0.76,2026-08-25,0650,N,nominal,2.0NRT,302.07,7.34,D
39.25453,76.78465,336.72,0.72,0.76,2026-08-25,0650,N,nominal,2.0NRT,299.55,7.34,D
39.25562,76.79131,330.32,0.72,0.76,2026-08-25,0650,N,low,2.0NRT,301.67,10.12,D
39.25293,76.78327,338.63,0.72,0.76,2026-08-25,0650,N,nominal,2.0NRT,299.9,12.67,D
6.25056,81.16558,331.6,0.46,0.39,2026-08-25,0820,N,nominal,2.0NRT,296.59,1.87,D
6.59563,81.12982,335.19,0.46,0.39,2026-08-25,0820,N,nominal,2.0NRT,297.31,3.38,D
6.62887,81.20591,350.02,0.46,0.39,2026-08-25,0820,N,nominal,2.0NRT,301.37,8.09,D
6.62826,81.20171,347.17,0.46,0.39,2026-08-25,0820,N,nominal,2.0NRT,304.09,6.36,D
6.62764,81.1975,348.58,0.46,0.39,2026-08-25,0820,N,nominal,2.0NRT,301.61,6.36,D
6.6325,81.20537,350.36,0.46,0.39,2026-08-25,0820,N,nominal,2.0NRT,301.65,22.55,D
6.73775,81.53931,332.76,0.48,0.4,2026-08-25,0820,N,nominal,2.0NRT,295.47,3.99,D
6.70154,81.22091,353.96,0.46,0.39,2026-08-25,0820,N,nominal,2.0NRT,301.2,7.97,D
6.70091,81.21671,340.74,0.46,0.39,2026-08-25,0820,N,nominal,2.0NRT,301.17,5.69,D
6.72609,81.36019,343.27,0.47,0.4,2026-08-25,0820,N,nominal,2.0NRT,298.05,6.66,D
6.70517,81.22038,342.63,0.46,0.39,2026-08-25,0820,N,nominal,2.0NRT,300.01,7.97,D
6.70454,81.21617,347.56,0.46,0.39,2026-08-25,0820,N,nominal,2.0NRT,298.45,5.69,D
6.70943,81.22404,346.17,0.46,0.39,2026-08-25,0820,N,nominal,2.0NRT,297.47,5.82,D
6.7088,81.21983,331.02,0.46,0.39,2026-08-25,0820,N,nominal,2.0NRT,296.52,5.82,D
6.70817,81.21564,332.43,0.46,0.39,2026-08-25,0820,N,nominal,2.0NRT,298.38,3.26,D
6.72541,81.36154,336.4,0.47,0.4,2026-08-25,0820,N,nominal,2.0NRT,298.46,6.46,D
6.70529,81.22145,334.79,0.46,0.39,2026-08-25,0820,N,nominal,2.0NRT,297.94,8.62,D
6.70469,81.21725,352.33,0.46,0.39,2026-08-25,0820,N,nominal,2.0NRT,299.65,6.58,D
6.70953,81.22513,340.38,0.46,0.39,2026-08-25,0820,N,nominal,2.0NRT,298.2,8.62,D
6.70832,81.21671,336.35,0.46,0.39,2026-08-25,0820,N,nominal,2.0NRT,297.73,6.58,D
6.74745,81.38467,338.5,0.47,0.4,2026-08-25,0820,N,nominal,2.0NRT,295.52,9.27,D
6.76355,81.4702,337.33,0.48,0.4,2026-08-25,0820,N,nominal,2.0NRT,296.39,3.69,D
6.75111,81.38413,332.28,0.47,0.4,2026-08-25,0820,N,nominal,2.0NRT,293.89,4.68,D
6.7767,81.53517,343.23,0.48,0.4,2026-08-25,0820,N,nominal,2.0NRT,300.37,6.92,D
6.79162,81.55989,350.53,0.48,0.4,2026-08-25,0820,N,nominal,2.0NRT,300.59,9.54,D
6.75276,81.09026,340.77,0.46,0.39,2026-08-25,0820,N,nominal,2.0NRT,295.73,6.7,D
6.8122,81.16679,337.27,0.46,0.39,2026-08-25,0820,N,nominal,2.0NRT,296.7,3.79,D
6.81303,81.1674,333.67,0.46,0.39,2026-08-25,0820,N,nominal,2.0NRT,295.9,4.76,D
6.88819,81.66446,337.67,0.49,0.4,2026-08-25,0820,N,nominal,2.0NRT,297.83,3.57,D
6.86466,81.47404,340.1,0.48,0.4,2026-08-25,0820,N,nominal,2.0NRT,298.21,6.06,D
6.86836,81.47356,341.88,0.48,0.4,2026-08-25,0820,N,nominal,2.0NRT,297.47,6.06,D
6.87965,81.52573,338.09,0.48,0.4,2026-08-25,0820,N,nominal,2.0NRT,299.5,6.91,D
6.87901,81.52132,337.32,0.48,0.4,2026-08-25,0820,N,nominal,2.0NRT,299.21,6.91,D
6.88335,81.52519,337.45,0.48,0.4,2026-08-25,0820,N,nominal,2.0NRT,298.35,6.91,D
6.88271,81.52078,336.86,0.48,0.4,2026-08-25,0820,N,nominal,2.0NRT,299,6.91,D
6.87135,81.44212,331.31,0.48,0.4,2026-08-25,0820,N,nominal,2.0NRT,296.26,2.2,D
6.90784,81.4859,339.31,0.48,0.4,2026-08-25,0820,N,nominal,2.0NRT,298.22,56.74,D
6.91892,81.48431,330.33,0.48,0.4,2026-08-25,0820,N,nominal,2.0NRT,294.76,2.34,D
6.99311,81.48762,332.26,0.48,0.4,2026-08-25,0820,N,nominal,2.0NRT,297.78,3.08,D
6.99681,81.48708,340.92,0.48,0.4,2026-08-25,0820,N,nominal,2.0NRT,298.24,16.58,D
6.9783,81.33369,342.41,0.47,0.4,2026-08-25,0820,N,nominal,2.0NRT,294.87,5.87,D
7.00675,81.50349,335.27,0.48,0.4,2026-08-25,0820,N,nominal,2.0NRT,297.38,3.8,D
6.98196,81.33311,340.19,0.47,0.4,2026-08-25,0820,N,nominal,2.0NRT,295.01,12.19,D
7.01044,81.50293,337.65,0.48,0.4,2026-08-25,0820,N,nominal,2.0NRT,297.62,3.8,D
7.10648,81.71599,344.34,0.5,0.41,2026-08-25,0820,N,nominal,2.0NRT,297.64,6.16,D
7.10736,81.71725,333.35,0.5,0.41,2026-08-25,0820,N,nominal,2.0NRT,295.75,4.59,D
7.10673,81.71281,337.37,0.5,0.41,2026-08-25,0820,N,nominal,2.0NRT,297.25,5.72,D
7.29373,81.78432,337.62,0.5,0.41,2026-08-25,0820,N,nominal,2.0NRT,298.18,5.05,D
7.29306,81.77975,340.33,0.5,0.41,2026-08-25,0820,N,nominal,2.0NRT,299.06,5.51,D
7.30826,81.85727,332.35,0.51,0.41,2026-08-25,0820,N,nominal,2.0NRT,294.62,2.31,D
7.30556,81.83883,339.33,0.51,0.41,2026-08-25,0820,N,nominal,2.0NRT,294.58,3.69,D
7.29885,81.79293,336.01,0.5,0.41,2026-08-25,0820,N,nominal,2.0NRT,297.82,7.42,D
7.2975,81.78377,339.7,0.5,0.41,2026-08-25,0820,N,nominal,2.0NRT,297.17,5.05,D
7.29684,81.77921,336.78,0.5,0.41,2026-08-25,0820,N,nominal,2.0NRT,296.96,5.51,D
7.28552,81.70193,330.33,0.5,0.41,2026-08-25,0820,N,nominal,2.0NRT,294.56,1.86,D
7.3017,81.75987,336.92,0.5,0.41,2026-08-25,0820,N,nominal,2.0NRT,296.28,3.31,D
7.3149,81.8234,338.03,0.51,0.41,2026-08-25,0820,N,nominal,2.0NRT,294.81,3.82,D
7.3126,81.7816,344.96,0.5,0.41,2026-08-25,0820,N,nominal,2.0NRT,298.26,7.74,D
7.32867,81.81205,333.14,0.51,0.41,2026-08-25,0820,N,nominal,2.0NRT,294.22,4.57,D
7.3246,81.78455,337.46,0.5,0.41,2026-08-25,0820,N,nominal,2.0NRT,297.8,5.04,D
7.32906,81.78858,342.36,0.5,0.41,2026-08-25,0820,N,nominal,2.0NRT,297.65,8.69,D
7.33148,81.7789,333.8,0.5,0.41,2026-08-25,0820,N,nominal,2.0NRT,298.87,5.32,D
7.329,81.81437,336.95,0.51,0.41,2026-08-25,0820,N,nominal,2.0NRT,294.42,6.33,D
7.3251,81.78683,338.15,0.5,0.41,2026-08-25,0820,N,nominal,2.0NRT,298.35,8.5,D
7.32252,81.76852,337.87,0.5,0.41,2026-08-25,0820,N,nominal,2.0NRT,297.51,5.16,D
7.32953,81.79086,346.5,0.5,0.41,2026-08-25,0820,N,nominal,2.0NRT,296.65,9.32,D
7.33417,81.45088,336.54,0.48,0.4,2026-08-25,0820,N,nominal,2.0NRT,293.93,7.83,D
7.28824,81.13609,339.35,0.47,0.39,2026-08-25,0820,N,nominal,2.0NRT,298.74,7.17,D
7.29552,81.13499,331.24,0.47,0.39,2026-08-25,0820,N,nominal,2.0NRT,298.72,4.34,D
7.36624,81.2598,354.22,0.47,0.4,2026-08-25,0820,N,nominal,2.0NRT,297.6,12.49,D
7.36528,81.26039,340.56,0.47,0.4,2026-08-25,0820,N,nominal,2.0NRT,295.47,12.2,D
7.36896,81.25998,348.81,0.47,0.4,2026-08-25,0820,N,nominal,2.0NRT,298.59,12.2,D
7.42791,81.59241,335.72,0.49,0.41,2026-08-25,0820,N,nominal,2.0NRT,292.94,4.09,D
7.44835,81.68165,333.83,0.5,0.41,2026-08-25,0820,N,nominal,2.0NRT,291.96,2.9,D
7.41669,81.25322,342.01,0.47,0.4,2026-08-25,0820,N,nominal,2.0NRT,299.11,5.13,D
7.42036,81.25268,341.33,0.47,0.4,2026-08-25,0820,N,nominal,2.0NRT,299.73,5.13,D
7.44073,81.28928,338.06,0.48,0.4,2026-08-25,0820,N,nominal,2.0NRT,297.59,3.29,D
7.46413,81.39714,331.61,0.48,0.4,2026-08-25,0820,N,nominal,2.0NRT,294.63,2.9,D
7.4673,81.31651,343.85,0.48,0.4,2026-08-25,0820,N,nominal,2.0NRT,298.7,4.67,D
7.48079,81.02785,335.73,0.46,0.39,2026-08-25,0820,N,nominal,2.0NRT,287.46,9.52,D
7.48018,81.02367,332.9,0.46,0.39,2026-08-25,0820,N,nominal,2.0NRT,289.81,7.84,D
7.57043,81.61926,336.86,0.5,0.41,2026-08-25,0820,N,nominal,2.0NRT,292.75,3.22,D
7.54853,81.36391,338.36,0.48,0.4,2026-08-25,0820,N,nominal,2.0NRT,297,2.63,D
7.57716,81.40447,335.59,0.48,0.4,2026-08-25,0820,N,nominal,2.0NRT,295.53,9.06,D
7.57651,81.40005,349.09,0.48,0.4,2026-08-25,0820,N,nominal,2.0NRT,296.72,9.06,D
7.63762,80.98406,348.83,0.46,0.39,2026-08-25,0820,N,nominal,2.0NRT,289.92,11.88,D
7.637,80.97987,349.1,0.46,0.39,2026-08-25,0820,N,nominal,2.0NRT,290.6,11.88,D
7.63637,80.97568,338.61,0.46,0.39,2026-08-25,0820,N,nominal,2.0NRT,290.12,5.47,D
8.17185,80.48933,337.53,0.44,0.39,2026-08-25,0820,N,nominal,2.0NRT,291.39,5.88,D
8.33228,81.02814,336.9,0.47,0.4,2026-08-25,0820,N,nominal,2.0NRT,289.01,5.71,D
8.22376,79.9154,335.11,0.42,0.38,2026-08-25,0820,N,nominal,2.0NRT,289.18,8.69,D
8.3507,80.67214,330.59,0.45,0.39,2026-08-25,0820,N,nominal,2.0NRT,289.59,3.94,D
8.35207,80.67225,338.64,0.46,0.39,2026-08-25,0820,N,nominal,2.0NRT,290.08,6.02,D
8.29243,80.20691,348.62,0.43,0.38,2026-08-25,0820,N,nominal,2.0NRT,287.69,11.89,D
8.47277,81.33554,334.73,0.49,0.4,2026-08-25,0820,N,nominal,2.0NRT,282.25,9.87,D
8.37075,80.59804,338.74,0.45,0.39,2026-08-25,0820,N,nominal,2.0NRT,291.28,3.91,D
8.35752,80.23368,344.91,0.44,0.38,2026-08-25,0820,N,nominal,2.0NRT,287.66,7.87,D
8.36105,80.23316,334.08,0.44,0.38,2026-08-25,0820,N,nominal,2.0NRT,288.27,3.9,D
8.44847,80.80316,335.04,0.46,0.39,2026-08-25,0820,N,nominal,2.0NRT,284.12,4.05,D
8.42033,80.56149,339.71,0.45,0.39,2026-08-25,0820,N,nominal,2.0NRT,289.5,5.89,D
8.42392,80.56097,342.91,0.45,0.39,2026-08-25,0820,N,nominal,2.0NRT,290.88,10.47,D
8.41851,80.52428,335.59,0.45,0.39,2026-08-25,0820,N,nominal,2.0NRT,290.38,3.76,D
8.4179,80.5202,334.3,0.45,0.39,2026-08-25,0820,N,nominal,2.0NRT,287.87,1.09,D
8.47545,80.57486,334.97,0.45,0.39,2026-08-25,0820,N,nominal,2.0NRT,291.24,3.83,D
8.44372,80.35572,339.94,0.44,0.38,2026-08-25,0820,N,nominal,2.0NRT,291.17,11.18,D
8.44314,80.35169,331.81,0.44,0.38,2026-08-25,0820,N,nominal,2.0NRT,290.04,5.12,D
8.52601,80.82277,333.46,0.46,0.39,2026-08-25,0820,N,nominal,2.0NRT,290.21,4.38,D
8.53026,80.82647,336.45,0.46,0.39,2026-08-25,0820,N,nominal,2.0NRT,287.83,4.38,D
8.52343,80.70296,330.42,0.46,0.39,2026-08-25,0820,N,nominal,2.0NRT,287.42,2.65,D
8.59756,80.82961,333.91,0.47,0.39,2026-08-25,0820,N,nominal,2.0NRT,284.88,4.69,D
8.57438,80.56564,343.12,0.45,0.39,2026-08-25,0820,N,nominal,2.0NRT,289.7,4.5,D
8.58405,80.45564,332.59,0.45,0.39,2026-08-25,0820,N,nominal,2.0NRT,289.38,2.8,D
8.56757,80.34253,334.74,0.44,0.39,2026-08-25,0820,N,nominal,2.0NRT,287.91,3.72,D
8.62952,80.64198,333.52,0.46,0.39,2026-08-25,0820,N,nominal,2.0NRT,291.64,3.74,D
8.63329,80.34522,338.37,0.44,0.39,2026-08-25,0820,N,nominal,2.0NRT,294.85,7.19,D
8.63257,80.34579,344.64,0.44,0.39,2026-08-25,0820,N,nominal,2.0NRT,295.21,8.37,D
8.66378,80.43628,332.82,0.45,0.39,2026-08-25,0820,N,nominal,2.0NRT,289.17,3.55,D
8.67924,80.44233,346.52,0.45,0.39,2026-08-25,0820,N,nominal,2.0NRT,289.13,6.78,D
8.69478,80.34908,339.58,0.44,0.39,2026-08-25,0820,N,nominal,2.0NRT,291.26,3.86,D
8.7244,80.32823,336.03,0.44,0.39,2026-08-25,0820,N,nominal,2.0NRT,287.31,4.74,D
10.2144,79.2453,332.07,0.42,0.37,2026-08-25,0822,N,nominal,2.0NRT,277.4,4.51,D
10.21385,79.24151,330.12,0.42,0.37,2026-08-25,0822,N,nominal,2.0NRT,278.65,3.48,D
14.20531,77.38112,337.11,0.39,0.36,2026-08-25,0822,N,nominal,2.0NRT,297.5,3.89,D
14.86806,79.7366,350.15,0.48,0.4,2026-08-25,0822,N,nominal,2.0NRT,299.64,9.7,D
15.65774,78.98273,344.31,0.45,0.39,2026-08-25,0822,N,nominal,2.0NRT,299.23,6.07,D
16.00588,79.10636,330.37,0.46,0.39,2026-08-25,0822,N,nominal,2.0NRT,297.38,1.63,D
17.08652,79.68517,330.79,0.51,0.41,2026-08-25,0822,N,nominal,2.0NRT,293.24,3.75,D
22.88,55.92892,355.58,0.49,0.49,2026-08-25,1006,N,nominal,2.0NRT,317.56,11.79,D
22.87947,55.92406,348.59,0.49,0.49,2026-08-25,1006,N,nominal,2.0NRT,318.27,4.85,D
22.87262,55.61664,348.51,0.47,0.48,2026-08-25,1006,N,low,2.0NRT,319.48,3.17,D
22.92562,55.80584,353.53,0.49,0.48,2026-08-25,1006,N,nominal,2.0NRT,318.04,10.58,D
22.92724,55.80332,349.58,0.49,0.48,2026-08-25,1006,N,nominal,2.0NRT,318.2,8.13,D
38.97215,56.50554,334.77,0.42,0.61,2026-08-25,0830,N,nominal,2.0NRT,304.83,2.02,D
23.27839,54.259,354.61,0.4,0.44,2026-08-25,1006,N,nominal,2.0NRT,322.96,11.57,D
39.24449,56.48059,344.69,0.41,0.61,2026-08-25,0830,N,nominal,2.0NRT,305.83,2.86,D
38.64581,54.28264,345.51,0.55,0.68,2026-08-25,0830,N,nominal,2.0NRT,309.27,4.01,D
38.6825,54.31359,339.8,0.54,0.68,2026-08-25,0830,N,nominal,2.0NRT,307.52,2.65,D
39.26643,56.01537,334.43,0.43,0.62,2026-08-25,0830,N,low,2.0NRT,308.95,2.73,D
39.44381,54.39049,344.05,0.51,0.66,2026-08-25,0830,N,nominal,2.0NRT,307.62,5.84,D
39.44345,54.38866,354.97,0.51,0.66,2026-08-25,0830,N,nominal,2.0NRT,309.08,6.61,D
39.44929,54.38585,352.53,0.51,0.66,2026-08-25,0830,N,nominal,2.0NRT,306.79,6.61,D
24.47141,56.62664,336.98,0.57,0.52,2026-08-25,1006,N,low,2.0NRT,307.25,3.64,D
24.47624,56.62609,338.25,0.57,0.52,2026-08-25,1006,N,nominal,2.0NRT,307.01,3.64,D
24.50341,56.60566,345.75,0.57,0.52,2026-08-25,1006,N,nominal,2.0NRT,308.67,20.71,D
24.50718,56.60822,344.41,0.57,0.52,2026-08-25,1006,N,nominal,2.0NRT,307.49,16.05,D
24.50988,54.02126,340.89,0.4,0.44,2026-08-25,1006,N,nominal,2.0NRT,304.84,5.11,D
24.50942,54.01731,338.93,0.4,0.44,2026-08-25,1006,N,nominal,2.0NRT,304.66,3.56,D
27.16051,56.10329,345.51,0.57,0.52,2026-08-25,1009,N,nominal,2.0NRT,311.46,18.87,D
27.15996,56.09747,336.53,0.57,0.52,2026-08-25,1009,N,low,2.0NRT,309.2,17.89,D
27.17051,56.05489,345.34,0.57,0.52,2026-08-25,1009,N,nominal,2.0NRT,311.39,23.12,D
28.79736,59.17243,355.41,0.46,0.63,2026-08-25,1009,N,nominal,2.0NRT,323.73,4.25,D
29.98888,55.85541,352.44,0.6,0.53,2026-08-25,1009,N,nominal,2.0NRT,317.79,28.81,D
37.11132,55.1837,331.06,0.32,0.55,2026-08-25,1011,N,low,2.0NRT,304.06,1.58,D
37.4736,61.76955,331.32,0.74,0.76,2026-08-25,1011,N,low,2.0NRT,304.7,3.55,D
37.47602,61.76962,331.03,0.74,0.76,2026-08-25,1011,N,low,2.0NRT,305.89,3.7,D
37.88683,58.56969,338.94,0.5,0.66,2026-08-25,1011,N,nominal,2.0NRT,308.68,2.44,D
38.1381,62.13594,335.61,0.78,0.78,2026-08-25,1011,N,low,2.0NRT,309.53,6.97,D
38.59427,57.25063,345.86,0.43,0.62,2026-08-25,1011,N,nominal,2.0NRT,306.16,9.02,D
38.64569,54.28054,346.22,0.6,0.53,2026-08-25,1011,N,low,2.0NRT,317.41,2.95,D
38.97157,56.50067,333.87,0.4,0.6,2026-08-25,1011,N,low,2.0NRT,306.26,2.06,D
39.2719,56.01564,338.18,0.37,0.58,2026-08-25,1011,N,nominal,2.0NRT,307.69,4.36,D
39.44579,54.38559,353.62,0.61,0.54,2026-08-25,1011,N,nominal,2.0NRT,313.85,11.94,D
39.44566,54.38503,353.77,0.62,0.54,2026-08-25,1011,N,nominal,2.0NRT,313.81,14.83,D
27.47396,66.66039,338.2,0.43,0.46,2026-08-25,0826,N,low,2.0NRT,309.03,5.3,D
29.78545,72.26527,343.41,0.38,0.36,2026-08-25,0826,N,nominal,2.0NRT,307.31,3.8,D
30.15438,73.2097,330.18,0.39,0.36,2026-08-25,0826,N,low,2.0NRT,305.01,1.61,D
30.16365,72.41509,342.79,0.38,0.36,2026-08-25,0826,N,nominal,2.0NRT,307.09,3.03,D
30.38699,73.90166,331.03,0.4,0.37,2026-08-25,0826,N,low,2.0NRT,303.76,3.83,D
30.35581,73.60623,330.28,0.4,0.37,2026-08-25,0826,N,low,2.0NRT,301.9,2.79,D
30.26614,72.98603,336.39,0.39,0.36,2026-08-25,0826,N,nominal,2.0NRT,304.45,2.28,D
30.41115,73.77779,332.39,0.4,0.37,2026-08-25,0826,N,nominal,2.0NRT,303.01,1.7,D
30.55025,73.47831,339.44,0.39,0.36,2026-08-25,0826,N,nominal,2.0NRT,308.94,4.79,D
30.6344,73.05245,336.05,0.39,0.36,2026-08-25,0826,N,nominal,2.0NRT,303.52,4.64,D
30.64405,72.29908,333.31,0.38,0.36,2026-08-25,0826,N,nominal,2.0NRT,299.84,2.22,D
30.85566,71.98112,334.02,0.38,0.36,2026-08-25,0826,N,nominal,2.0NRT,300.18,2.21,D
30.8567,71.94377,347.82,0.38,0.36,2026-08-25,0826,N,nominal,2.0NRT,303.01,8.91,D
31.09704,72.31596,335.48,0.38,0.36,2026-08-25,0828,N,low,2.0NRT,307.17,3.38,D
31.09643,72.31196,333.55,0.38,0.36,2026-08-25,0828,N,low,2.0NRT,305.53,2.31,D
31.74621,72.21912,332.48,0.38,0.36,2026-08-25,0828,N,low,2.0NRT,305.23,2.73,D
31.86618,72.92677,332.25,0.39,0.36,2026-08-25,0828,N,low,2.0NRT,306.22,4.26,D
32.57449,72.56425,334.07,0.39,0.36,2026-08-25,0828,N,low,2.0NRT,308.49,4.02,D
35.11407,60.14714,343.34,0.34,0.56,2026-08-25,0828,N,low,2.0NRT,313.38,3.76,D
37.26963,69.03612,334.32,0.39,0.36,2026-08-25,0828,N,low,2.0NRT,306.9,2.74,D
37.11931,62.36452,347.2,0.46,0.47,2026-08-25,0830,N,low,2.0NRT,322.16,16.44,D
38.46249,68.69064,350.05,0.39,0.36,2026-08-25,0830,N,low,2.0NRT,321.46,10.6,D
37.10927,61.0869,340.35,0.54,0.51,2026-08-25,0830,N,low,2.0NRT,315.1,6.24,D
38.2684,61.33395,350.61,0.49,0.49,2026-08-25,0830,N,nominal,2.0NRT,325.05,5.48,D
39.737,67.12144,337.21,0.41,0.37,2026-08-25,0830,N,nominal,2.0NRT,311.47,3.55,D
18.01369,54.57354,346.38,0.54,0.42,2026-08-25,1004,N,nominal,2.0NRT,316.31,22.78,D
18.02146,54.57246,339.37,0.54,0.42,2026-08-25,1004,N,low,2.0NRT,311.94,3.73,D
18.32118,55.10663,353.25,0.39,0.44,2026-08-25,1004,N,nominal,2.0NRT,316.09,2.33,D
19.26641,56.17731,346.25,0.46,0.47,2026-08-25,1004,N,nominal,2.0NRT,309.29,11.62,D
20.21299,55.7139,343.45,0.44,0.46,2026-08-25,1006,N,nominal,2.0NRT,311.45,2.38,D
20.37315,55.93755,347.01,0.46,0.47,2026-08-25,1006,N,nominal,2.0NRT,310.75,11.42,D
20.37752,55.93699,346.78,0.46,0.47,2026-08-25,1006,N,nominal,2.0NRT,309.62,11.42,D
21.00008,56.53216,346.85,0.51,0.49,2026-08-25,1006,N,nominal,2.0NRT,315.19,1.49,D
21.00037,56.53406,346.6,0.51,0.49,2026-08-25,1006,N,nominal,2.0NRT,315.18,1.41,D
21.64873,55.99571,348.7,0.48,0.48,2026-08-25,1006,N,nominal,2.0NRT,314.02,4.66,D
21.93773,57.0709,344.34,0.57,0.52,2026-08-25,1006,N,low,2.0NRT,314.96,3.51,D
22.29139,56.5278,346.76,0.53,0.5,2026-08-25,1006,N,nominal,2.0NRT,316.6,2.11,D
22.3318,56.4654,346.67,0.53,0.5,2026-08-25,1006,N,nominal,2.0NRT,316.38,1.25,D
22.43959,56.69975,349.49,0.55,0.51,2026-08-25,1006,N,low,2.0NRT,320.62,27.04,D
39.86246,98.25407,313.37,0.4,0.44,2026-08-25,1906,N,nominal,2.0NRT,288.21,1.84,N
39.84394,98.27455,330.49,0.39,0.44,2026-08-25,1906,N,nominal,2.0NRT,285.86,2.54,N
39.82346,98.24043,302.85,0.4,0.44,2026-08-25,1906,N,nominal,2.0NRT,285.8,0.94,N
39.81374,98.29486,312.1,0.39,0.44,2026-08-25,1906,N,nominal,2.0NRT,289.03,1.09,N
39.81327,98.29942,301.16,0.39,0.44,2026-08-25,1906,N,nominal,2.0NRT,287.56,1.09,N
39.80922,98.29876,298.04,0.39,0.44,2026-08-25,1906,N,nominal,2.0NRT,286.24,1.11,N
39.80876,98.30331,297.83,0.39,0.44,2026-08-25,1906,N,nominal,2.0NRT,286.47,0.48,N
39.79256,98.30065,296.04,0.39,0.44,2026-08-25,1906,N,nominal,2.0NRT,285.28,0.72,N
39.78852,98.29999,307.77,0.39,0.44,2026-08-25,1906,N,nominal,2.0NRT,285.42,0.72,N
29.74933,98.72077,303.34,0.44,0.38,2026-08-25,1910,N,nominal,2.0NRT,280.5,1.16,N
26.63281,101.47672,304.2,0.39,0.36,2026-08-25,1910,N,nominal,2.0NRT,290.52,0.8,N
26.62274,101.4549,306.98,0.39,0.36,2026-08-25,1910,N,nominal,2.0NRT,290.72,0.85,N
27.32489,95.27836,310.53,0.4,0.44,2026-08-25,1910,N,nominal,2.0NRT,288.02,2.34,N
27.31814,95.26488,317.39,0.4,0.45,2026-08-25,1910,N,nominal,2.0NRT,287.49,2.44,N
25.28895,100.54815,303.92,0.38,0.36,2026-08-25,1910,N,nominal,2.0NRT,287,0.47,N
22.37854,87.27468,305.68,0.55,0.68,2026-08-25,1910,N,nominal,2.0NRT,275.84,2.05,N
22.37812,87.2802,307.89,0.55,0.68,2026-08-25,1910,N,nominal,2.0NRT,276.62,2.05,N
22.37654,87.27341,299.76,0.55,0.68,2026-08-25,1910,N,nominal,2.0NRT,276.37,2.54,N
22.37608,87.27892,311.74,0.55,0.68,2026-08-25,1910,N,nominal,2.0NRT,279.11,3.21,N
22.36787,87.30032,305.12,0.55,0.68,2026-08-25,1910,N,nominal,2.0NRT,281.45,1.59,N
22.35603,87.28809,299.91,0.55,0.68,2026-08-25,1910,N,nominal,2.0NRT,278.54,1.02,N
22.36498,87.01769,302.1,0.57,0.69,2026-08-25,1910,N,nominal,2.0NRT,277.98,0.5,N
22.24567,87.3872,301.79,0.54,0.68,2026-08-25,1910,N,nominal,2.0NRT,281.07,0.71,N
39.50773,67.00578,306.23,0.4,0.6,2026-08-25,2049,N,nominal,2.0NRT,287.57,0.6,N
39.17027,63.25422,301.75,0.62,0.72,2026-08-25,2049,N,nominal,2.0NRT,290.37,1.25,N
38.68041,65.95577,304.57,0.45,0.63,2026-08-25,2049,N,nominal,2.0NRT,289.51,1.64,N
38.46859,65.77959,304.19,0.45,0.63,2026-08-25,2049,N,nominal,2.0NRT,292.22,1.29,N
38.45562,65.80562,303.63,0.45,0.63,2026-08-25,2049,N,nominal,2.0NRT,290.22,1.56,N
37.30626,77.71896,295.89,0.39,0.36,2026-08-25,2049,N,nominal,2.0NRT,283.19,0.43,N
38.05332,67.26315,367,0.37,0.58,2026-08-25,2051,N,high,2.0NRT,297.84,20.18,N
38.05309,67.2673,306.97,0.37,0.58,2026-08-25,2051,N,nominal,2.0NRT,291.93,7.28,N
38.04791,67.26237,335.83,0.37,0.58,2026-08-25,2051,N,nominal,2.0NRT,291.5,4.93,N
37.59257,61.52362,303.38,0.76,0.77,2026-08-25,2051,N,nominal,2.0NRT,290.45,1.08,N
37.59262,61.52602,302.24,0.76,0.77,2026-08-25,2051,N,nominal,2.0NRT,290.36,1.57,N
37.12101,62.35944,311.01,0.68,0.74,2026-08-25,2051,N,nominal,2.0NRT,291.43,9.32,N
37.12085,62.36746,311.01,0.68,0.74,2026-08-25,2051,N,nominal,2.0NRT,290.84,2.97,N
37.11391,62.36719,303.2,0.68,0.74,2026-08-25,2051,N,nominal,2.0NRT,291.98,2.97,N
37.03886,62.41766,318.06,0.68,0.74,2026-08-25,2051,N,nominal,2.0NRT,291.13,4.96,N
35.96903,68.68799,304.65,0.59,0.53,2026-08-25,2051,N,nominal,2.0NRT,293.92,2.05,N
33.6881,72.71527,307.75,0.51,0.41,2026-08-25,2051,N,nominal,2.0NRT,295.43,0.98,N
33.2966,71.18492,314.05,0.4,0.45,2026-08-25,2051,N,nominal,2.0NRT,296.22,1.13,N
32.10264,74.17625,323.42,0.43,0.38,2026-08-25,2051,N,nominal,2.0NRT,295.14,3.45,N
31.61505,74.37461,312.1,0.42,0.38,2026-08-25,2051,N,nominal,2.0NRT,297.17,0.89,N
28.42473,69.69848,315.47,0.43,0.46,2026-08-25,2053,N,nominal,2.0NRT,297.82,1.64,N
25.9415,72.19053,306.2,0.45,0.39,2026-08-25,2053,N,nominal,2.0NRT,280.44,0.87,N
26.09389,68.87976,305.55,0.45,0.47,2026-08-25,2053,N,nominal,2.0NRT,291.38,1.18,N
25.38861,68.58073,319.53,0.46,0.47,2026-08-25,2053,N,nominal,2.0NRT,295.54,2.1,N
22.03749,83.35403,297.68,0.32,0.55,2026-08-25,2053,N,nominal,2.0NRT,272.66,1.02,N
21.82554,83.90067,298.76,0.35,0.57,2026-08-25,2053,N,nominal,2.0NRT,272.21,0.53,N
21.80047,83.89091,298.89,0.35,0.57,2026-08-25,2053,N,nominal,2.0NRT,274.09,0.38,N
21.75037,83.84305,301.57,0.35,0.57,2026-08-25,2053,N,nominal,2.0NRT,274.45,0.9,N
21.74524,83.84165,344.62,0.35,0.57,2026-08-25,2053,N,nominal,2.0NRT,278.44,2.32,N
21.7445,83.84505,298.77,0.35,0.57,2026-08-25,2053,N,nominal,2.0NRT,276.34,2.32,N
21.74012,83.84026,308.08,0.35,0.57,2026-08-25,2053,N,nominal,2.0NRT,277.41,2.32,N
21.80072,82.0384,300.33,0.54,0.51,2026-08-25,2053,N,nominal,2.0NRT,277.59,0.72,N
21.37644,81.67916,295.33,0.52,0.5,2026-08-25,2053,N,nominal,2.0NRT,271.65,1.1,N
21.46661,80.1269,300.63,0.42,0.45,2026-08-25,2053,N,nominal,2.0NRT,271.13,0.53,N
22.93243,69.69887,311.42,0.55,0.43,2026-08-25,2053,N,nominal,2.0NRT,293.13,2.23,N
22.93312,69.69748,314.65,0.55,0.43,2026-08-25,2053,N,nominal,2.0NRT,292.93,2.18,N
22.4152,69.03896,305.3,0.39,0.44,2026-08-25,2055,N,nominal,2.0NRT,285.84,1.39,N
21.1113,72.63686,301.26,0.4,0.37,2026-08-25,2055,N,nominal,2.0NRT,279.28,1.51,N
21.10678,72.64395,316.16,0.4,0.37,2026-08-25,2055,N,nominal,2.0NRT,277.94,2.31,N
21.1062,72.64778,310.96,0.4,0.37,2026-08-25,2055,N,nominal,2.0NRT,275.72,1.33,N
21.10456,72.63571,316.63,0.4,0.37,2026-08-25,2055,N,nominal,2.0NRT,287.4,3.21,N
21.10119,72.63515,333.85,0.4,0.37,2026-08-25,2055,N,nominal,2.0NRT,290.63,7.38,N
19.82175,79.2376,301.47,0.39,0.44,2026-08-25,2055,N,nominal,2.0NRT,286.07,0.86,N
17.95664,80.79015,304.6,0.53,0.5,2026-08-25,2053,N,nominal,2.0NRT,287.69,2.22,N
17.95564,80.7951,310.43,0.53,0.5,2026-08-25,2053,N,nominal,2.0NRT,287.79,1.62,N
17.95771,80.79256,318.24,0.53,0.5,2026-08-25,2053,N,nominal,2.0NRT,287.88,4.11,N
18.80515,74.26173,306.85,0.39,0.36,2026-08-25,2053,N,nominal,2.0NRT,290.55,0.58,N
18.57702,72.242,318.46,0.4,0.37,2026-08-25,2053,N,nominal,2.0NRT,287.56,2.8,N
15.17962,76.67442,300.33,0.5,0.41,2026-08-25,2053,N,nominal,2.0NRT,283.81,0.71,N
15.1759,76.67371,305.07,0.5,0.41,2026-08-25,2053,N,nominal,2.0NRT,286.46,0.71,N
15.17508,76.67832,297.22,0.5,0.41,2026-08-25,2053,N,nominal,2.0NRT,285.37,2.28,N
14.87239,78.05413,309.87,0.4,0.44,2026-08-25,2055,N,nominal,2.0NRT,281.77,2.06,N
9.70498,77.43482,295.89,0.45,0.47,2026-08-25,2055,N,nominal,2.0NRT,271.73,1.89,N
38.05923,58.16845,304.87,0.49,0.4,2026-08-25,2229,N,nominal,2.0NRT,294.76,1.17,N
37.11972,62.36499,321.66,0.54,0.51,2026-08-25,2229,N,nominal,2.0NRT,291.88,5.83,N
37.11378,62.36922,332.44,0.54,0.51,2026-08-25,2229,N,nominal,2.0NRT,291.29,5.83,N
37.34846,61.36585,304.1,0.48,0.48,2026-08-25,2229,N,nominal,2.0NRT,290.74,0.89,N
37.94088,58.56433,310.69,0.51,0.41,2026-08-25,2229,N,nominal,2.0NRT,292.84,1.32,N
38.68163,54.31675,335.31,0.39,0.36,2026-08-25,2229,N,nominal,2.0NRT,299.67,3.09,N
37.03154,62.42275,325.8,0.55,0.51,2026-08-25,2229,N,nominal,2.0NRT,292.85,4.06,N
37.033,62.41675,301.51,0.55,0.51,2026-08-25,2229,N,nominal,2.0NRT,290.99,2.48,N
37.03408,62.42302,319.07,0.55,0.51,2026-08-25,2229,N,nominal,2.0NRT,292.95,2.45,N
37.02953,62.4213,304.78,0.55,0.51,2026-08-25,2229,N,nominal,2.0NRT,290.51,2.45,N
38.64985,54.28283,333.9,0.39,0.36,2026-08-25,2229,N,nominal,2.0NRT,301.35,5.07,N
37.82726,58.38582,304.65,0.5,0.41,2026-08-25,2229,N,nominal,2.0NRT,292.35,0.93,N
37.21748,60.0262,323.05,0.41,0.45,2026-08-25,2229,N,nominal,2.0NRT,293.13,1.11,N
37.45501,57.68954,303.66,0.48,0.4,2026-08-25,2229,N,nominal,2.0NRT,292.78,1.13,N
37.34099,58.04911,299.87,0.5,0.41,2026-08-25,2229,N,nominal,2.0NRT,289.86,1.36,N
36.48844,61.62302,309.88,0.51,0.5,2026-08-25,2229,N,nominal,2.0NRT,290.85,1.35,N
36.47829,61.62534,301.35,0.51,0.5,2026-08-25,2229,N,nominal,2.0NRT,291.18,2.69,N
36.47371,61.46209,302.63,0.5,0.49,2026-08-25,2229,N,nominal,2.0NRT,290.5,1.13,N
36.37114,61.94199,300.81,0.54,0.51,2026-08-25,2229,N,nominal,2.0NRT,288.56,0.61,N
36.4733,61.45908,303.61,0.5,0.49,2026-08-25,2229,N,nominal,2.0NRT,290.49,0.77,N
36.47826,59.74541,306.51,0.41,0.45,2026-08-25,2229,N,nominal,2.0NRT,293,0.82,N
36.99221,56.23253,310.42,0.43,0.38,2026-08-25,2229,N,nominal,2.0NRT,291.59,0.98,N
36.23813,59.73355,306.04,0.42,0.45,2026-08-25,2229,N,nominal,2.0NRT,291.92,1.13,N
36.94678,54.88822,327.55,0.4,0.37,2026-08-25,2229,N,nominal,2.0NRT,296.7,1.7,N
36.94601,54.89264,307.37,0.4,0.37,2026-08-25,2229,N,nominal,2.0NRT,296.17,1.7,N
36.29867,54.79048,313.63,0.4,0.37,2026-08-25,2229,N,nominal,2.0NRT,293.59,0.77,N
35.36776,59.30767,305.27,0.41,0.45,2026-08-25,2229,N,nominal,2.0NRT,290.29,0.73,N
36.35637,54.11974,302.72,0.39,0.36,2026-08-25,2229,N,nominal,2.0NRT,289.67,0.37,N
36.32424,54.18785,300.4,0.39,0.36,2026-08-25,2229,N,nominal,2.0NRT,289.25,0.41,N
33.7536,59.14468,316.45,0.43,0.46,2026-08-25,2231,N,nominal,2.0NRT,290.07,1.43,N
33.04025,56.84868,314.32,0.52,0.41,2026-08-25,2231,N,nominal,2.0NRT,296.04,1.74,N
32.33636,54.08676,306.01,0.41,0.37,2026-08-25,2231,N,nominal,2.0NRT,291.46,1.46,N
31.7039,55.44818,309.84,0.47,0.4,2026-08-25,2231,N,nominal,2.0NRT,298.02,1.78,N
31.94201,54.04475,311.99,0.42,0.37,2026-08-25,2231,N,nominal,2.0NRT,295.15,1.1,N
31.94208,54.04659,308.16,0.42,0.37,2026-08-25,2231,N,nominal,2.0NRT,294.72,0.6,N
31.93868,54.04573,307.88,0.42,0.37,2026-08-25,2231,N,nominal,2.0NRT,294.23,0.6,N
31.92618,54.05626,324.06,0.42,0.37,2026-08-25,2231,N,nominal,2.0NRT,296.9,2.33,N
31.43347,56.49148,300.85,0.53,0.42,2026-08-25,2231,N,nominal,2.0NRT,288.45,0.53,N
31.62114,54.72362,308.67,0.44,0.38,2026-08-25,2231,N,nominal,2.0NRT,292.31,1.72,N
30.7551,56.65854,309.95,0.55,0.43,2026-08-25,2231,N,nominal,2.0NRT,292.17,2.47,N
30.66552,56.62083,305.86,0.55,0.43,2026-08-25,2231,N,nominal,2.0NRT,289.53,1.29,N
30.50006,56.81702,308.97,0.57,0.43,2026-08-25,2231,N,nominal,2.0NRT,291.63,2.68,N
29.47695,60.8087,305.6,0.33,0.55,2026-08-25,2231,N,nominal,2.0NRT,290.59,0.76,N
29.47613,60.81214,301.13,0.33,0.56,2026-08-25,2231,N,nominal,2.0NRT,290.54,0.51,N
30.23747,56.90963,300.55,0.39,0.44,2026-08-25,2231,N,nominal,2.0NRT,290.04,1.31,N
30.23352,56.90855,316.09,0.39,0.44,2026-08-25,2231,N,nominal,2.0NRT,291.64,1.31,N
30.37075,56.12764,306.27,0.53,0.42,2026-08-25,2231,N,nominal,2.0NRT,289.07,1.41,N
30.32526,56.22831,299.69,0.53,0.42,2026-08-25,2231,N,nominal,2.0NRT,288.94,0.67,N
30.37973,55.86633,305.67,0.51,0.41,2026-08-25,2231,N,nominal,2.0NRT,289.89,1.22,N
30.39145,55.76515,301.36,0.51,0.41,2026-08-25,2231,N,nominal,2.0NRT,289.08,0.57,N
30.32357,55.97313,314.64,0.52,0.41,2026-08-25,2231,N,nominal,2.0NRT,289.95,1.39,N
30.21546,55.98565,306.73,0.52,0.42,2026-08-25,2231,N,nominal,2.0NRT,288.45,1.42,N
29.92775,56.73549,315.27,0.38,0.43,2026-08-25,2231,N,nominal,2.0NRT,291.32,2.04,N
30.08328,55.3996,316.2,0.49,0.4,2026-08-25,2231,N,nominal,2.0NRT,293.19,2.5,N
29.98989,55.85835,344.73,0.52,0.41,2026-08-25,2231,N,nominal,2.0NRT,288.59,8.77,N
29.25167,55.85085,300.66,0.53,0.42,2026-08-25,2231,N,nominal,2.0NRT,287.51,0.91,N
29.13588,55.36026,306.33,0.51,0.41,2026-08-25,2231,N,nominal,2.0NRT,296.3,1.71,N
29.20271,54.48602,303.92,0.46,0.39,2026-08-25,2231,N,nominal,2.0NRT,288.3,1.4,N
29.17061,54.61873,306.87,0.47,0.4,2026-08-25,2231,N,nominal,2.0NRT,292.59,1.36,N
27.92402,58.08889,306.61,0.5,0.49,2026-08-25,2231,N,nominal,2.0NRT,295.57,1.47,N
27.42359,56.50308,316.26,0.41,0.45,2026-08-25,2231,N,nominal,2.0NRT,299.52,1.01,N
27.42224,56.50024,313.99,0.41,0.45,2026-08-25,2231,N,nominal,2.0NRT,299.6,1.24,N
27.30112,56.30255,313.79,0.4,0.45,2026-08-25,2231,N,nominal,2.0NRT,300.03,1.21,N
27.17714,56.06091,313.43,0.39,0.44,2026-08-25,2231,N,nominal,2.0NRT,300.15,1.6,N
27.17011,56.09644,313.86,0.4,0.44,2026-08-25,2231,N,nominal,2.0NRT,300.57,1.7,N
27.16993,56.05496,332.64,0.39,0.44,2026-08-25,2231,N,nominal,2.0NRT,301.65,2.08,N
27.16053,56.10236,345.7,0.4,0.44,2026-08-25,2231,N,nominal,2.0NRT,302.21,5.24,N
27.16915,56.05891,314.31,0.39,0.44,2026-08-25,2231,N,nominal,2.0NRT,300.05,2.08,N
27.16132,56.09841,313.9,0.4,0.44,2026-08-25,2231,N,nominal,2.0NRT,300.66,4.61,N
27.16594,56.05394,317.31,0.39,0.44,2026-08-25,2231,N,nominal,2.0NRT,300.12,1.38,N
27.16123,56.07766,311.69,0.4,0.44,2026-08-25,2231,N,nominal,2.0NRT,300.07,1.21,N
27.14614,56.11129,316.85,0.4,0.44,2026-08-25,2231,N,nominal,2.0NRT,300.15,1.2,N
25.63453,59.36111,308.01,0.33,0.55,2026-08-25,2233,N,nominal,2.0NRT,295.79,0.65,N
25.97378,56.06896,320.16,0.41,0.45,2026-08-25,2233,N,nominal,2.0NRT,302.49,1.85,N
25.55932,55.98437,316.95,0.42,0.45,2026-08-25,2233,N,nominal,2.0NRT,300.55,1.44,N
25.55765,55.98562,315.04,0.42,0.45,2026-08-25,2233,N,nominal,2.0NRT,300.11,1.3,N
25.15701,55.24154,313.49,0.39,0.44,2026-08-25,2233,N,nominal,2.0NRT,302.45,1.16,N
24.98863,55.62701,319.63,0.41,0.45,2026-08-25,2233,N,nominal,2.0NRT,301.67,1.53,N
24.50529,56.60623,336.17,0.47,0.48,2026-08-25,2233,N,nominal,2.0NRT,300.11,5.11,N
24.51142,54.02024,325.9,0.51,0.41,2026-08-25,2233,N,nominal,2.0NRT,305.12,1.88,N
23.19081,55.45937,331.92,0.43,0.46,2026-08-25,2233,N,nominal,2.0NRT,303.95,3.55,N
23.3115,54.17875,318.99,0.54,0.42,2026-08-25,2233,N,nominal,2.0NRT,302.41,1.72,N
23.27976,54.25971,338.42,0.55,0.43,2026-08-25,2233,N,nominal,2.0NRT,303.8,4.85,N
23.27589,54.25885,317.42,0.55,0.43,2026-08-25,2233,N,nominal,2.0NRT,303.06,2.35,N
23.28014,54.2585,339.36,0.55,0.43,2026-08-25,2233,N,nominal,2.0NRT,303.9,4.22,N
23.27626,54.25764,318.1,0.55,0.43,2026-08-25,2233,N,nominal,2.0NRT,303.07,4.22,N
22.92516,55.80575,332.93,0.45,0.47,2026-08-25,2233,N,nominal,2.0NRT,300.7,3.88,N
22.87875,55.92451,339.18,0.46,0.47,2026-08-25,2233,N,nominal,2.0NRT,301.5,4.32,N
22.87599,55.61506,318.26,0.44,0.46,2026-08-25,2233,N,nominal,2.0NRT,299.35,0.96,N
22.87177,55.61407,310.36,0.44,0.46,2026-08-25,2233,N,nominal,2.0NRT,298.38,0.96,N
22.7823,55.81599,314.34,0.46,0.47,2026-08-25,2233,N,nominal,2.0NRT,301.43,1.05,N
22.40574,56.99136,320.14,0.55,0.51,2026-08-25,2233,N,nominal,2.0NRT,298.53,2.04,N
22.40416,56.98821,319.89,0.55,0.51,2026-08-25,2233,N,nominal,2.0NRT,298.91,7.34,N
22.32987,56.47192,311.81,0.51,0.49,2026-08-25,2233,N,nominal,2.0NRT,300.14,1.32,N
22.32578,56.49167,311.55,0.51,0.5,2026-08-25,2233,N,nominal,2.0NRT,298.64,1.22,N
22.32541,56.47064,320.93,0.51,0.49,2026-08-25,2233,N,nominal,2.0NRT,300.37,1.32,N
21.93588,57.07297,326.09,0.57,0.52,2026-08-25,2233,N,nominal,2.0NRT,297.62,3.88,N
21.64949,55.99603,321.37,0.49,0.49,2026-08-25,2233,N,nominal,2.0NRT,302.21,1.95,N
21.41059,55.74364,315.31,0.48,0.48,2026-08-25,2233,N,nominal,2.0NRT,296.52,5.97,N
21.00385,56.53014,325.17,0.55,0.51,2026-08-25,2233,N,nominal,2.0NRT,295.66,6.49,N
20.55887,56.42191,305.37,0.55,0.51,2026-08-25,2233,N,nominal,2.0NRT,294.33,0.74,N
20.3899,55.66385,325.9,0.5,0.49,2026-08-25,2233,N,nominal,2.0NRT,297.7,2.71,N
20.38388,55.64784,317.6,0.49,0.49,2026-08-25,2233,N,nominal,2.0NRT,297.4,1.55,N
20.38844,55.66179,327.1,0.5,0.49,2026-08-25,2233,N,nominal,2.0NRT,297.81,3.33,N
20.38676,55.64672,318.65,0.49,0.49,2026-08-25,2233,N,nominal,2.0NRT,297.45,1.65,N
20.21388,55.7095,307.86,0.5,0.49,2026-08-25,2233,N,nominal,2.0NRT,296.38,0.89,N
18.56374,55.87031,306.71,0.55,0.51,2026-08-25,2235,N,nominal,2.0NRT,292.09,0.55,N
18.32311,55.10587,333.63,0.5,0.49,2026-08-25,2235,N,nominal,2.0NRT,295.57,7.57,N
18.32202,55.10371,322.97,0.5,0.49,2026-08-25,2235,N,nominal,2.0NRT,295.32,2.45,N
18.32112,55.1084,309.69,0.5,0.49,2026-08-25,2235,N,nominal,2.0NRT,294.33,1.45,N
18.02096,54.56942,323.74,0.47,0.48,2026-08-25,2235,N,nominal,2.0NRT,294.41,5.29,N
18.02011,54.57381,339.15,0.47,0.48,2026-08-25,2235,N,nominal,2.0NRT,294.93,5.29,N
18.01577,54.57288,334.74,0.47,0.48,2026-08-25,2235,N,nominal,2.0NRT,297.99,6.27,N
18.01144,54.57195,329.71,0.47,0.48,2026-08-25,2235,N,nominal,2.0NRT,295.23,6.27,N
17.97528,54.52426,310.47,0.47,0.47,2026-08-25,2235,N,nominal,2.0NRT,293.89,1.95,N
39.85404,66.20013,307.37,0.36,0.58,2026-08-25,2227,N,nominal,2.0NRT,292.53,0.76,N
39.1877,65.28826,303.86,0.34,0.56,2026-08-25,2227,N,nominal,2.0NRT,293.56,1.23,N
39.1817,65.31123,301.72,0.34,0.56,2026-08-25,2227,N,nominal,2.0NRT,290.19,0.46,N
38.68027,65.95672,304.44,0.38,0.59,2026-08-25,2229,N,nominal,2.0NRT,289.92,1.35,N
38.55232,65.94958,302.57,0.38,0.59,2026-08-25,2229,N,nominal,2.0NRT,291.61,0.66,N
39.28179,63.04953,299.87,0.52,0.5,2026-08-25,2229,N,nominal,2.0NRT,289.37,0.5,N
39.15652,63.32116,305.76,0.54,0.51,2026-08-25,2229,N,nominal,2.0NRT,289.88,1.28,N
39.1685,63.25261,307.08,0.54,0.51,2026-08-25,2229,N,nominal,2.0NRT,291.18,1.49,N
39.167,63.25864,305.86,0.54,0.51,2026-08-25,2229,N,nominal,2.0NRT,291.18,1.49,N
38.94082,64.13767,302.25,0.6,0.53,2026-08-25,2229,N,nominal,2.0NRT,291.74,0.9,N
39.17072,63.25403,304.97,0.54,0.51,2026-08-25,2229,N,nominal,2.0NRT,291.24,1.46,N
39.16926,63.26009,305.24,0.54,0.51,2026-08-25,2229,N,nominal,2.0NRT,291.41,1.17,N
39.15462,63.32096,306.4,0.54,0.51,2026-08-25,2229,N,nominal,2.0NRT,290.15,0.65,N
39.1633,63.26433,301.05,0.54,0.51,2026-08-25,2229,N,nominal,2.0NRT,290.36,1.17,N
39.12755,63.30994,302.37,0.54,0.51,2026-08-25,2229,N,nominal,2.0NRT,290.05,0.67,N
39.1156,63.3387,302.34,0.54,0.51,2026-08-25,2229,N,nominal,2.0NRT,290.02,1.11,N
39.01579,63.70483,299.13,0.57,0.52,2026-08-25,2229,N,nominal,2.0NRT,289,0.6,N
38.46256,65.78236,315.42,0.38,0.59,2026-08-25,2229,N,nominal,2.0NRT,292.57,2.19,N
38.45578,65.80752,304.16,0.38,0.59,2026-08-25,2229,N,nominal,2.0NRT,292,0.76,N
39.05519,63.44295,300.69,0.55,0.51,2026-08-25,2229,N,nominal,2.0NRT,288.93,1.01,N
39.00606,63.53995,301.98,0.56,0.52,2026-08-25,2229,N,nominal,2.0NRT,289.78,0.69,N
39.97181,58.93889,307.37,0.49,0.4,2026-08-25,2229,N,nominal,2.0NRT,291.01,0.52,N
39.15489,62.59007,301.36,0.5,0.49,2026-08-25,2229,N,nominal,2.0NRT,291.16,0.77,N
37.92855,65.63993,302.84,0.38,0.59,2026-08-25,2229,N,nominal,2.0NRT,288.98,0.67,N
38.05596,64.88829,305.01,0.35,0.57,2026-08-25,2229,N,nominal,2.0NRT,292.27,0.97,N
38.05195,64.9037,305.86,0.35,0.57,2026-08-25,2229,N,nominal,2.0NRT,291.81,0.88,N
37.90327,65.10571,301.54,0.36,0.57,2026-08-25,2229,N,nominal,2.0NRT,290.85,0.25,N
37.8242,65.17195,302.54,0.36,0.58,2026-08-25,2229,N,nominal,2.0NRT,290.31,1.03,N
39.34865,55.71782,318.19,0.4,0.37,2026-08-25,2229,N,nominal,2.0NRT,292.7,1.64,N
39.31228,55.88546,305.95,0.4,0.37,2026-08-25,2229,N,nominal,2.0NRT,290.04,0.39,N
39.51046,54.33118,320.05,0.38,0.36,2026-08-25,2229,N,nominal,2.0NRT,299.7,3.34,N
37.98505,61.88955,304.54,0.49,0.48,2026-08-25,2229,N,nominal,2.0NRT,290.99,0.65,N
37.79846,62.55272,307.78,0.53,0.5,2026-08-25,2229,N,nominal,2.0NRT,290.42,1.79,N
37.7864,62.54166,304.05,0.53,0.5,2026-08-25,2229,N,nominal,2.0NRT,289.33,1,N
37.77777,62.02923,300.01,0.5,0.49,2026-08-25,2229,N,nominal,2.0NRT,289.74,0.59,N
37.74414,62.13239,299.76,0.51,0.49,2026-08-25,2229,N,nominal,2.0NRT,289.24,0.74,N
37.72872,62.09592,304.73,0.51,0.49,2026-08-25,2229,N,nominal,2.0NRT,290.91,1.13,N
37.67038,62.24065,305.13,0.52,0.5,2026-08-25,2229,N,nominal,2.0NRT,289.54,0.86,N
37.74532,61.84342,300.9,0.49,0.49,2026-08-25,2229,N,nominal,2.0NRT,290.67,0.78,N
37.62737,62.21812,301.43,0.52,0.5,2026-08-25,2229,N,nominal,2.0NRT,290.31,1.51,N
37.62798,62.21744,303.56,0.52,0.5,2026-08-25,2229,N,nominal,2.0NRT,290.71,1.05,N
37.62407,62.17239,309.32,0.52,0.5,2026-08-25,2229,N,nominal,2.0NRT,292.51,1.15,N
37.62455,62.12929,301.86,0.51,0.5,2026-08-25,2229,N,nominal,2.0NRT,291.21,0.73,N
37.62188,62.14063,311.27,0.51,0.5,2026-08-25,2229,N,nominal,2.0NRT,292.18,1.88,N
37.61747,62.13895,301.67,0.51,0.5,2026-08-25,2229,N,nominal,2.0NRT,291.26,1.02,N
37.65674,61.91041,304.17,0.5,0.49,2026-08-25,2229,N,nominal,2.0NRT,290.16,0.77,N
37.61069,61.60965,314.01,0.48,0.48,2026-08-25,2229,N,nominal,2.0NRT,293.66,2.69,N
37.50254,61.9909,300.39,0.51,0.49,2026-08-25,2229,N,nominal,2.0NRT,289.06,0.63,N
37.5966,61.52962,310.99,0.48,0.48,2026-08-25,2229,N,nominal,2.0NRT,290.97,1.1,N
37.5923,61.52805,313.32,0.48,0.48,2026-08-25,2229,N,nominal,2.0NRT,292.28,2.36,N
37.57936,61.56351,305.31,0.48,0.48,2026-08-25,2229,N,nominal,2.0NRT,291.34,2.89,N
37.49767,61.8503,314.87,0.5,0.49,2026-08-25,2229,N,nominal,2.0NRT,294.13,2.53,N
37.49652,61.84912,310.15,0.5,0.49,2026-08-25,2229,N,nominal,2.0NRT,294.2,2.01,N
38.21808,57.99245,304.09,0.48,0.4,2026-08-25,2229,N,nominal,2.0NRT,291.59,0.51,N
38.19538,58.10564,300.18,0.48,0.4,2026-08-25,2229,N,nominal,2.0NRT,289.82,1.27,N
38.21923,57.99056,304.33,0.48,0.4,2026-08-25,2229,N,nominal,2.0NRT,292.15,0.9,N
38.19707,58.10398,306.68,0.48,0.4,2026-08-25,2229,N,nominal,2.0NRT,292.36,0.97,N
38.25138,57.66848,307.02,0.46,0.39,2026-08-25,2229,N,nominal,2.0NRT,295.7,0.99,N
38.85554,54.23238,321.67,0.39,0.36,2026-08-25,2229,N,nominal,2.0NRT,295.99,1.12,N
37.6363,60.34057,312.75,0.42,0.45,2026-08-25,2229,N,nominal,2.0NRT,291.44,0.78,N
14.0693,100.36461,328.85,0.45,0.47,2026-08-26,0622,N,nominal,2.0NRT,289.46,2.15,D
14.08085,100.2808,329.03,0.45,0.47,2026-08-26,0622,N,nominal,2.0NRT,288.33,2.46,D
14.1308,100.4379,325.82,0.44,0.46,2026-08-26,0622,N,nominal,2.0NRT,287.93,1.85,D
14.13505,100.43711,331.57,0.44,0.46,2026-08-26,0622,N,nominal,2.0NRT,288.3,1.85,D
14.13336,100.43774,339.71,0.44,0.46,2026-08-26,0622,N,nominal,2.0NRT,289.29,2.18,D
14.15885,100.43298,326.7,0.44,0.46,2026-08-26,0622,N,nominal,2.0NRT,291.29,3.43,D
14.32685,100.49505,331.83,0.43,0.46,2026-08-26,0622,N,nominal,2.0NRT,286.61,3.44,D
14.35793,100.35947,341.75,0.44,0.46,2026-08-26,0622,N,nominal,2.0NRT,291.02,6.04,D
14.44234,100.25036,326.98,0.45,0.47,2026-08-26,0622,N,nominal,2.0NRT,288.53,3.16,D
14.50705,99.98993,326,0.46,0.47,2026-08-26,0622,N,nominal,2.0NRT,284.56,1.07,D
16.00461,100.05755,333.82,0.43,0.46,2026-08-26,0622,N,nominal,2.0NRT,286.3,5.34,D
16.00883,100.05672,344.41,0.43,0.46,2026-08-26,0622,N,nominal,2.0NRT,287.45,5.34,D
16.00828,100.05807,341.25,0.43,0.46,2026-08-26,0622,N,nominal,2.0NRT,287.1,7.27,D
16.06279,100.0224,337.84,0.43,0.46,2026-08-26,0622,N,nominal,2.0NRT,289.85,6.77,D
16.12089,100.10282,341.59,0.43,0.46,2026-08-26,0622,N,nominal,2.0NRT,288.68,6.15,D
16.10787,100.03038,335.54,0.43,0.46,2026-08-26,0622,N,nominal,2.0NRT,290.36,5.33,D
16.11905,100.01981,330.07,0.43,0.46,2026-08-26,0622,N,nominal,2.0NRT,289.6,3.29,D
16.12768,99.99769,341.44,0.44,0.46,2026-08-26,0622,N,nominal,2.0NRT,290.81,4.42,D
16.1824,100.05811,339.16,0.43,0.46,2026-08-26,0622,N,nominal,2.0NRT,290,4.31,D
16.1866,100.05729,328.46,0.43,0.46,2026-08-26,0622,N,nominal,2.0NRT,289.82,3.07,D
16.23972,99.90017,330.37,0.44,0.46,2026-08-26,0622,N,nominal,2.0NRT,290.8,2.48,D
16.31184,99.84407,332.78,0.44,0.46,2026-08-26,0622,N,nominal,2.0NRT,283.85,2.41,D
17.23652,99.93385,338.6,0.42,0.45,2026-08-26,0622,N,nominal,2.0NRT,282.38,3.97,D
25.08438,99.15491,327.82,0.52,0.42,2026-08-26,0627,N,low,2.0NRT,298.77,4.62,D
25.04068,98.47852,327.55,0.57,0.43,2026-08-26,0627,N,low,2.0NRT,298.31,7.39,D
26.56616,101.67531,334.03,0.4,0.37,2026-08-26,0627,N,low,2.0NRT,304.85,9.64,D
26.56954,101.67468,333.67,0.4,0.37,2026-08-26,0627,N,low,2.0NRT,301.86,8.27,D
26.57156,101.66585,331.66,0.4,0.37,2026-08-26,0627,N,low,2.0NRT,304.82,5.19,D
26.5756,101.66928,338.5,0.4,0.37,2026-08-26,0627,N,low,2.0NRT,302.93,6.71,D
28.28423,101.94744,332.66,0.39,0.36,2026-08-26,0627,N,nominal,2.0NRT,293.79,2.77,D
28.49959,97.02323,333.15,0.4,0.44,2026-08-26,0627,N,nominal,2.0NRT,295.27,3.98,D
28.49955,97.02465,329.5,0.4,0.44,2026-08-26,0627,N,nominal,2.0NRT,293.85,4.07,D
8.54511,80.56976,330.72,0.41,0.37,2026-08-26,0801,N,nominal,2.0NRT,293.93,4.23,D
8.69024,80.84766,336.1,0.4,0.37,2026-08-26,0801,N,low,2.0NRT,298.49,4.04,D
8.66969,80.53839,341.19,0.41,0.37,2026-08-26,0801,N,low,2.0NRT,299.17,11.4,D
8.77482,80.87483,340.62,0.4,0.37,2026-08-26,0801,N,low,2.0NRT,296.31,6.12,D
8.87628,80.67516,349.07,0.4,0.37,2026-08-26,0801,N,low,2.0NRT,295.63,21.83,D
8.99618,80.83887,341.16,0.4,0.37,2026-08-26,0801,N,low,2.0NRT,300.2,7.74,D
9.00604,80.68044,342.47,0.4,0.37,2026-08-26,0801,N,nominal,2.0NRT,296.42,7.86,D
9.04064,80.67525,336.15,0.4,0.37,2026-08-26,0801,N,nominal,2.0NRT,297.39,4.64,D
9.07845,80.47284,330.08,0.41,0.37,2026-08-26,0801,N,low,2.0NRT,293.53,1.79,D
9.15012,80.21935,335.19,0.42,0.37,2026-08-26,0801,N,low,2.0NRT,296.34,6.6,D
9.34108,80.16885,334.89,0.42,0.37,2026-08-26,0801,N,low,2.0NRT,299.04,4.26,D
9.38904,78.88414,334.56,0.47,0.4,2026-08-26,0801,N,low,2.0NRT,299.26,5.44,D
9.38948,78.88505,336.31,0.47,0.4,2026-08-26,0801,N,low,2.0NRT,299.69,6.1,D
9.6447,79.92132,332.66,0.42,0.38,2026-08-26,0801,N,low,2.0NRT,297.66,4.9,D
9.80408,78.17467,337.02,0.5,0.41,2026-08-26,0801,N,nominal,2.0NRT,296.81,4,D
9.90871,78.08326,333.9,0.51,0.41,2026-08-26,0801,N,nominal,2.0NRT,295.44,5.83,D
9.90823,78.08034,333.85,0.51,0.41,2026-08-26,0801,N,nominal,2.0NRT,295.48,5.5,D
10.05334,77.95324,348.01,0.51,0.41,2026-08-26,0801,N,nominal,2.0NRT,296.96,10.17,D
12.13064,79.65323,333.44,0.41,0.37,2026-08-26,0801,N,low,2.0NRT,306.63,24.35,D
13.84194,79.25305,330.21,0.41,0.37,2026-08-26,0803,N,low,2.0NRT,296.56,5.29,D
14.25997,80.11976,330.87,0.39,0.36,2026-08-26,0803,N,low,2.0NRT,302.06,9.65,D
14.2594,80.11615,332.94,0.39,0.36,2026-08-26,0803,N,low,2.0NRT,301.84,5.44,D
15.17995,76.68201,334.96,0.51,0.41,2026-08-26,0803,N,nominal,2.0NRT,296.78,3.33,D
15.90841,79.10486,332.68,0.4,0.37,2026-08-26,0803,N,low,2.0NRT,300.64,3.57,D
16.40065,79.36692,335.87,0.39,0.36,2026-08-26,0803,N,nominal,2.0NRT,297.3,4.44,D
17.95717,80.79728,333.75,0.39,0.36,2026-08-26,0803,N,nominal,2.0NRT,296.44,3.39,D
18.54734,74.17914,332.83,0.42,0.45,2026-08-26,0803,N,nominal,2.0NRT,294.44,5.43,D
21.74366,83.84032,332.06,0.53,0.42,2026-08-26,0805,N,nominal,2.0NRT,291.1,5.71,D
21.74819,83.84499,338.5,0.53,0.42,2026-08-26,0805,N,nominal,2.0NRT,294.05,5.71,D
21.75594,83.84392,339.67,0.53,0.42,2026-08-26,0805,N,nominal,2.0NRT,293.25,10.06,D
22.35679,82.30565,330.32,0.45,0.39,2026-08-26,0805,N,nominal,2.0NRT,295.09,5.19,D
21.10306,72.64542,336.67,0.47,0.48,2026-08-26,0805,N,nominal,2.0NRT,293.41,4.7,D
21.10126,72.63638,355.87,0.47,0.48,2026-08-26,0805,N,nominal,2.0NRT,294.3,11.1,D
25.21213,68.3015,334.66,0.36,0.57,2026-08-26,0805,N,nominal,2.0NRT,299.45,2.42,D
26.53106,68.25273,331.86,0.34,0.56,2026-08-26,0807,N,low,2.0NRT,303.06,1.97,D
28.51605,68.00181,336.73,0.32,0.55,2026-08-26,0807,N,nominal,2.0NRT,301.55,1.59,D
28.51536,68.00385,338.07,0.32,0.55,2026-08-26,0807,N,nominal,2.0NRT,301.92,1.93,D
28.52324,67.90106,342.58,0.32,0.55,2026-08-26,0807,N,nominal,2.0NRT,301.03,2.54,D
30.37266,73.89281,332.4,0.44,0.38,2026-08-26,0807,N,low,2.0NRT,302.55,4.26,D
30.37163,73.89048,336.49,0.44,0.38,2026-08-26,0807,N,nominal,2.0NRT,302.65,4.25,D
31.608,74.33546,330.73,0.41,0.37,2026-08-26,0807,N,low,2.0NRT,304.78,3.2,D
32.5758,72.56439,333.08,0.46,0.39,2026-08-26,0807,N,low,2.0NRT,305.2,4.02,D
33.57693,74.22216,330.71,0.4,0.37,2026-08-26,0807,N,nominal,2.0NRT,299.53,2.99,D
38.42616,69.11572,340.33,0.53,0.42,2026-08-26,0809,N,low,2.0NRT,313.21,6.04,D
38.04957,67.26441,350.4,0.44,0.46,2026-08-26,0809,N,low,2.0NRT,325.18,21.44,D
37.0338,62.41454,355.03,0.41,0.61,2026-08-26,0809,N,nominal,2.0NRT,316.87,16.81,D
37.11373,62.36433,341.08,0.41,0.61,2026-08-26,0809,N,low,2.0NRT,315.81,7.25,D
37.1191,62.36205,347.66,0.41,0.61,2026-08-26,0809,N,nominal,2.0NRT,317.05,7.25,D
37.07094,60.84274,334.71,0.49,0.65,2026-08-26,0809,N,low,2.0NRT,308.99,2.11,D
37.60895,62.01571,356.01,0.41,0.61,2026-08-26,0809,N,nominal,2.0NRT,310.48,5.26,D
37.61435,62.01343,335.88,0.41,0.61,2026-08-26,0809,N,nominal,2.0NRT,309.62,3.01,D
37.41401,60.08638,355.73,0.53,0.67,2026-08-26,0809,N,nominal,2.0NRT,316.53,12.36,D
37.41233,60.08063,343.05,0.53,0.67,2026-08-26,0809,N,nominal,2.0NRT,313.88,6.06,D
37.41345,60.0876,348.8,0.53,0.67,2026-08-26,0809,N,nominal,2.0NRT,315.26,6.81,D
37.41175,60.08186,348.78,0.53,0.67,2026-08-26,0809,N,nominal,2.0NRT,314.75,6.81,D
20.37515,55.9345,350.59,0.4,0.37,2026-08-26,0945,N,nominal,2.0NRT,319.38,3.05,D
21.31237,57.74618,349.14,0.48,0.4,2026-08-26,0945,N,low,2.0NRT,319.46,5.42,D
21.32045,57.72125,347.32,0.48,0.4,2026-08-26,0945,N,low,2.0NRT,320.11,1.95,D
22.29265,56.52676,350.99,0.44,0.38,2026-08-26,0945,N,low,2.0NRT,322.94,2.19,D
22.40453,56.98938,347.03,0.46,0.39,2026-08-26,0945,N,low,2.0NRT,321.18,2.58,D
22.44263,56.70136,351.05,0.45,0.39,2026-08-26,0945,N,low,2.0NRT,324.48,22.12,D
22.87781,55.92716,352.42,0.42,0.38,2026-08-26,0945,N,low,2.0NRT,322.7,9.5,D
22.87157,55.6135,349.09,0.41,0.37,2026-08-26,0945,N,low,2.0NRT,322.39,1.4,D
23.27808,54.25918,351.98,0.39,0.36,2026-08-26,0947,N,low,2.0NRT,325.85,16.77,D
24.50621,56.60757,343.06,0.46,0.39,2026-08-26,0947,N,low,2.0NRT,313.65,20.31,D
25.30591,56.3726,332.81,0.46,0.39,2026-08-26,0947,N,low,2.0NRT,306.62,2.95,D
27.15912,56.10149,349.45,0.47,0.4,2026-08-26,0947,N,nominal,2.0NRT,313.23,16.99,D
27.16823,56.05671,341.59,0.47,0.39,2026-08-26,0947,N,low,2.0NRT,312.68,14.14,D
27.16762,56.05201,343.27,0.46,0.39,2026-08-26,0947,N,nominal,2.0NRT,313.05,14.23,D
28.16265,55.77308,351.38,0.46,0.39,2026-08-26,0947,N,low,2.0NRT,323.09,5.03,D
29.98778,55.85621,345.93,0.49,0.4,2026-08-26,0949,N,nominal,2.0NRT,320.04,22.55,D
35.75634,60.93473,354.56,0.36,0.57,2026-08-26,0949,N,nominal,2.0NRT,315.69,3.46,D
35.76011,60.93666,355.97,0.36,0.57,2026-08-26,0949,N,nominal,2.0NRT,316.58,5.42,D
37.03073,62.42043,348.95,0.44,0.62,2026-08-26,0949,N,nominal,2.0NRT,315.82,12.77,D
37.1158,62.36401,342.77,0.44,0.62,2026-08-26,0949,N,low,2.0NRT,316.35,10.41,D
37.11523,62.36611,346.35,0.44,0.62,2026-08-26,0949,N,nominal,2.0NRT,317.49,6.67,D
37.12106,62.36574,350.44,0.44,0.62,2026-08-26,0949,N,nominal,2.0NRT,316.25,6.67,D
36.94515,54.89092,335.54,0.52,0.42,2026-08-26,0949,N,nominal,2.0NRT,304.87,3.72,D
37.4101,60.08336,367,0.33,0.55,2026-08-26,0952,N,high,2.0NRT,321.33,15.02,D
37.40986,60.07955,367,0.33,0.55,2026-08-26,0952,N,high,2.0NRT,318.56,9.14,D
37.39223,55.48428,335.71,0.57,0.43,2026-08-26,0952,N,low,2.0NRT,307.91,2.1,D
37.41811,55.46074,335.83,0.56,0.43,2026-08-26,0952,N,low,2.0NRT,309.8,4.1,D
37.42034,55.46565,338.96,0.57,0.43,2026-08-26,0952,N,low,2.0NRT,310.85,4.8,D
38.26125,61.35493,343.8,0.4,0.6,2026-08-26,0952,N,low,2.0NRT,316.28,7.57,D
39.31152,55.90549,343.78,0.42,0.45,2026-08-26,0952,N,nominal,2.0NRT,311.93,8.34,D
39.356,55.75154,367,0.41,0.45,2026-08-26,0952,N,high,2.0NRT,317.15,11.26,D
39.35553,55.74675,345.63,0.41,0.45,2026-08-26,0952,N,nominal,2.0NRT,315.78,6.07,D
7.81514,99.80331,329.7,0.4,0.37,2026-08-26,1856,N,nominal,2.0NRT,293.12,3.47,N
7.81177,99.8028,310,0.4,0.37,2026-08-26,1856,N,nominal,2.0NRT,292.8,1.18,N
7.56978,99.62471,309.64,0.4,0.37,2026-08-26,1856,N,nominal,2.0NRT,292.41,1.07,N
6.98629,100.6218,309.78,0.38,0.36,2026-08-26,1856,N,nominal,2.0NRT,292.5,1.16,N
6.86025,100.83969,309.99,0.38,0.36,2026-08-26,1856,N,nominal,2.0NRT,293.19,1.17,N
30.06765,96.97842,305.39,0.33,0.55,2026-08-26,1849,N,nominal,2.0NRT,286.67,1.22,N
26.9662,100.35813,305.9,0.38,0.44,2026-08-26,1851,N,nominal,2.0NRT,286.2,1.31,N
26.62267,101.59635,331.93,0.49,0.4,2026-08-26,1851,N,nominal,2.0NRT,289.07,10.41,N
26.61896,101.59561,331.86,0.49,0.4,2026-08-26,1851,N,nominal,2.0NRT,289.31,10.41,N
24.92307,92.52792,297.19,0.55,0.68,2026-08-26,1851,N,nominal,2.0NRT,284.62,4.53,N
22.47516,91.73235,303.45,0.58,0.7,2026-08-26,1851,N,nominal,2.0NRT,282.54,3.27,N
15.68362,78.45876,306.97,0.39,0.36,2026-08-26,2036,N,nominal,2.0NRT,292.66,0.94,N
15.01486,79.80273,316.21,0.43,0.38,2026-08-26,2036,N,nominal,2.0NRT,292.67,4.81,N
15.33239,76.28411,306.46,0.4,0.37,2026-08-26,2036,N,nominal,2.0NRT,287.96,0.93,N
15.17826,77.10178,302.31,0.39,0.36,2026-08-26,2036,N,nominal,2.0NRT,285.43,0.81,N
38.05103,67.26063,367,0.68,0.74,2026-08-26,2029,N,high,2.0NRT,292.96,10.52,N
15.17495,77.10123,306.08,0.39,0.36,2026-08-26,2036,N,nominal,2.0NRT,287.24,0.81,N
15.02314,78.01447,308.69,0.39,0.36,2026-08-26,2036,N,nominal,2.0NRT,280.87,1.12,N
38.0509,67.26822,299.94,0.68,0.74,2026-08-26,2029,N,nominal,2.0NRT,289.9,10.52,N
15.30111,76.21888,304.95,0.4,0.37,2026-08-26,2036,N,nominal,2.0NRT,289.96,0.69,N
35.97722,79.17194,296.85,0.46,0.39,2026-08-26,2029,N,nominal,2.0NRT,274.87,0.62,N
15.1731,76.78556,304.39,0.39,0.36,2026-08-26,2036,N,nominal,2.0NRT,291.16,0.82,N
35.96835,68.68652,304.54,0.55,0.68,2026-08-26,2029,N,nominal,2.0NRT,292.26,1.57,N
15.18476,76.66579,311.2,0.39,0.36,2026-08-26,2036,N,nominal,2.0NRT,290.28,1.57,N
15.18143,76.66524,326.3,0.39,0.36,2026-08-26,2036,N,nominal,2.0NRT,290.26,1.57,N
33.40668,71.93626,315.38,0.34,0.56,2026-08-26,2032,N,nominal,2.0NRT,295.4,0.93,N
15.18476,76.64362,304.82,0.39,0.36,2026-08-26,2036,N,nominal,2.0NRT,289.85,0.6,N
33.40617,71.93729,314.78,0.34,0.56,2026-08-26,2032,N,nominal,2.0NRT,295.31,0.77,N
33.29676,71.18489,312.33,0.38,0.58,2026-08-26,2032,N,nominal,2.0NRT,293.68,1.05,N
15.18088,76.66885,306.97,0.39,0.36,2026-08-26,2036,N,nominal,2.0NRT,290.26,2.45,N
32.88788,71.61542,314.24,0.35,0.57,2026-08-26,2032,N,nominal,2.0NRT,297.12,1.4,N
15.17922,76.67965,309.1,0.39,0.36,2026-08-26,2036,N,nominal,2.0NRT,291.74,1.91,N
32.57602,72.56142,308.57,0.62,0.54,2026-08-26,2032,N,nominal,2.0NRT,297.06,4.27,N
15.17733,76.67619,328.74,0.39,0.36,2026-08-26,2036,N,nominal,2.0NRT,292.52,3.51,N
32.29348,70.72976,309.52,0.39,0.59,2026-08-26,2032,N,nominal,2.0NRT,294.09,2.39,N
15.17453,76.69421,316.22,0.39,0.36,2026-08-26,2036,N,nominal,2.0NRT,290.04,1.32,N
29.92137,74.95252,298.99,0.42,0.45,2026-08-26,2032,N,nominal,2.0NRT,282.32,0.96,N
15.17736,76.65406,327.76,0.39,0.36,2026-08-26,2036,N,nominal,2.0NRT,291.09,2.93,N
29.39776,70.99824,307.06,0.35,0.57,2026-08-26,2032,N,nominal,2.0NRT,296.18,0.46,N
15.1768,76.65766,332.51,0.39,0.36,2026-08-26,2036,N,nominal,2.0NRT,290.69,2.93,N
23.69875,87.09306,301.23,0.52,0.5,2026-08-26,2034,N,nominal,2.0NRT,285.24,2.02,N
15.17624,76.66125,304.34,0.39,0.36,2026-08-26,2036,N,nominal,2.0NRT,288.3,1.72,N
23.79604,86.28603,299.33,0.46,0.47,2026-08-26,2034,N,nominal,2.0NRT,285.08,1.39,N
15.1712,76.69366,302.91,0.39,0.36,2026-08-26,2036,N,nominal,2.0NRT,287.77,1.32,N
23.79305,86.23392,297.85,0.46,0.47,2026-08-26,2034,N,nominal,2.0NRT,284.98,3.42,N
15.17403,76.65352,310.22,0.39,0.36,2026-08-26,2036,N,nominal,2.0NRT,286.79,1,N
23.56083,87.22818,300.7,0.53,0.5,2026-08-26,2034,N,nominal,2.0NRT,280.42,2.21,N
15.17348,76.65711,311.66,0.39,0.36,2026-08-26,2036,N,nominal,2.0NRT,287.35,1,N
23.55976,87.23328,304.51,0.53,0.5,2026-08-26,2034,N,nominal,2.0NRT,285.34,2.46,N
15.16791,76.67098,309.55,0.39,0.36,2026-08-26,2036,N,nominal,2.0NRT,285.83,1.47,N
23.61457,86.79169,311.36,0.5,0.49,2026-08-26,2034,N,nominal,2.0NRT,287.95,3.56,N
15.16735,76.6746,304.85,0.39,0.36,2026-08-26,2036,N,nominal,2.0NRT,285.55,0.5,N
15.17149,76.38216,301.43,0.39,0.36,2026-08-26,2036,N,nominal,2.0NRT,288.15,0.46,N
23.61321,86.7896,311.97,0.5,0.49,2026-08-26,2034,N,nominal,2.0NRT,287.72,3.11,N
15.16815,76.38161,308.5,0.39,0.36,2026-08-26,2036,N,nominal,2.0NRT,288.52,1.39,N
23.12196,70.08334,311,0.34,0.56,2026-08-26,2034,N,nominal,2.0NRT,290.15,1.48,N
15.0046,77.00061,310.42,0.39,0.36,2026-08-26,2036,N,nominal,2.0NRT,292.26,0.69,N
20.86715,84.99306,303.85,0.43,0.46,2026-08-26,2034,N,nominal,2.0NRT,281.88,2.21,N
13.8324,79.25771,300.63,0.42,0.37,2026-08-26,2036,N,nominal,2.0NRT,283.62,0.19,N
20.86633,84.99726,302.62,0.43,0.46,2026-08-26,2034,N,nominal,2.0NRT,282.26,1.86,N
13.70935,79.61942,304.18,0.43,0.38,2026-08-26,2036,N,nominal,2.0NRT,281.75,0.92,N
20.86377,84.98796,331.05,0.43,0.46,2026-08-26,2034,N,nominal,2.0NRT,283.25,2.41,N
20.86296,84.99215,308.93,0.43,0.46,2026-08-26,2034,N,nominal,2.0NRT,281.55,2.41,N
13.62073,78.48496,299.89,0.4,0.37,2026-08-26,2036,N,nominal,2.0NRT,281.72,0.4,N
20.79388,85.25462,303.84,0.45,0.47,2026-08-26,2034,N,nominal,2.0NRT,286.57,1.13,N
11.81618,77.91673,315.08,0.4,0.37,2026-08-26,2038,N,nominal,2.0NRT,286.24,2.03,N
20.79303,85.25893,302.21,0.45,0.47,2026-08-26,2034,N,nominal,2.0NRT,287.06,1.13,N
11.80979,77.00835,302.99,0.38,0.36,2026-08-26,2038,N,nominal,2.0NRT,272.49,0.44,N
20.78876,85.25801,301.02,0.45,0.47,2026-08-26,2034,N,nominal,2.0NRT,286.65,1.13,N
11.2694,80.00464,310.68,0.47,0.4,2026-08-26,2038,N,nominal,2.0NRT,285.63,1.4,N
22.9245,69.82229,301.64,0.35,0.57,2026-08-26,2034,N,nominal,2.0NRT,290.12,1.76,N
11.18108,79.10128,303.57,0.43,0.38,2026-08-26,2038,N,nominal,2.0NRT,285.73,0.43,N
22.92565,69.82343,303.65,0.35,0.57,2026-08-26,2034,N,nominal,2.0NRT,290.14,0.67,N
18.95733,73.94366,324.36,0.53,0.42,2026-08-26,2036,N,nominal,2.0NRT,290,2.23,N
18.68391,73.0312,312.29,0.39,0.44,2026-08-26,2036,N,nominal,2.0NRT,291.47,2.8,N
18.68293,73.03869,308.16,0.39,0.44,2026-08-26,2036,N,nominal,2.0NRT,291.72,2.52,N
16.63467,74.34213,301.82,0.47,0.4,2026-08-26,2036,N,nominal,2.0NRT,290.9,0.52,N
38.6817,65.9853,310.74,0.8,0.78,2026-08-26,2029,N,nominal,2.0NRT,289.66,1.97,N
32.29206,70.73114,305.52,0.56,0.69,2026-08-26,2212,N,nominal,2.0NRT,292.87,2.11,N
33.75302,59.14592,322.89,0.41,0.37,2026-08-26,2212,N,nominal,2.0NRT,289.09,2.05,N
39.8843,66.31017,312.87,0.43,0.46,2026-08-26,2210,N,nominal,2.0NRT,287.17,1.17,N
38.39853,69.11398,305.27,0.32,0.55,2026-08-26,2210,N,nominal,2.0NRT,292.6,0.84,N
39.18801,65.28943,305.23,0.39,0.44,2026-08-26,2210,N,nominal,2.0NRT,295.13,1.07,N
33.62942,59.16882,301.56,0.41,0.37,2026-08-26,2212,N,nominal,2.0NRT,290.86,0.99,N
39.18314,65.31178,306.69,0.4,0.44,2026-08-26,2210,N,nominal,2.0NRT,291.7,0.7,N
39.33746,63.23638,304.67,0.48,0.4,2026-08-26,2210,N,nominal,2.0NRT,292.49,0.51,N
39.33814,63.24046,304.56,0.48,0.4,2026-08-26,2210,N,nominal,2.0NRT,292.52,1,N
38.68317,65.98685,314.83,0.44,0.46,2026-08-26,2210,N,nominal,2.0NRT,289.66,1.36,N
39.28414,63.0493,309.09,0.47,0.4,2026-08-26,2210,N,nominal,2.0NRT,290.9,0.94,N
39.25055,63.21734,300.91,0.48,0.4,2026-08-26,2210,N,nominal,2.0NRT,290.27,0.35,N
39.97222,58.93453,311.9,0.38,0.36,2026-08-26,2210,N,nominal,2.0NRT,292.61,1.19,N
39.17119,63.25405,301.48,0.48,0.4,2026-08-26,2210,N,nominal,2.0NRT,291.2,1.05,N
39.16757,63.25285,307.29,0.48,0.4,2026-08-26,2210,N,nominal,2.0NRT,290.83,1.45,N
39.16648,63.25835,304.89,0.48,0.4,2026-08-26,2210,N,nominal,2.0NRT,290.73,1.45,N
39.16538,63.26385,302.18,0.48,0.4,2026-08-26,2210,N,nominal,2.0NRT,290.67,0.57,N
39.15435,63.31897,303.41,0.49,0.4,2026-08-26,2210,N,nominal,2.0NRT,290.83,0.89,N
39.10627,63.40366,301.49,0.49,0.4,2026-08-26,2210,N,nominal,2.0NRT,288.98,0.51,N
39.11612,63.33583,305.02,0.49,0.4,2026-08-26,2210,N,nominal,2.0NRT,291.03,1.09,N
39.08672,63.48073,300.62,0.5,0.41,2026-08-26,2210,N,nominal,2.0NRT,289.24,0.53,N
39.0169,63.70598,306.38,0.51,0.41,2026-08-26,2210,N,nominal,2.0NRT,292.6,0.73,N
39.01748,63.70535,308.63,0.51,0.41,2026-08-26,2210,N,nominal,2.0NRT,292.79,1.05,N
39.05413,63.44495,305.55,0.49,0.41,2026-08-26,2210,N,nominal,2.0NRT,289.47,0.89,N
39.00445,63.53657,305.37,0.5,0.41,2026-08-26,2210,N,nominal,2.0NRT,289.02,0.99,N
38.95652,63.75255,303.47,0.51,0.41,2026-08-26,2210,N,nominal,2.0NRT,293.3,0.74,N
38.97281,63.65356,301.78,0.51,0.41,2026-08-26,2210,N,nominal,2.0NRT,291.48,0.85,N
38.96462,63.69369,306.5,0.51,0.41,2026-08-26,2210,N,nominal,2.0NRT,291.08,1.12,N
38.97563,63.46676,305.43,0.5,0.41,2026-08-26,2210,N,nominal,2.0NRT,292.6,1.37,N
38.35424,66.314,301.39,0.46,0.47,2026-08-26,2210,N,nominal,2.0NRT,289.57,0.75,N
38.8367,63.8166,305.44,0.52,0.41,2026-08-26,2210,N,nominal,2.0NRT,291.02,0.89,N
39.78251,58.49485,304.32,0.38,0.36,2026-08-26,2210,N,nominal,2.0NRT,291.8,0.56,N
32.92302,60.23282,307.14,0.45,0.39,2026-08-26,2212,N,nominal,2.0NRT,291.85,1,N
38.05098,67.26454,309.32,0.52,0.5,2026-08-26,2210,N,nominal,2.0NRT,290.47,1.41,N
33.2684,57.54259,300.1,0.39,0.36,2026-08-26,2212,N,nominal,2.0NRT,289.3,0.4,N
38.65253,63.97945,305.73,0.53,0.42,2026-08-26,2210,N,nominal,2.0NRT,290.68,0.97,N
33.04137,56.84746,318.56,0.38,0.36,2026-08-26,2212,N,nominal,2.0NRT,296.76,1.95,N
33.04073,56.85153,310.17,0.38,0.36,2026-08-26,2212,N,nominal,2.0NRT,295.38,0.88,N
38.12936,64.67594,311.07,0.39,0.44,2026-08-26,2210,N,nominal,2.0NRT,291.52,0.8,N
38.05061,64.90349,303.03,0.4,0.44,2026-08-26,2210,N,nominal,2.0NRT,289.93,0.58,N
37.76628,65.42963,301.65,0.43,0.46,2026-08-26,2210,N,nominal,2.0NRT,291.08,0.41,N
37.75712,65.49189,300.44,0.43,0.46,2026-08-26,2210,N,nominal,2.0NRT,290.1,0.29,N
39.51086,54.33017,313.27,0.48,0.4,2026-08-26,2210,N,nominal,2.0NRT,300.14,3.49,N
37.99063,61.87977,309.93,0.45,0.39,2026-08-26,2210,N,nominal,2.0NRT,292.39,1.19,N
32.33569,54.08731,312.28,0.42,0.38,2026-08-26,2212,N,nominal,2.0NRT,293.49,1.5,N
37.79951,62.55174,304.77,0.48,0.4,2026-08-26,2210,N,nominal,2.0NRT,290.22,0.87,N
37.79591,62.55062,313.57,0.48,0.4,2026-08-26,2210,N,nominal,2.0NRT,289.79,1.74,N
37.7908,62.53772,300.78,0.48,0.4,2026-08-26,2210,N,nominal,2.0NRT,289.73,1.35,N
37.7872,62.5366,318.7,0.48,0.4,2026-08-26,2210,N,nominal,2.0NRT,290.26,1.35,N
37.77711,62.10086,302.38,0.46,0.39,2026-08-26,2210,N,nominal,2.0NRT,290.9,0.65,N
37.7757,62.03012,305.23,0.46,0.39,2026-08-26,2210,N,nominal,2.0NRT,289.49,0.66,N
37.84499,61.60649,301.9,0.44,0.38,2026-08-26,2210,N,nominal,2.0NRT,291.73,0.54,N
37.74543,62.12915,307.79,0.46,0.39,2026-08-26,2210,N,nominal,2.0NRT,290.78,1.68,N
37.74116,62.07358,304.77,0.46,0.39,2026-08-26,2210,N,nominal,2.0NRT,290.13,1.04,N
37.7256,62.09591,321.49,0.46,0.39,2026-08-26,2210,N,nominal,2.0NRT,291.97,2.52,N
37.74949,61.85628,299.87,0.45,0.39,2026-08-26,2210,N,nominal,2.0NRT,289.21,0.5,N
37.74791,61.84518,299.91,0.45,0.39,2026-08-26,2210,N,nominal,2.0NRT,289.25,1.73,N
37.6716,62.23772,309.1,0.47,0.39,2026-08-26,2210,N,nominal,2.0NRT,290.62,1.75,N
37.6599,62.23961,302.03,0.47,0.39,2026-08-26,2210,N,nominal,2.0NRT,290.43,0.89,N
37.79594,61.49664,311.64,0.44,0.38,2026-08-26,2210,N,nominal,2.0NRT,293.99,1.26,N
37.65504,62.242,298.5,0.47,0.39,2026-08-26,2210,N,nominal,2.0NRT,288.07,0.74,N
37.63968,62.20427,306.82,0.46,0.39,2026-08-26,2210,N,nominal,2.0NRT,290.62,0.79,N
37.627,62.21134,306.89,0.47,0.39,2026-08-26,2210,N,nominal,2.0NRT,292.67,1.25,N
37.6279,62.16776,302.29,0.46,0.39,2026-08-26,2210,N,nominal,2.0NRT,289.12,0.94,N
37.6269,62.17292,303.27,0.46,0.39,2026-08-26,2210,N,nominal,2.0NRT,291.48,1.23,N
37.62423,62.12841,301.98,0.46,0.39,2026-08-26,2210,N,nominal,2.0NRT,291.89,0.72,N
37.62224,62.13871,312.57,0.46,0.39,2026-08-26,2210,N,nominal,2.0NRT,293.29,1.5,N
31.94098,54.04728,323.71,0.42,0.37,2026-08-26,2212,N,nominal,2.0NRT,295.58,2.22,N
37.61869,62.13762,315.73,0.46,0.39,2026-08-26,2210,N,nominal,2.0NRT,293.62,1.95,N
31.88346,54.42707,306.77,0.41,0.37,2026-08-26,2212,N,nominal,2.0NRT,295.63,1.67,N
38.85177,54.23112,307.44,0.47,0.4,2026-08-26,2210,N,nominal,2.0NRT,295.49,0.74,N
37.6559,61.90603,317.99,0.45,0.39,2026-08-26,2210,N,nominal,2.0NRT,292.84,1.91,N
31.89283,54.23908,302.33,0.41,0.37,2026-08-26,2214,N,nominal,2.0NRT,291.92,0.57,N
38.25541,58.39107,311.9,0.38,0.36,2026-08-26,2210,N,nominal,2.0NRT,297.32,2.26,N
31.7053,55.4487,311.7,0.39,0.36,2026-08-26,2214,N,nominal,2.0NRT,299.37,1.68,N
37.62895,61.72568,304.79,0.45,0.39,2026-08-26,2210,N,nominal,2.0NRT,290.69,0.3,N
37.5562,61.93231,303.85,0.46,0.39,2026-08-26,2210,N,nominal,2.0NRT,291.28,0.57,N
37.61116,61.60501,326.75,0.44,0.39,2026-08-26,2210,N,nominal,2.0NRT,296.69,2.51,N
37.61023,61.60995,306.23,0.44,0.39,2026-08-26,2210,N,nominal,2.0NRT,290.95,2.51,N
37.61327,61.57439,306.51,0.44,0.39,2026-08-26,2210,N,nominal,2.0NRT,292.83,1.05,N
37.61234,61.57932,305.3,0.44,0.39,2026-08-26,2210,N,nominal,2.0NRT,293.78,1.05,N
37.60886,61.57828,307.81,0.44,0.39,2026-08-26,2210,N,nominal,2.0NRT,294.31,2.28,N
38.22083,57.98579,302.38,0.38,0.36,2026-08-26,2210,N,nominal,2.0NRT,291.12,0.77,N
38.22015,57.99014,309.95,0.38,0.36,2026-08-26,2210,N,nominal,2.0NRT,294.09,0.77,N
38.19594,58.10167,324.93,0.38,0.36,2026-08-26,2210,N,nominal,2.0NRT,294.18,2.23,N
38.15001,58.39276,308.47,0.38,0.36,2026-08-26,2210,N,nominal,2.0NRT,294.18,1.37,N
31.43448,56.49024,303.49,0.38,0.36,2026-08-26,2214,N,nominal,2.0NRT,290.06,0.58,N
37.59773,61.55937,311.74,0.44,0.38,2026-08-26,2210,N,nominal,2.0NRT,292.57,1.57,N
38.26061,57.66027,311.43,0.39,0.36,2026-08-26,2210,N,nominal,2.0NRT,298.07,1.68,N
31.62453,54.74381,311.55,0.4,0.37,2026-08-26,2214,N,nominal,2.0NRT,295.59,1.38,N
37.59637,61.52781,318.68,0.44,0.38,2026-08-26,2210,N,nominal,2.0NRT,291.79,1.75,N
31.62363,54.7264,312.33,0.4,0.37,2026-08-26,2214,N,nominal,2.0NRT,295.08,1.78,N
37.58984,61.56222,304.24,0.44,0.38,2026-08-26,2210,N,nominal,2.0NRT,293.23,1.09,N
37.59289,61.52678,324.2,0.44,0.38,2026-08-26,2210,N,nominal,2.0NRT,293.73,1.75,N
38.25268,57.66744,309.6,0.39,0.36,2026-08-26,2210,N,nominal,2.0NRT,296.95,0.7,N
38.19355,58.05135,315.54,0.38,0.36,2026-08-26,2210,N,nominal,2.0NRT,294.53,1.54,N
37.59196,61.53168,301.83,0.44,0.38,2026-08-26,2210,N,nominal,2.0NRT,290.8,1.75,N
37.58636,61.56118,312.67,0.44,0.38,2026-08-26,2210,N,nominal,2.0NRT,293.63,1.09,N
37.58287,61.56014,320.21,0.44,0.38,2026-08-26,2210,N,nominal,2.0NRT,294.26,1.49,N
37.50006,61.99061,305.96,0.46,0.39,2026-08-26,2210,N,nominal,2.0NRT,291.03,1.06,N
37.5794,61.55911,302.14,0.44,0.38,2026-08-26,2210,N,nominal,2.0NRT,291.85,1.49,N
37.42547,62.31287,302.09,0.47,0.4,2026-08-26,2210,N,nominal,2.0NRT,288.69,0.39,N
37.42579,62.31149,301.59,0.47,0.4,2026-08-26,2210,N,nominal,2.0NRT,288.75,0.58,N
37.47993,62.0099,305.56,0.46,0.39,2026-08-26,2210,N,nominal,2.0NRT,291.3,1.04,N
37.42221,62.31038,299.94,0.47,0.4,2026-08-26,2210,N,nominal,2.0NRT,288.44,0.58,N
38.68249,54.31621,317.65,0.47,0.4,2026-08-26,2210,N,nominal,2.0NRT,297,1.27,N
38.67886,54.31548,312.8,0.47,0.4,2026-08-26,2210,N,nominal,2.0NRT,295.51,0.93,N
37.4993,61.84925,313.76,0.45,0.39,2026-08-26,2210,N,nominal,2.0NRT,293.86,1.41,N
37.49578,61.8482,315.78,0.45,0.39,2026-08-26,2210,N,nominal,2.0NRT,294.79,1.41,N
37.44491,62.07518,302.34,0.46,0.39,2026-08-26,2210,N,nominal,2.0NRT,289.57,0.87,N
37.39405,62.3184,301.39,0.47,0.4,2026-08-26,2210,N,nominal,2.0NRT,289.85,0.49,N
30.75525,56.65866,323.54,0.39,0.36,2026-08-26,2214,N,nominal,2.0NRT,294,1.41,N
38.64947,54.28203,332.04,0.47,0.4,2026-08-26,2210,N,nominal,2.0NRT,297.97,2.93,N
30.75589,56.65467,307.25,0.39,0.36,2026-08-26,2214,N,nominal,2.0NRT,294.33,1.41,N
38.06377,58.31417,302.11,0.38,0.36,2026-08-26,2210,N,nominal,2.0NRT,291.67,0.84,N
30.66659,56.62009,318.64,0.39,0.36,2026-08-26,2214,N,nominal,2.0NRT,291.02,1.54,N
37.94875,58.58915,305.2,0.38,0.36,2026-08-26,2210,N,nominal,2.0NRT,293.15,0.58,N
37.94239,58.56495,321.66,0.38,0.36,2026-08-26,2210,N,nominal,2.0NRT,295.84,2.01,N
37.62413,60.43991,306.3,0.41,0.37,2026-08-26,2210,N,nominal,2.0NRT,291.31,0.61,N
37.63529,60.33747,319.01,0.41,0.37,2026-08-26,2210,N,nominal,2.0NRT,291.21,1.46,N
37.63448,60.34203,304.37,0.41,0.37,2026-08-26,2210,N,nominal,2.0NRT,291.97,1.07,N
37.51271,61.01585,307.6,0.43,0.38,2026-08-26,2210,N,nominal,2.0NRT,292.49,0.91,N
37.61882,60.39034,306.75,0.41,0.37,2026-08-26,2210,N,nominal,2.0NRT,291.75,0.89,N
37.50412,61.02335,308.2,0.43,0.38,2026-08-26,2210,N,nominal,2.0NRT,291.93,0.72,N
37.34876,61.36628,310.46,0.44,0.38,2026-08-26,2210,N,nominal,2.0NRT,291.85,1.56,N
37.48581,60.4612,302.17,0.41,0.37,2026-08-26,2210,N,nominal,2.0NRT,288.55,0.64,N
37.11924,62.3651,324.99,0.48,0.4,2026-08-26,2210,N,nominal,2.0NRT,293.32,3.79,N
30.36874,56.12777,310.76,0.38,0.36,2026-08-26,2214,N,nominal,2.0NRT,291.95,1.19,N
37.11564,62.36399,322.68,0.48,0.4,2026-08-26,2210,N,nominal,2.0NRT,292.86,3.79,N
30.23466,56.90926,323.78,0.39,0.36,2026-08-26,2214,N,nominal,2.0NRT,294.25,2.03,N
37.82811,58.3844,319.32,0.38,0.36,2026-08-26,2210,N,nominal,2.0NRT,293.87,1.49,N
37.30654,61.12206,301.08,0.43,0.38,2026-08-26,2210,N,nominal,2.0NRT,289.36,1.11,N
30.32535,56.22906,306.72,0.38,0.36,2026-08-26,2214,N,nominal,2.0NRT,289.84,0.66,N
37.03405,62.41576,310.72,0.48,0.4,2026-08-26,2210,N,nominal,2.0NRT,292.76,2.63,N
37.03299,62.42111,311.23,0.48,0.4,2026-08-26,2210,N,nominal,2.0NRT,293.87,3.97,N
30.37992,55.86417,313.23,0.38,0.36,2026-08-26,2214,N,nominal,2.0NRT,291.99,1.04,N
37.21848,60.02182,328.13,0.4,0.37,2026-08-26,2212,N,nominal,2.0NRT,292.82,2.38,N
37.45259,57.68579,307.84,0.38,0.36,2026-08-26,2212,N,nominal,2.0NRT,291.6,1.22,N
29.47694,60.80862,305.97,0.54,0.42,2026-08-26,2214,N,nominal,2.0NRT,291.11,1.11,N
37.34147,58.04684,305.03,0.38,0.36,2026-08-26,2212,N,nominal,2.0NRT,289.39,0.97,N
36.47644,61.62305,306.64,0.46,0.39,2026-08-26,2212,N,nominal,2.0NRT,291.87,2.7,N
36.44036,61.2183,310.22,0.44,0.39,2026-08-26,2212,N,nominal,2.0NRT,293.17,1.49,N
30.32252,55.97215,312.84,0.38,0.36,2026-08-26,2214,N,nominal,2.0NRT,291.23,0.74,N
36.47686,59.74632,305.14,0.4,0.37,2026-08-26,2212,N,nominal,2.0NRT,290.28,0.77,N
36.99209,56.2315,305.09,0.4,0.37,2026-08-26,2212,N,nominal,2.0NRT,290.77,0.69,N
36.4955,59.33641,314.29,0.4,0.37,2026-08-26,2212,N,nominal,2.0NRT,289.76,0.66,N
37.0788,55.53986,301.85,0.41,0.37,2026-08-26,2212,N,nominal,2.0NRT,291.49,0.51,N
30.21536,55.98336,301.71,0.38,0.36,2026-08-26,2214,N,nominal,2.0NRT,289.59,1.33,N
30.21473,55.98731,307.84,0.38,0.36,2026-08-26,2214,N,nominal,2.0NRT,290.14,0.63,N
36.27156,59.6498,309.2,0.4,0.37,2026-08-26,2212,N,nominal,2.0NRT,292.33,0.86,N
36.23596,59.73323,299.36,0.41,0.37,2026-08-26,2212,N,nominal,2.0NRT,289.16,0.61,N
36.94681,54.888,328.08,0.43,0.38,2026-08-26,2212,N,nominal,2.0NRT,295.87,4.38,N
33.27002,71.31249,321.14,0.56,0.69,2026-08-26,2212,N,nominal,2.0NRT,291.23,2.72,N
33.2675,71.31137,320.75,0.57,0.69,2026-08-26,2212,N,nominal,2.0NRT,291.57,2.25,N
29.94791,56.73426,298.63,0.39,0.36,2026-08-26,2214,N,nominal,2.0NRT,288.13,0.65,N
32.88802,71.61938,305.79,0.6,0.71,2026-08-26,2212,N,nominal,2.0NRT,292.02,2.92,N
35.86369,57.99888,315.27,0.38,0.36,2026-08-26,2212,N,nominal,2.0NRT,289,1.11,N
29.92744,56.734,331.14,0.39,0.36,2026-08-26,2214,N,nominal,2.0NRT,293.2,3.53,N
36.29899,54.78621,308.38,0.43,0.38,2026-08-26,2212,N,nominal,2.0NRT,293.77,0.67,N
36.29552,54.78545,304.1,0.43,0.38,2026-08-26,2212,N,nominal,2.0NRT,293.16,0.67,N
36.32328,54.18742,301.29,0.45,0.39,2026-08-26,2212,N,nominal,2.0NRT,289.01,0.51,N
30.08315,55.39847,331.75,0.39,0.36,2026-08-26,2214,N,nominal,2.0NRT,294.39,5.76,N
35.36681,59.30672,312.4,0.4,0.37,2026-08-26,2212,N,nominal,2.0NRT,289.17,0.76,N
35.31657,59.48866,303.19,0.41,0.37,2026-08-26,2212,N,nominal,2.0NRT,291.51,0.86,N
29.98784,55.8559,326.2,0.38,0.36,2026-08-26,2214,N,nominal,2.0NRT,291.69,6.29,N
29.9885,55.85202,309.25,0.38,0.36,2026-08-26,2214,N,nominal,2.0NRT,286.48,6.29,N
29.98584,55.8474,296.09,0.38,0.36,2026-08-26,2214,N,nominal,2.0NRT,285.41,0.36,N
29.98131,55.85459,298.3,0.38,0.36,2026-08-26,2214,N,nominal,2.0NRT,288.05,0.73,N
29.9956,55.19777,306.71,0.39,0.36,2026-08-26,2214,N,nominal,2.0NRT,289.9,0.88,N
29.81088,55.75227,315.69,0.38,0.36,2026-08-26,2214,N,nominal,2.0NRT,290.22,0.93,N
29.69927,55.53547,302.62,0.38,0.36,2026-08-26,2214,N,nominal,2.0NRT,289.57,0.78,N
29.51197,55.79868,301.13,0.38,0.36,2026-08-26,2214,N,nominal,2.0NRT,289.78,0.45,N
29.15215,55.36802,317.94,0.38,0.36,2026-08-26,2214,N,nominal,2.0NRT,293.24,1.5,N
29.13355,55.38092,308.67,0.38,0.36,2026-08-26,2214,N,nominal,2.0NRT,293.87,1.65,N
29.20262,54.48331,304.19,0.39,0.36,2026-08-26,2214,N,nominal,2.0NRT,288.94,0.9,N
29.17247,54.61648,313.06,0.39,0.36,2026-08-26,2214,N,nominal,2.0NRT,294.57,1.28,N
28.64458,54.39703,302.78,0.39,0.36,2026-08-26,2214,N,nominal,2.0NRT,290.3,0.56,N
27.42444,56.50171,310.66,0.4,0.37,2026-08-26,2214,N,nominal,2.0NRT,300.62,1.12,N
27.42111,56.50101,320.66,0.4,0.37,2026-08-26,2214,N,nominal,2.0NRT,300.65,1.12,N
27.30343,56.30574,314.19,0.39,0.36,2026-08-26,2214,N,nominal,2.0NRT,300.83,0.83,N
27.16864,56.09748,328.09,0.39,0.36,2026-08-26,2214,N,nominal,2.0NRT,302.54,2.39,N
27.17176,56.05774,323.18,0.39,0.36,2026-08-26,2214,N,nominal,2.0NRT,302.01,1.66,N
27.16909,56.05315,331.22,0.39,0.36,2026-08-26,2214,N,nominal,2.0NRT,302.89,1.66,N
27.16844,56.05705,325.29,0.39,0.36,2026-08-26,2214,N,nominal,2.0NRT,301.52,1.66,N
27.16136,56.10002,339.37,0.39,0.36,2026-08-26,2214,N,nominal,2.0NRT,302.8,3.46,N
27.16071,56.10393,326.97,0.39,0.36,2026-08-26,2214,N,nominal,2.0NRT,302.32,3.46,N
27.16191,56.0759,314.58,0.39,0.36,2026-08-26,2214,N,nominal,2.0NRT,301.38,1.35,N
27.1455,56.11292,322.08,0.39,0.36,2026-08-26,2214,N,nominal,2.0NRT,301.41,1.58,N
26.95673,55.54247,316.11,0.39,0.36,2026-08-26,2214,N,nominal,2.0NRT,303.22,1.07,N
25.97397,56.0717,322.62,0.39,0.37,2026-08-26,2214,N,nominal,2.0NRT,305.5,1.11,N
25.97462,56.0678,313.5,0.39,0.37,2026-08-26,2214,N,nominal,2.0NRT,303.48,1.11,N
25.90385,54.53141,318.29,0.38,0.36,2026-08-26,2214,N,nominal,2.0NRT,301.27,0.68,N
25.57019,55.98886,315.36,0.4,0.37,2026-08-26,2214,N,nominal,2.0NRT,303.9,1.12,N
25.55684,55.98612,314.46,0.4,0.37,2026-08-26,2214,N,nominal,2.0NRT,303.56,1.13,N
25.70238,54.30239,320.58,0.39,0.36,2026-08-26,2214,N,nominal,2.0NRT,299.41,6.39,N
25.30971,56.37259,322.7,0.4,0.37,2026-08-26,2214,N,nominal,2.0NRT,301.71,2.35,N
25.15617,55.24087,315.94,0.39,0.36,2026-08-26,2214,N,nominal,2.0NRT,303.65,1.2,N
24.9903,55.62775,329.84,0.39,0.36,2026-08-26,2214,N,nominal,2.0NRT,304.63,1.88,N
24.50766,56.60619,331.89,0.42,0.37,2026-08-26,2214,N,nominal,2.0NRT,302.34,3.53,N
24.50695,56.61026,314.8,0.42,0.37,2026-08-26,2214,N,nominal,2.0NRT,302.32,1.94,N
24.50424,56.60549,335.82,0.42,0.37,2026-08-26,2214,N,nominal,2.0NRT,303.81,3.53,N
24.50637,56.5933,317.49,0.42,0.37,2026-08-26,2214,N,nominal,2.0NRT,303.1,1.37,N
24.50353,56.60955,312.83,0.42,0.37,2026-08-26,2214,N,nominal,2.0NRT,301.34,1.94,N
24.47171,56.63373,315.61,0.42,0.37,2026-08-26,2214,N,nominal,2.0NRT,301.09,1.08,N
24.45361,56.55405,312,0.41,0.37,2026-08-26,2214,N,nominal,2.0NRT,301.7,1.81,N
24.33022,54.47124,315.92,0.38,0.36,2026-08-26,2214,N,nominal,2.0NRT,292.9,2.96,N
24.00333,55.44025,317.23,0.39,0.36,2026-08-26,2214,N,nominal,2.0NRT,303.88,1.82,N
23.36664,56.28077,321.45,0.42,0.37,2026-08-26,2216,N,nominal,2.0NRT,302.44,1.89,N
22.65778,59.40765,311.09,0.39,0.44,2026-08-26,2216,N,nominal,2.0NRT,300.33,1.04,N
23.1918,55.45683,331.16,0.4,0.37,2026-08-26,2216,N,nominal,2.0NRT,303.58,2.02,N
23.31229,54.17804,340.85,0.38,0.36,2026-08-26,2216,N,nominal,2.0NRT,303.78,3.85,N
23.27883,54.26017,331.79,0.38,0.36,2026-08-26,2216,N,nominal,2.0NRT,303.62,2.16,N
23.27943,54.25644,314.44,0.38,0.36,2026-08-26,2216,N,nominal,2.0NRT,303.76,2.16,N
22.92606,55.80379,317.99,0.41,0.37,2026-08-26,2216,N,nominal,2.0NRT,301.81,1.34,N
22.88079,55.92513,315.73,0.41,0.37,2026-08-26,2216,N,nominal,2.0NRT,300.99,0.81,N
22.8774,55.92446,335.72,0.41,0.37,2026-08-26,2216,N,nominal,2.0NRT,302.21,4.38,N
22.87383,55.61298,329.6,0.4,0.37,2026-08-26,2216,N,nominal,2.0NRT,300.86,2.48,N
22.87317,55.61686,319.67,0.4,0.37,2026-08-26,2216,N,nominal,2.0NRT,299.97,0.94,N
22.407,56.98977,331.69,0.45,0.39,2026-08-26,2216,N,nominal,2.0NRT,299.82,3.27,N
22.44368,56.70082,326.53,0.44,0.38,2026-08-26,2216,N,nominal,2.0NRT,300.37,2.47,N
22.44019,56.70011,310.77,0.44,0.38,2026-08-26,2216,N,nominal,2.0NRT,299.2,2.47,N
22.32785,56.49012,332.75,0.43,0.38,2026-08-26,2216,N,nominal,2.0NRT,300.72,3.5,N
22.32725,56.47277,328.51,0.43,0.38,2026-08-26,2216,N,nominal,2.0NRT,300.54,1.95,N
21.93803,57.07311,337.06,0.46,0.39,2026-08-26,2216,N,nominal,2.0NRT,298.09,3.91,N
21.89163,56.84885,320.64,0.45,0.39,2026-08-26,2216,N,nominal,2.0NRT,299.51,1.6,N
21.83441,56.67927,322.86,0.44,0.39,2026-08-26,2216,N,nominal,2.0NRT,299.84,1.41,N
21.66349,56.41233,310.13,0.44,0.38,2026-08-26,2216,N,nominal,2.0NRT,299.37,0.85,N
21.33349,57.72184,312.23,0.5,0.41,2026-08-26,2216,N,nominal,2.0NRT,295.21,1.18,N
21.32144,57.7243,315.14,0.5,0.41,2026-08-26,2216,N,nominal,2.0NRT,295.27,1.29,N
21.31422,57.74273,317.76,0.5,0.41,2026-08-26,2216,N,nominal,2.0NRT,295.14,1.7,N
21.31334,57.74754,318.59,0.5,0.41,2026-08-26,2216,N,nominal,2.0NRT,295.02,1.7,N
21.30365,57.80068,312.7,0.51,0.41,2026-08-26,2216,N,nominal,2.0NRT,295.49,0.76,N
21.30961,57.74676,304.9,0.5,0.41,2026-08-26,2216,N,nominal,2.0NRT,294.54,1.7,N
21.29866,57.67981,307.45,0.5,0.41,2026-08-26,2216,N,nominal,2.0NRT,294.65,0.68,N
21.33325,56.69981,336.53,0.45,0.39,2026-08-26,2216,N,nominal,2.0NRT,303.6,10.42,N
21.0008,56.53328,330.71,0.45,0.39,2026-08-26,2216,N,nominal,2.0NRT,299.42,3.45,N
20.55979,56.42105,307.21,0.45,0.39,2026-08-26,2216,N,nominal,2.0NRT,296.82,0.45,N
20.39003,55.66331,326.33,0.42,0.38,2026-08-26,2216,N,nominal,2.0NRT,298.89,1.68,N
20.38659,55.66264,311.71,0.42,0.38,2026-08-26,2216,N,nominal,2.0NRT,297.65,1.68,N
20.38588,55.64602,327.54,0.42,0.38,2026-08-26,2216,N,nominal,2.0NRT,298.46,1.91,N
20.21207,55.71308,323.56,0.42,0.38,2026-08-26,2216,N,nominal,2.0NRT,297.56,1.74,N
18.56124,55.86861,314.81,0.45,0.39,2026-08-26,2216,N,nominal,2.0NRT,294.87,1.1,N
18.55697,55.87212,304.15,0.45,0.39,2026-08-26,2216,N,nominal,2.0NRT,293.9,0.52,N
18.32213,55.1067,339.2,0.42,0.38,2026-08-26,2216,N,nominal,2.0NRT,299.95,3.2,N
18.02254,54.5735,337.26,0.41,0.37,2026-08-26,2216,N,nominal,2.0NRT,300.33,7.08,N
18.01915,54.57288,338.41,0.41,0.37,2026-08-26,2216,N,nominal,2.0NRT,297.81,4.46,N
18.01576,54.57225,323.48,0.41,0.37,2026-08-26,2216,N,nominal,2.0NRT,300.59,4.46,N
18.01238,54.57163,333.98,0.41,0.37,2026-08-26,2216,N,nominal,2.0NRT,302.43,13.21,N
